   Compiling radiant v0.1.0 (/Users/portalsurfer/.codex/worktrees/opt-1390-resource-interests-radiant)
    Finished `test` profile [unoptimized + debuginfo] target(s) in 36.95s
     Running tests/app_runtime_api.rs (/Users/portalsurfer/.codex/radiant-validation/target/debug/deps/app_runtime_api-7276a685fadb0232)

running 73 tests
test render_canvas::app_render_canvas_capabilities_helper_preserves_capabilities ... ok
test render_canvas::app_render_canvas_builder_lowers_through_normal_view_path ... ok
test lifecycle::startup_and_exit::app_startup_runs_once_when_repaint_signal_is_reinstalled ... ok
test render_canvas::app_configured_render_canvas_parts_preserve_capabilities_and_overlays ... ok
test lifecycle::animation::animation_activity_poll_is_reused_for_frame_queue ... ok
test paint_overlay::app_transient_overlay_painter_reads_state_and_cached_plan ... ok
test runtime_diagnostics::disabled_update_handler_diagnostics_skip_timing_records ... ok
test runtime_diagnostics::update_handler_diagnostics_policy_exposes_mode_and_threshold ... ok
test runtime_diagnostics::update_handler_diagnostics_record_handler_and_message_identity ... ok
test paint_overlay::paint_only_command_skips_surface_reprojection ... ok
test runtime_work::surface_runtime_uses_bridge_drain_into_hooks_for_runtime_work ... ok
test render_canvas::app_render_canvas_input_parts_route_through_normal_message_path ... ok
test lifecycle::animation::polling_animation_activity_does_not_queue_frame_messages ... ok
test runtime_diagnostics::lifecycle_diagnostics_are_available_from_runtime_and_default_is_unknown ... ok
test runtime_diagnostics::business_worker_runtime_is_not_counted_as_slow_ui_handler ... ok
test lifecycle::animation::active_animation_frame_messages_are_coalesced_until_drained ... ok
test runtime_work::background_message_drains_are_budgeted_to_preserve_ui_responsiveness ... ok
test paint_overlay::app_scene_overlay_capability_survives_an_initial_projection_without_overlay ... ok
test shortcuts::shortcut_layer_public_api_handles_modal_layers_and_dynamic_fallbacks ... ok
test scroll_hooks::declarative_virtual_list_window_change_routes_through_update ... ok
test render_canvas::app_render_canvas_input_helper_routes_through_normal_message_path ... ok
test lifecycle::startup_and_exit::app_runtime_effects_stop_after_runtime_exit ... ok
test runtime_diagnostics::strict_update_handler_diagnostics_panic_after_recording_slow_handler ... ok
test scroll_hooks::declarative_virtual_list_bottom_scroll_keeps_rows_materialized ... ok
test scroll_hooks::app_scroll_hook_observes_runtime_scroll_offsets ... ok
test tasks_platform::business_runtime_builds_named_priority_lanes ... ok
test shortcuts::scene_shortcut_fallback_handles_dynamic_keys ... ok
test lifecycle::startup_and_exit::app_startup_commands_use_full_runtime_dispatch ... ok
test shortcuts::scene_shortcuts_dispatch_messages_before_focused_widget_key_routing ... ok
test shortcuts::undo_history_public_api_wraps_state_mutations_and_shortcuts ... ok
test shortcuts::scene_modal_shortcut_layer_consumes_unmatched_keys ... ok
test tasks_platform::business_runtime_can_submit_cancellable_latest_work ... ok
test tasks_platform::business_admission_receipt_is_pending_until_controller_admission ... ok
test tasks_platform::business_run_accepts_ui_local_mapper_capture ... ok
test scroll_hooks::app_scroll_hook_observes_scrollbar_drag_offsets ... ok
test shortcuts::scene_shortcuts_fall_back_to_app_builder_shortcuts_when_unhandled ... ok
test shortcuts::wrapped_scene_projection_preserves_shortcuts ... ok
test tasks_platform::business_runtime_cancellable_work_exposes_worker_context ... ok
test shortcuts::nested_scene_projection_preserves_presentation_and_shortcut_precedence ... ok
test shortcuts::app_shortcuts_dispatch_messages_before_focused_widget_key_routing ... ok
test tasks_platform::business_runtime_priority_helper_composes_with_resource_policies ... ok
test tasks_platform::business_runtime_priority_helper_uses_host_selected_lane ... ok
test tasks_platform::business_runtime_resource_request_returns_typed_completion ... ok
test tasks_platform::business_worker_result_maps_to_non_send_ui_message ... ok
test tasks_platform::app_platform_completion_is_deferred_and_mapped_once_on_ui_owner ... ok
test tasks_platform::cancellable_owner_latest_coalesced_stream_api_accepts_ui_local_mappers_and_token_clone ... ok
test tasks_platform::cancellable_owner_latest_one_shot_api_accepts_ui_local_mapper_and_token_clone ... ok
test tasks_platform::cancellable_owner_latest_ordered_stream_api_accepts_ui_local_mappers_and_token_clone ... ok
test tasks_platform::cancellable_owner_ordered_stream_api_accepts_ui_local_mappers_and_token_clone ... ok
test tasks_platform::confirm_dialog_supports_named_parts_construction ... ok
test tasks_platform::owner_coalesced_stream_business_api_accepts_ui_local_mappers ... ok
test tasks_platform::owner_keyed_latest_business_api_preserves_key_ticket_receipt_and_ui_mapper ... ok
test tasks_platform::owner_keyed_latest_coalesced_stream_api_accepts_ui_local_mappers ... ok
test tasks_platform::business_runtime_can_submit_cancellable_work ... ok
test tasks_platform::business_runtime_keyed_latest_tags_completion_with_key_and_ticket ... ok
test tasks_platform::business_work_context_is_explicit_runtime_api_not_prelude_app_api ... ok
test tasks_platform::cancellable_owner_coalesced_stream_api_accepts_ui_local_mappers_and_token_clone ... ok
test tasks_platform::cancellable_owner_one_shot_api_accepts_ui_local_mapper_and_token_clone ... ok
test tasks_platform::latest_admission_receipt_preserves_ticket_ordering ... ok
test tasks_platform::latest_task_tracks_current_ticket_and_tags_spawned_completion ... ok
test tasks_platform::one_shot_business_families_accept_ui_local_mappers ... ok
test tasks_platform::owner_keyed_latest_ordered_stream_api_preserves_key_ticket_fifo_receipt_and_ui_mappers ... ok
test tasks_platform::owner_latest_business_worker_api_preserves_ticket_and_pending_receipt ... ok
test tasks_platform::owner_latest_coalesced_business_stream_api ... ok
test tasks_platform::owner_ordered_stream_business_api_accepts_ui_local_mappers ... ok
test tasks_platform::platform_helpers_accept_ui_local_completion_capture_and_message ... ok
test tasks_platform::owner_latest_business_stream_api_preserves_ticket_and_pending_receipt ... ok
test tasks_platform::platform_response_helpers_cover_common_request_outcomes ... ok
test tasks_platform::streaming_business_families_use_worker_effects_with_ui_local_mappers ... ok
test tasks_platform::ui_update_context_accepts_task_priority_hints ... ok
test tasks_platform::ui_update_context_exposes_drag_session_cleanup_helper ... ok
test tasks_platform::ui_update_context_exposes_platform_service_helpers ... ok
test tasks_platform::ui_update_context_schedules_delayed_latest_messages ... ok

test result: ok. 73 passed; 0 failed; 0 ignored; 0 measured; 0 filtered out; finished in 0.02s

     Running tests/application_builder_public_api.rs (/Users/portalsurfer/.codex/radiant-validation/target/debug/deps/application_builder_public_api-554e22708dd52fc3)

running 220 tests
test builder_core::application_view_projection_is_repeatable_over_immutable_host_state ... ok
test builder_core::application_builder_named_shortcut_resolver_uses_prelude_focus_surface ... ok
test builder_core::application_view_builders_lower_into_runtime_surface_nodes ... ok
test builder_core::application_bridge_pulls_owned_surfaces_for_runtime_projection ... ok
test builder_core::application_builder_accepts_widgets_through_widget_view_trait ... ok
test builder_core::application_builders_scope_keys_and_bind_text_inputs_to_state_fields ... ok
test collection_layout::application_builder_list_row_id_uses_direct_numeric_identity ... ok
test collection_layout::application_builder_styled_containers_use_default_panel_padding ... ok
test collection_layout::application_builder_wrap_flows_fixed_width_items_to_new_rows ... ok
test collection_layout::application_builder_grid_lowers_to_fixed_column_tile_layout ... ok
test collection_layout::application_builder_default_containers_use_dense_spacing ... ok
test collection_layout::application_builder_virtual_list_window_projects_only_materialized_rows ... ok
test collection_layout::application_builder_toolbar_splits_main_and_trailing_controls ... ok
test collection_layout::tree_list_items_support_named_parts_construction ... ok
test composition::labeled_controls::application_builder_labeled_control_routes_inner_control ... ok
test collection_layout::application_builder_virtual_list_materialized_windowed_uses_preloaded_rows ... ok
test composition::layouts::application_split_pane_defaults_match_the_shared_geometry_contract ... ok
test composition::labeled_controls::application_builder_labeled_control_supports_named_overrides ... ok
test collection_layout::application_builder_lists_keep_row_heights_stable_across_item_counts ... ok
test composition::layouts::application_split_pane_is_a_static_two_child_builder_with_identity_continuity ... ok
test composition::layouts::floating_layer_anchor_parts_support_named_interactive_construction ... ok
test composition::layouts::centered_layer_parts_support_named_construction ... ok
test builder_core::application_builders_support_message_callbacks_scroll_and_sizing_helpers ... ok
test composition::layouts::application_split_pane_runtime_ratio_opt_ins_keep_static_policy_and_fallback_geometry ... ok
test composition::layouts::application_builder_todo_layout_does_not_overlap_header_input_and_list ... ok
test composition::layouts::application_builder_centered_layer_centers_fixed_size_child ... ok
test composition::menus::application_builder_menu_height_matches_compact_menu_layout ... ok
test composition::panel_sections::application_builder_panel_section_supports_convenience_constructor ... ok
test composition::menus::application_builder_drag_preview_paints_as_non_widget_overlay ... ok
test composition::layouts::floating_layer_anchor_helpers_position_content_around_trigger ... ok
test composition::panel_sections::application_builder_panel_section_applies_fixed_height_and_routes_trailing_action ... ok
test collection_layout::application_builder_virtual_tree_list_windowed_uses_window_messages ... ok
test composition::menus::application_builder_context_menu_exports_compact_default ... ok
test composition::menus::application_builder_local_drop_marker_paints_at_local_offset ... ok
test composition::panel_sections::panel_section_parts_support_named_overrides ... ok
test composition::panel_sections::panel_section_layer_exports_anchored_panel_geometry ... ok
test composition::property_panels::application_builder_property_panel_read_only_rows_do_not_join_focus_order ... ok
test composition::menus::application_builder_context_menu_exposes_fluent_advanced_configuration ... ok
test composition::panel_sections::panel_section_header_parts_builds_standard_resize_header ... ok
test composition::property_panels::property_rows_support_named_parts_construction ... ok
test composition::property_panels::application_builder_property_rows_can_compose_without_panel_shell ... ok
test composition::property_panels::message_property_panel_accepts_ui_local_projection_mapper ... ok
test composition::property_panels::application_builder_property_panel_routes_row_selection ... ok
test composition::menus::application_builder_context_menu_overlay_routes_items ... ok
test controls::core_widgets::application_text_builders_accept_static_owned_and_shared_content ... ok
test controls::core_widgets::color_marker_is_prelude_accessible_and_passive ... ok
test controls::core_widgets::button_row_groups_app_owned_buttons_with_compact_geometry ... ok
test controls::core_widgets::button_builder_can_filter_secondary_activation_and_map_drag ... ok
test controls::core_widgets::dynamic_button_mappers_keep_secondary_and_filtered_behavior ... ok
test controls::core_widgets::application_builder_dense_control_panel_uses_generic_focusable_widgets ... ok
test controls::core_widgets::application_builders_expose_padding_style_and_text_policy_helpers ... ok
test controls::core_widgets::constant_button_message_maps_all_enabled_button_outputs ... ok
test controls::core_widgets::feedback_overlay_is_prelude_accessible_and_passive ... ok
test controls::core_widgets::interactive_row_builder_can_create_custom_input_layer_widget ... ok
test controls::core_widgets::concise_toggle_builders_keep_checked_only_host_messages ... ok
test controls::core_widgets::constant_button_message_accepts_rc_backed_ui_message ... ok
test controls::core_widgets::interactive_row_builder_exposes_drag_source_configuration ... ok
test controls::core_widgets::mapped_control_accepts_ui_local_capture ... ok
test controls::core_widgets::marker_run_colors_is_prelude_accessible_and_passive ... ok
test controls::core_widgets::passive_badge_is_prelude_accessible_and_does_not_emit_messages ... ok
test controls::core_widgets::marker_run_is_prelude_accessible_and_passive ... ok
test composition::panel_sections::closeable_dialog_layer_parts_route_standard_close_button_message ... ok
test composition::panel_sections::closeable_panel_section_layer_routes_standard_close_button_message ... ok
test controls::core_widgets::labeled_icon_button_projects_exact_automation_label_without_changing_tooltip_or_focus ... ok
test composition::panel_sections::closeable_panel_section_routes_standard_close_button_message ... ok
test controls::core_widgets::icon_button_builder_supports_message_and_passive_apps ... ok
test collection_layout::message_tree_list_accepts_ui_local_projection_mappers ... ok
test controls::core_widgets::qualified_knob_edit_builders_forward_complete_batches ... ok
test controls::core_widgets::qualified_slider_edit_builders_forward_complete_batches ... ok
test controls::core_widgets::selectable_builder_supports_color_marker_adornment ... ok
test controls::core_widgets::qualified_slider_domain_builder_maps_outputs_and_formats_domain_values ... ok
test controls::core_widgets::qualified_knob_domain_builder_maps_lifecycle_and_cached_domain_default ... ok
test controls::core_widgets::official_numeric_builder_formats_are_display_only_and_default_text_is_stable ... ok
test composition::panel_sections::dialog_layer_helpers_project_standard_dialogs ... ok
test controls::core_widgets::scrollbar_builder_maps_edit_lifecycle_and_legacy_offsets_without_double_emission ... ok
test controls::dropdown_overlay::dismiss_overlay_accepts_rc_backed_ui_message ... ok
test controls::dropdown::application_builder_dropdown_trigger_exports_and_routes_message ... ok
test controls::form_widgets::text_input_builder_can_seed_selection_and_route_full_input_events ... ok
test controls::dropdown::application_builder_gallery_widgets_lower_and_route_messages ... ok
test controls::form_widgets::application_builders_expose_interactive_row_scrollbar_icon_button_and_compact_slider ... ok
test controls::form_widgets::text_input_builder_exposes_qualified_revision_authority ... ok
test controls::interactive_row::interaction_provenance_is_available_from_widget_and_common_preludes ... ok
test controls::dropdown::application_builder_dropdown_exports_and_routes_messages ... ok
test controls::interactive_row::interactive_row_metadata_is_available_from_prelude ... ok
test controls::form_widgets::text_input_clear_button_builder_keeps_clear_slot_stable_and_routes_messages ... ok
test controls::form_widgets::text_input_clear_button_builder_supports_mapped_clear_messages ... ok
test controls::interactive_row::knob_keyboard_metadata_and_compatibility_constructor_are_available_from_prelude ... ok
test controls::core_widgets::typed_toggle_builders_forward_complete_provenance_payloads ... ok
test controls::interactive_row::knob_pointer_metadata_and_message_accessor_are_available_from_prelude ... ok
test controls::interactive_row::knob_wheel_metadata_and_compatibility_constructor_are_available_from_prelude ... ok
test controls::interactive_row::dense_row_policy_is_available_from_prelude ... ok
test controls::core_widgets::typed_button_builders_forward_complete_provenance_payloads ... ok
test controls::interactive_row::interactive_row_actions_are_available_from_prelude ... ok
test controls::tree_row::tree_row_toggle_accepts_rc_backed_ui_message ... ok
test controls::tree_row::tree_row_local_actions_accept_ui_only_capture ... ok
test controls::interactive_row::local_interactive_row_actions_accept_ui_only_capture ... ok
test controls::tree_row::tree_row_builder_is_available_from_prelude ... ok
test controls::option_list::compact_option_list_exports_conditional_mapping_and_floating_placement ... ok
test controls::option_list::compact_option_list_exports_selected_primary_secondary_rows ... ok
test controls::option_list::compact_option_list_exports_fluent_interaction_and_placement ... ok
test details::compact_details_cell_exposes_details_list_cell_sizing ... ok
test details::compact_details_header_accepts_ui_local_resize_mapper ... ok
test details::compact_details_anchored_cell_exposes_fluent_normal_path ... ok
test details::compact_details_header_row_exposes_details_list_header_chrome ... ok
test details::compact_details_row_exposes_details_list_density ... ok
test details::details_columns_use_logical_widths ... ok
test details::details_column_drag_helpers_cover_resize_and_reorder_state ... ok
test details::details_sort_supports_named_parts_construction ... ok
test details::details_width_edit_api_preserves_transactions_and_legacy_width_projection ... ok
test prelude_exports::advanced_apis_remain_public_through_their_owning_modules ... ok
test prelude_exports::native_run_reports_require_an_explicit_runtime_import ... ok
test details::details_rows_support_named_parts_construction ... ok
test prelude_exports::native_run_reports_expose_surface_out_of_memory_compatibly ... ok
test prelude_exports::native_initialization_errors_are_public_and_stably_formatted ... ok
test details::compact_resizable_details_header_cell_builds_standard_interactive_cell ... ok
test prelude_exports::prelude_exports_custom_widget_authoring_contract ... ok
test details::message_details_list_accepts_ui_local_projection_mappers ... ok
test prelude_exports::prelude_exports_auxiliary_window_projection_payloads ... ok
test prelude_exports::prelude_exports_children_builder_for_optional_container_children ... ok
test prelude_exports::prelude_exports_drag_preview_sizing_payload ... ok
test prelude_exports::prelude_exports_list_selection_controller ... ok
test prelude_exports::hello_world_example_stays_on_application_builders ... ok
test prelude_exports::prelude_exports_native_file_drop_callback_payloads ... ok
test prelude_exports::prelude_exports_revision_counter ... ok
test prelude_exports::prelude_exports_direct_custom_widget_builder ... ok
test prelude_exports::prelude_exports_application_chrome_models ... ok
test prelude_exports::prelude_exports_typed_frame_rate ... ok
test prelude_exports::prelude_exports_scroll_update_callback_payload ... ok
test prelude_exports::prelude_exports_typed_state_continuity_helper ... ok
test prelude_exports::prelude_supports_hello_world_imports ... ok
test composition::layouts::application_split_pane_collapse_policy_is_additive_and_runtime_owned ... ok
test prelude_exports::prelude_views_can_prepare_test_frames_directly ... ok
test prelude_exports::prelude_views_can_dispatch_widget_outputs_directly ... ok
test prelude_exports::runtime_exports_embedded_vello_renderer_contract ... ok
test prelude_exports::prelude_views_can_resolve_layout_directly ... ok
test prelude_exports::view_node_tooltip_opt_is_available_from_prelude_views ... ok
test prelude_exports::view_node_overlay_helpers_are_available_from_prelude_views ... ok
test prelude_exports::svg_parse_errors_require_an_explicit_runtime_import ... ok
test composition::layouts::application_runtime_owned_split_lowers_the_private_divider_target ... ok
test prelude_exports::prelude_views_can_dispatch_widget_inputs_directly ... ok
test prelude_exports::prelude_keeps_custom_widget_signature_types_and_runtime_owns_paint_construction ... ok
test prelude_exports::prelude_exports_renderer_neutral_render_canvas_builder ... ok
test controls::core_widgets::scrollbar_runtime_pins_focused_wheel_burst_through_controlled_echo_and_pointer_exit ... ok
test controls::form_widgets::keyed_runtime_icon_buttons_reproject_active_and_disabled_markers ... ok
test runtime_behavior::animation::frame_clock_origin_takes_precedence_over_ordinary_repaint_policy ... ok
test controls::dropdown::keyed_runtime_dropdown_reprojects_active_state_false_true_false ... ok
test runtime_behavior::animation::presentation_frame_clock_can_cap_frame_message_rate ... ok
test runtime_behavior::animation::animated_transient_overlay_can_cap_paint_only_frame_rate ... ok
test controls::dropdown_overlay::application_builder_dropdown_overlay_routes_above_dismiss_layer ... ok
test runtime_behavior::animation::app_frame_animation_keeps_native_cadence_when_overlay_is_capped ... ok
test runtime_behavior::animation::animated_transient_overlay_uses_paint_only_frame_activity ... ok
test runtime_behavior::animation::presentation_frame_clock_surface_revisions_request_projection_only_refresh ... ok
test composition::layouts::application_runtime_owned_split_settled_mapper_survives_same_identity_refresh ... ok
test runtime_behavior::animation::presentation_transient_overlay_uses_paint_only_frame_activity ... ok
test runtime_behavior::animation::presentation_frame_clock_without_repaint_scope_requests_surface_after_frame_update ... ok
test runtime_behavior::animation::presentation_transient_overlay_can_cap_paint_only_frame_rate ... ok
test composition::layouts::runtime_ratio_modes_reconcile_through_one_mounted_slot ... ok
test runtime_behavior::animation::presentation_transient_overlay_duplicate_key_replaces_in_place ... ok
test runtime_behavior::animation::presentation_frame_clock_repaint_scope_requests_paint_only_after_frame_update ... ok
test runtime_behavior::animation::application_builder_animation_frames_route_through_public_app_path ... ok
test runtime_behavior::animation::presentation_frame_clock_can_use_state_dependent_frame_message_rate ... ok
test runtime_behavior::animation::scene_frame_clock_stays_idle_when_inactive ... ok
test runtime_behavior::animation::presentation_transient_overlays_coexist_in_declaration_order_and_reuse_base_refresh ... ok
test runtime_behavior::animation::presentation_frame_clock_queues_frame_messages ... ok
test runtime_behavior::animation::scene_frame_clock_without_repaint_scope_requests_surface_after_frame_update ... ok
test runtime_behavior::animation::scene_frame_clock_queues_frame_message_when_active ... ok
test runtime_behavior::animation::prelowered_view_projection_preserves_scene_frame_clock ... ok
test runtime_behavior::animation::metadata_free_projection_clears_previous_scene_lifecycle ... ok
test runtime_behavior::animation::revision_backed_frame_drain_projects_once_and_reuses_layout ... ok
test runtime_behavior::animation::scene_transient_overlay_requests_paint_only_frames ... ok
test runtime_behavior::animation::scene_transient_overlay_respects_target_fps ... ok
test runtime_behavior::animation::scene_presentation_preserves_base_widget_hit_testing ... ok
test runtime_behavior::state_updates::handle_message_exposes_ui_update_context_with_clear_app_api_name ... ok
test runtime_behavior::state_updates::ordinary_handler_explicit_paint_only_is_not_upgraded_to_surface_repaint ... ok
test runtime_behavior::state_updates::ordinary_handler_explicit_surface_repaint_is_preserved ... ok
test runtime_behavior::state_updates::ordinary_handler_without_repaint_command_requests_surface_repaint_by_default ... ok
test runtime_behavior::animation::wrapped_scene_projection_preserves_frame_clock_and_transient_overlay ... ok
test runtime_behavior::state_updates::handle_message_is_the_only_context_aware_app_handler_name ... ok
test runtime_behavior::state_updates::repaint_policy_none_disables_ordinary_message_automatic_repaint ... ok
test runtime_behavior::animation::scene_transient_overlays_gate_painters_independently_and_retain_active_cadence ... ok
test runtime_options::launch_builders::launch_builders_expose_devtools_overlay_policy ... ok
test runtime_behavior::animation::scene_transient_overlay_samples_stateful_activity_once_and_falls_back_once ... ok
test runtime_options::launch_builders::launch_builders_expose_embedded_font_policy ... ok
test runtime_options::launch_builders::window_builder_exposes_typed_frame_rate_policy ... ok
test runtime_options::native_run_options::defaults::native_run_options_default_uses_generic_radiant_title ... ok
test runtime_options::launch_builders::launch_builders_expose_prewarmed_popup_policy ... ok
test runtime_behavior::state_updates::preserve_state_keeps_compatible_button_state_through_sibling_reorder ... ok
test runtime_behavior::animation::scene_presentation_merges_with_layer_projection_without_affecting_input ... ok
test runtime_behavior::state_updates::repaint_policy_can_skip_frame_messages ... ok
test runtime_behavior::focus::application_builder_ui_update_context_can_move_keyboard_focus ... ok
test runtime_behavior::state_updates::preserve_state_reappearance_starts_widget_state_fresh_after_disappearance ... ok
test runtime_options::native_run_options::defaults::native_run_options_expose_layout_debug_overlay_policy ... ok
test runtime_options::native_run_options::defaults::native_run_options_expose_platform_neutral_drag_and_drop_policy ... ok
test runtime_options::native_run_options::defaults::native_run_options_normalize_animation_frame_rate_policy ... ok
test runtime_options::native_run_options::policies::native_run_options_expose_devtools_overlay_policy ... ok
test runtime_behavior::state_updates::stateful_app_builder_projects_updates_and_preserves_context_requests ... ok
test runtime_options::native_run_options::policies::native_run_options_expose_floating_popup_policy ... ok
test runtime_options::native_run_options::policies::native_run_options_expose_prewarmed_popup_policy ... ok
test runtime_options::native_run_options::policies::native_run_options_expose_gpu_backend_policy ... ok
test runtime_options::native_run_options::policies::native_run_options_expose_retained_surface_cache_policy ... ok
test runtime_options::native_run_options::policies::native_run_options_expose_utility_window_policy ... ok
test runtime_options::native_run_options::policies::native_run_options_expose_text_font_policy ... ok
test runtime_options::native_run_options::validation::native_run_options_validate_direct_launch_geometry ... ok
test runtime_options::window_manifest::window_manifest_rejects_duplicate_window_keys ... ok
test runtime_options::window_manifest::window_manifest_rejects_empty_window_keys ... ok
test runtime_options::window_manifest::window_manifest_rejects_invalid_window_geometry ... ok
test runtime_options::window_manifest::window_manifest_validates_stable_unique_window_keys ... ok
test runtime_options::window_specs::window_specs_describe_multiple_windows_without_opening_runtime ... ok
test runtime_options::window_specs::window_specs_describe_floating_popup_windows ... ok
test runtime_options::window_specs::window_specs_describe_prewarmed_popup_windows ... ok
test runtime_options::window_specs::window_specs_describe_utility_windows ... ok
test runtime_options::window_specs::window_specs_expose_typed_frame_rate_and_preserve_custom_target_fps ... ok
test runtime_options::native_run_options::validation::native_runtime_rejects_invalid_options_before_platform_startup ... ok
test runtime_options::window_specs::window_specs_support_named_parts_construction ... ok
test typography::application_builder_text_policy_modifiers_use_widget_contract ... ok
test typography::application_builder_text_line_builds_truncating_fixed_height_text ... ok
test typography::application_builder_typography_helpers_lower_text_policies_and_baselines ... ok
test runtime_behavior::state_updates::preserve_state_cleans_incompatible_replacement_before_strict_audit ... ok
test runtime_behavior::background::application_builder_background_spawn_routes_worker_result ... ok
test runtime_behavior::state_updates::stateful_runtime_keeps_ordinary_messages_and_worker_mappers_ui_local ... ok

test result: ok. 220 passed; 0 failed; 0 ignored; 0 measured; 0 filtered out; finished in 0.03s

     Running tests/custom_widget_public_api.rs (/Users/portalsurfer/.codex/radiant-validation/target/debug/deps/custom_widget_public_api-5aa6e0e64ebef124)

running 26 tests
test custom_widgets_publish_object_safe_capability_descriptors ... ok
test local_ownership::composition_hooks_are_defaulted_object_safe_and_explicitly_qualified ... ok
test local_ownership::pointer_press_admission_is_qualified_defaulted_and_object_safe ... ok
test custom_widgets_keep_the_conservative_revision_default_through_trait_objects ... ok
test local_ownership::ui_local_widget_and_embedded_row_values_can_be_boxed_without_thread_bounds ... ok
test local_ownership::custom_semantic_revision_is_exposed_through_the_capability_descriptor ... ok
test custom_widgets_can_publish_typed_exact_revision_evidence ... ok
test embedded_rows::opted_in_embedded_rows_resolve_intrinsic_and_paint_metrics_from_one_declaration ... ok
test embedded_rows::old_style_embedded_rows_keep_legacy_layout_paint_and_one_callback ... ok
test local_ownership::wheel_hooks_are_defaulted_object_safe_and_keep_phase_less_widgets_compatible ... ok
test local_ownership::ui_local_widget_output_payload_round_trips_through_clone_and_dispatch ... ok
test builders::application_builder_custom_widget_local_parts_keep_mapper_on_ui_runtime ... ok
test builders::application_builders_accept_ui_local_typed_outputs_and_messages ... ok
test runtime_paths::runtime_applies_widget_paint_bounds_clip_to_custom_widget_paint ... ok
test builders::application_builder_routes_direct_custom_widget_messages ... ok
test runtime_paths::custom_widget_travels_through_runtime_input_message_and_paint_paths ... ok
test local_ownership::ui_local_widget_builder_dispatches_ui_local_output_to_local_message ... ok
test builders::application_builder_custom_widget_views_support_named_parts_construction ... ok
test builders::application_builder_accepts_custom_widgets_with_generated_and_explicit_ids ... ok
test historical_v1_literals_and_legacy_pointer_hooks_remain_compatible ... ok
test direct_widget_automation_overrides_reach_snapshot_and_devtools ... ok
test hover::custom_widget_contract_can_suppress_surrounding_container_hover_chrome ... ok
test supported_v2_descriptors_take_precedence_over_legacy_pointer_hooks ... ok
test local_ownership::ui_local_widget_semantics_and_state_survive_runtime_reprojection ... ok
test runtime_paths::runtime_lets_custom_widgets_reconcile_retained_state_after_refresh ... ok
test builders::application_builder_routes_typed_custom_widget_output ... ok

test result: ok. 26 passed; 0 failed; 0 ignored; 0 measured; 0 filtered out; finished in 0.00s

     Running tests/deterministic_trace_replay.rs (/Users/portalsurfer/.codex/radiant-validation/target/debug/deps/deterministic_trace_replay-65cb50f28e73692c)

running 10 tests
test host_config_validation_remains_public_and_bounded ... ok
test capture_enforces_value_identity_operation_and_snapshot_budgets ... ok
test capture_rejects_incremental_encoded_size_before_retaining_operation ... ok
test preflight_rejects_absent_or_misordered_first_publication_and_duplicate_ids ... ok
test replay_rejects_stale_worker_completion_after_factory_creation ... ok
test preflight_rejects_malformed_traces_without_factory_invocation ... ok
test generated_publication_replays_and_divergence_has_json_path ... ok
test replay_uses_non_default_limits_and_labels_initial_divergence ... ok
test preflight_rejects_invalid_snapshot_order_and_configuration ... ok
test public_fixtures_are_canonical_and_replay_through_a_real_host ... ok

test result: ok. 10 passed; 0 failed; 0 ignored; 0 measured; 0 filtered out; finished in 0.06s

     Running tests/effect_public_api.rs (/Users/portalsurfer/.codex/radiant-validation/target/debug/deps/effect_public_api-0879b81900e9b3c4)

running 19 tests
test facade_is_qualified_and_keeps_completion_mappers_ui_local ... ok
test facade_invalid_declarative_owner_rejects_atomically_and_restores_predecessor ... ok
test facade_host_admission_rejection_restores_predecessor ... ok
test facade_platform_effects_defer_typed_results_and_record_bounded_owner_kind ... ok
test facade_same_key_reducer_fences_later_mapping_in_the_same_drain ... ok
test facade_cancellation_from_a_preceding_mapper_fences_a_later_same_drain ... ok
test facade_mappers_receive_the_reserved_ticket_for_timer_worker_event_and_final ... ok
test facade_platform_declarative_owners_refresh_exactly_and_isolate_retirement ... ok
test facade_shutdown_fences_enqueued_work ... ok
test facade_cancellation_is_idempotent_before_work_and_after_enqueue ... ok
test facade_platform_rejection_is_fenced_by_a_newer_latest_replacement ... ok
test facade_owner_retirement_during_a_drain_fences_later_owner_mapping ... ok
test facade_platform_effect_defers_synchronous_failure_and_unsupported_outcomes ... ok
test facade_platform_effect_latest_and_cancellation_fences_host_delivery ... ok
test facade_latest_replacement_fences_all_timer_and_worker_lane_pairs ... ok
test facade_timer_and_worker_use_production_lanes_and_defer_mapping ... ok
test facade_declarative_siblings_are_selected_exactly_and_retirement_fences_work ... ok
test facade_streams_preserve_typed_fifo_and_latest_final_delivery ... ok
test in_process_clipboard_is_local_typed_bounded_and_survives_source_retirement ... ok

test result: ok. 19 passed; 0 failed; 0 ignored; 0 measured; 0 filtered out; finished in 0.01s

     Running tests/generic_surface_guardrails.rs (/Users/portalsurfer/.codex/radiant-validation/target/debug/deps/generic_surface_guardrails-84390b2e14d8ff0b)

running 315 tests
test docs::performance::harness::performance_harness_exercises_custom_shader_projection ... ok
test behavior_suite::behavior_test_suite_is_explicit_and_local_to_generic_surfaces ... ok
test docs::diagnostics::quality_gates::runtime_diagnostics_use_tracing_outside_explicit_profile_artifacts ... ok
test docs::diagnostics::models::runtime_diagnostics_models_stay_in_focused_modules ... ok
test docs::diagnostics::observation::cpu_frame_observation_stays_private_and_projects_at_existing_boundaries ... ok
test docs::performance::scenario_boundaries::layout_perf_scenarios_keep_synthetic_trees_separate ... ok
test docs::performance::scenario_boundaries::resource_and_text_perf_scenarios_cover_reusable_domain_logic ... ok
test docs::performance::scenario_boundaries::runtime_surface_perf_scenarios_keep_fixtures_and_commands_focused ... ok
test docs::performance::scenario_boundaries::arrangement_shell_perf_scenarios_use_the_maintained_example_and_exact_lanes ... ok
test docs::performance::scenario_boundaries::runtime_virtualized_perf_scenarios_keep_bridge_fixtures_focused ... ok
test docs::performance::harness::performance_harness_runner_exposes_metrics_baselines_and_listing ... ok
test docs::performance::scenario_boundaries::vello_artifact_strategy_scenarios_keep_direct_fixtures_and_counts_focused ... ok
test docs::architecture::architecture_map_documents_target_aligned_boundaries ... ok
test docs::diagnostics::text::api_docs_describe_text_cache_frame_diagnostics ... ok
test docs::runtime_contracts::api_docs_describe_lossless_view_projection_contract ... ok
test docs::diagnostics::timing::api_docs_describe_cpu_due_lateness_as_observational ... ok
test docs::diagnostics::timing::api_docs_describe_input_to_present_latency_scope ... ok
test docs::diagnostics::quality_gates::clippy_quality_gate_is_documented_without_blanket_complexity_allow ... ok
test docs::performance::docs::performance_docs_group_scenarios_by_target_area ... ok
test docs::runtime_contracts::api_docs_describe_declarative_lifecycle_identity_contract ... ok
test docs::structural_api::api_docs_soft_deprecate_only_first_use_runtime_boilerplate ... ok
test docs::runtime_contracts::pointer_move_repaint_contract_is_documented ... ok
test docs::structural_api::crate_layout_facade_uses_explicit_exports ... ok
test docs::diagnostics::observation::api_docs_describe_bounded_cpu_frame_observation_evidence ... ok
test docs::runtime_contracts::api_docs_describe_paint_only_overlay_composition_cache ... ok
test docs::target_contract::canvas_program_fixture_validates_before_handoff_and_selects_explicit_fallback ... ok
test docs::target_contract::platform_acceptance_policy_preserves_current_evidence_and_non_goals ... ok
test docs::diagnostics::custom_shader::api_docs_describe_custom_shader_frame_diagnostics ... ok
test docs::target_contract::platform_acceptance_policy_has_structured_lanes_outcomes_and_target_map ... ok
test docs::target_contract::target_alignment_scorecard_has_current_estimates ... ok
test dynamic_widgets::runtime_widgets_accept_boxed_widgets_and_dynamic_messages ... ok
test docs::diagnostics::timing::api_docs_describe_native_gpu_timing_status ... ok
test docs::performance::harness::performance_harness_is_registered_and_cataloged ... ok
test examples::catalog::registered_examples_have_complete_guardrail_coverage ... ok
test docs::runtime_contracts::api_docs_describe_scene_presentation_compatibility_policy ... ok
test examples::catalog::splits::audio_examples::eq_editor_example_stays_split_by_model_widget_paint_and_tests ... ok
test examples::catalog::splits::audio_examples::spectrogram_example_stays_split_by_model_widget_paint_and_tests ... ok
test docs::target_contract::platform_acceptance_policy_is_linked_from_normative_sections ... ok
test examples::catalog::splits::creative_tool_examples::mixer_console_example_stays_split_by_panel_paint_input_and_tests ... ok
test examples::catalog::visual_splits::modulation_matrix_example_stays_split_by_widget_paint_and_tests ... ok
test docs::runtime_contracts::ui_first_runtime_threading_contract_is_documented ... ok
test examples::generic_native_example_is_registered_and_uses_application_builders ... ok
test examples::macos_external_drag_example_has_cataloged_portable_fallback ... ok
test examples::catalog::splits::creative_tool_examples::piano_roll_example_stays_split_by_widget_input_paint_and_tests ... ok
test native_vello::activation::macos_activation_and_reopen_models_are_cfg_owned ... ok
test native_vello::generation_binding::auxiliary_windows_reuse_parent_adapter_initialization_without_selecting_generation ... ok
test docs::runtime_contracts::api_docs_describe_gpu_surface_boundary_contract ... ok
test native_vello::generation_binding::destructive_auxiliary_close_is_retiring_and_projection_vetoed ... ok
test docs::performance::docs::performance_docs_describe_harness_commands_and_output_contract ... ok
test native_vello::generation_binding::generic_native_resize_acquire_and_present_paths_admit_before_wgpu_work ... ok
test docs::runtime_contracts::numeric_adoption_sequence_and_shipped_surfaces_are_current ... ok
test native_vello::generation_binding::native_submission_completion_is_exact_generation_and_covers_both_present_paths ... ok
test native_vello::generation_binding::generic_native_window_resources_are_one_generation_bound_bundle ... ok
test native_vello::gpu_surface::composited_base::frame_cache_avoids_post_mutation_expect ... ok
test native_vello::generation_binding::native_resource_maintenance_is_shared_bounded_and_nonblocking ... ok
test docs::text_input::api_docs_define_advanced_text_input_capability_boundary ... ok
test native_vello::generation_binding::retained_window_gpu_state_is_generation_owned_and_admitted ... ok
test native_vello::gpu_surface::diagnostics::active_composited_base_profile_record_includes_retired_residency ... ok
test native_vello::gpu_surface::diagnostics::render_canvas_upload_evidence_stays_private_and_follows_actual_write_sites ... ok
test native_vello::gpu_surface::diagnostics::application_render_canvas_upload_aggregate_stays_private_to_native_profiling ... ok
test native_vello::generation_binding::device_loss_recovery_is_private_async_and_never_reuses_old_generation ... ok
test native_vello::gpu_surface::identity::gpu_signal_surface_cache_keys_stay_in_focused_identity_module ... ok
test native_vello::gpu_surface::overlays::custom_shader::native_gpu_surface_custom_shader_pipeline_uses_named_requests ... ok
test native_vello::gpu_surface::diagnostics::render_canvas_upload_transaction_has_renderer_wide_preflight_scaffold ... ok
test native_vello::gpu_surface::overlays::uniforms::native_gpu_surface_overlay_uniforms_stay_in_focused_module ... ok
test native_vello::gpu_surface::post_gpu_overlay::vertex_buffer_upload_is_non_panicking ... ok
test native_vello::gpu_surface::post_gpu_overlay::bitmap_text_stays_out_of_geometry_root ... ok
test native_vello::gpu_surface::resources::native_gpu_signal_summary_cache_stays_in_focused_module ... ok
test native_vello::gpu_surface::post_gpu_overlay::geometry_tests_stay_grouped_by_replay_concern ... ok
test native_vello::gpu_surface::diagnostics::gpu_surface_render_stats_stay_in_focused_diagnostics_module ... ok
test native_vello::gpu_surface::resources::native_gpu_surface_resource_lifecycle_stays_with_resource_cache ... ok
test native_vello::gpu_timing::native_gpu_timing_callback_is_wake_only_and_delivery_is_event_loop_owned ... ok
test native_vello::gpu_surface::visibility::native_gpu_surface_visibility_occlusion_stays_focused ... ok
test docs::widget_construction::api_docs_describe_named_parts_for_explicit_widget_construction ... ok
test native_vello::public_api_svg::gui_runtime_public_facade_exports_generic_runtime_entrypoints ... ok
test native_vello::public_api_svg::native_vello_svg_encoder_transforms_svg_content_not_only_clip ... ok
test native_vello::gpu_surface::overlays::imports::native_gpu_surface_modules_use_explicit_imports ... ok
test native_vello::public_api_svg::public_vector_paint_primitives_do_not_expose_vello_path_types ... ok
test native_vello::public_api_svg::gui_svg_keeps_icon_parser_model_and_hit_testing_in_focused_modules ... ok
test native_vello::gpu_timing::native_gpu_timing_is_fixed_capacity_and_encoder_only ... ok
test native_vello::runtime_input::event_routing::native_file_drop_routing_uses_explicit_runtime_imports ... ok
test native_vello::runtime_input::event_routing::native_keyboard_repeat_policy_uses_explicit_imports ... ok
test native_vello::runtime_input::event_routing::native_keyboard_routing_uses_explicit_imports ... ok
test native_vello::runtime_input::event_routing::native_keyboard_text_edit_routing_uses_explicit_imports ... ok
test native_vello::native_semantic_accessibility::native_semantic_host_attachment_uses_supported_children_property ... ok
test native_vello::runtime_input::event_routing::native_pointer_lifecycle_uses_explicit_imports ... ok
test native_vello::runtime_input::event_routing::native_pointer_click_classification_stays_in_focused_module ... ok
test native_vello::runtime_input::event_routing::native_event_routing_tests_stay_grouped_by_input_concern ... ok
test native_vello::runtime_input::fixtures::native_runtime_test_fixtures_stay_grouped_by_runtime_concern ... ok
test native_vello::runtime_input::gpu_surface_runtime::native_gpu_surface_hover_cursor_policy_tests_stay_grouped_by_concern ... ok
test native_vello::runtime_input::gpu_surface_runtime::native_gpu_surface_hover_overlay_tests_stay_grouped_by_behavior ... ok
test native_vello::runtime_input::gpu_surface_runtime::native_gpu_surface_fast_path_tests_stay_grouped_by_behavior ... ok
test native_vello::runtime_input::pointer_motion::native_pointer_motion_tests_stay_grouped_by_redraw_concern ... ok
test native_vello::surface_backend::diagnostics_upload::native_gpu_upload_byte_casts_stay_in_focused_module ... ok
test native_vello::runtime_input::runtime_root::auxiliary_route_redraw_observation_stays_parent_owned ... ok
test native_vello::scene_cache::native_retained_scene_cache_tests_stay_grouped_by_cache_behavior ... ok
test native_vello::scene_cache::native_vello_scene_encoder_keeps_custom_surfaces_in_focused_module ... ok
test native_vello::runtime_input::runtime_root::native_generic_runtime_root_tests_stay_grouped_by_runtime_concern ... ok
test native_vello::surface_backend::diagnostics_upload::native_vello_present_diagnostics_stay_in_focused_module ... ok
test native_vello::surface_backend::frame_pipeline::facade::native_frame_state_uses_explicit_imports ... ok
test native_vello::surface_backend::frame_pipeline::facade::native_frame_preparation_stays_out_of_present_driver ... ok
test native_vello::surface_backend::frame_pipeline::facade::native_auxiliary_windows_borrow_the_owner_without_advancing_generation ... ok
test native_vello::surface_backend::frame_pipeline::facade::native_device_callbacks_use_shared_callback_and_user_event_boundaries ... ok
test native_vello::surface_backend::frame_pipeline::facade::native_generic_runtime_report_types_stay_in_report_module ... ok
test native_vello::surface_backend::frame_pipeline::facade::native_present_assigns_frame_sequence_after_each_successful_present ... ok
test native_vello::surface_backend::frame_pipeline::facade::native_present_carries_input_latency_after_each_successful_present ... ok
test native_vello::surface_backend::frame_pipeline::facade::native_generic_runtime_root_uses_explicit_facade_imports ... ok
test native_vello::generation_binding::native_whole_run_closing_is_central_bounded_and_nonblocking ... ok
test native_vello::native_visual_packet::native_visual_packets_have_one_bounded_redraw_authority ... ok
test native_vello::surface_backend::frame_pipeline::facade::native_present_propagates_direct_and_cached_scene_failures_before_completion ... ok
test native_vello::surface_backend::frame_pipeline::facade::native_present_contributes_uploads_only_after_successful_ticket_completion ... ok
test native_vello::surface_backend::frame_pipeline::facade::native_present_driver_uses_explicit_imports ... ok
test native_vello::surface_backend::frame_pipeline::facade::native_text_renderer_import_guard_accepts_grouped_items_without_wildcards ... ok
test native_vello::surface_backend::frame_pipeline::lifecycle::native_input_latency_uses_the_exact_parent_event_scope ... ok
test native_vello::surface_backend::frame_pipeline::facade::native_vello_scene_texture_rendering_stays_out_of_present_driver ... ok
test native_vello::surface_backend::frame_pipeline::facade::native_vello_failures_fence_before_frame_render_and_closing ... ok
test native_vello::surface_backend::frame_pipeline::facade::native_renderer_recovery_order_keeps_failure_fence_and_publication_atomic ... ok
test native_vello::surface_backend::frame_pipeline::surface::native_render_profile_uses_explicit_imports ... ok
test native_vello::surface_backend::frame_pipeline::lifecycle::native_lifecycle_uses_explicit_imports ... ok
test native_vello::surface_backend::frame_pipeline::surface::native_runtime_config_boundary_uses_explicit_imports_and_exports ... ok
test native_vello::surface_backend::frame_pipeline::surface::native_render_surface_target_size_stays_in_focused_module ... ok
test native_vello::surface_backend::frame_pipeline::lifecycle::native_auxiliary_windows_use_explicit_runtime_imports ... ok
test native_vello::surface_backend::frame_pipeline::surface::native_wgpu_device_target_helpers_use_explicit_imports ... ok
test native_vello::surface_backend::frame_pipeline::surface::native_startup_timing_uses_explicit_imports ... ok
test native_vello::surface_backend::frame_pipeline::lifecycle::native_timed_frame_drain_does_not_recompute_selected_cadence ... ok
test native_vello::surface_backend::frame_pipeline::lifecycle::native_runner_keeps_window_input_and_timing_state_grouped ... ok
test native_vello::surface_backend::frame_pipeline::facade::native_renderer_unwind_containment_stays_local_to_scene_texture ... ok
test native_vello::surface_backend::surface_lifecycle::native_surface_backend_policy_stays_in_focused_module ... ok
test native_vello::surface_backend::surface_lifecycle::native_surface_texture_acquire_stays_with_surface_lifecycle ... ok
test native_vello::text_and_drag::external_drag::native_external_drag_dropfiles_payload_stays_focused ... ok
test native_vello::text_and_drag::external_drag::native_external_drag_data_object_helpers_stay_focused ... ok
test native_vello::surface_backend::window_platform::native_window_platform_attributes_stay_in_focused_module ... ok
test native_vello::surface_backend::frame_pipeline::surface::native_surface_setup_uses_explicit_imports ... ok
test native_vello::text_and_drag::gpu_surface::native_gpu_surface_interaction_region_model_stays_focused ... ok
test native_vello::text_and_drag::scene_text::native_vello_plain_text_encoding_stays_in_focused_module ... ok
test native_vello::text_and_drag::gpu_surface::native_gpu_surface_wheel_coalescing_stays_in_focused_module ... ok
test native_vello::text_and_drag::scene_text::native_vello_scene_geometry_uses_explicit_kurbo_dependency ... ok
test native_vello::text_and_drag::external_drag::native_external_drag_platform_selection_stays_focused ... ok
test native_vello::text_and_drag::scene_text::native_vello_shape_geometry_stays_in_focused_module ... ok
test native_vello::text_and_drag::scene_text::native_vello_scene_text_run_buffer_stays_in_focused_module ... ok
test native_vello::text_and_drag::scene_text::native_vello_scene_encoders_use_explicit_imports ... ok
test package_structure::default_features_stay_empty_for_standalone_builds ... ok
test native_vello::text_and_drag::scene_text::native_vello_text_input_geometry_stays_focused ... ok
test native_vello::text_and_drag::text_edit::native_text_input_rendering_keeps_utf8_clamping_focused ... ok
test native_vello::text_and_drag::text_edit::native_text_field_layout_keeps_cursor_stop_windowing_focused ... ok
test package_structure::radiant_manifest_is_independent_of_parent_workspace_crates ... ok
test native_vello::text_and_drag::scene_text::native_vello_text_renderer_keeps_models_and_renderability_focused ... ok
test public_api::public_module_tree_exposes_one_progressive_api_surface ... ok
test package_structure::top_level_gui_primitives_are_classified_for_boundary_coverage ... ok
test examples::examples_do_not_hide_dead_code ... ok
test source_quality::api_models::application::application_facade_leaves_match_prelude_roles ... ok
test source_quality::api_models::application::application_dropdown_builder_keeps_menu_overlay_and_tests_focused ... ok
test source_quality::api_models::application::application_facade_uses_explicit_public_exports ... ok
test source_quality::api_models::application::application_facade_leaves_do_not_wildcard_export_implementation_modules ... ok
test source_quality::api_models::application::application_facade_export_groups_stay_focused ... ok
test source_quality::api_models::application::application_root_stays_small_and_delegates_export_ownership ... ok
test source_quality::api_models::application::application_view_identity_keeps_reserved_id_tests_focused ... ok
test source_quality::api_models::application::application_list_builders_keep_virtualization_tests_focused ... ok
test source_quality::api_models::application::application_view_lowering_keeps_container_defaults_focused ... ok
test source_quality::api_models::forms_core_text::form_numeric_and_paired_helpers_keep_behavior_tests_focused ... ok
test source_quality::api_models::application::application_interactive_row_builder_keeps_policy_and_underlay_focused ... ok
test source_quality::api_models::application::application_tree_row_builder_keeps_defaults_state_and_composition_focused ... ok
test source_quality::api_models::forms_core_text::preference_panel_state_uses_named_parts_for_projection_fields ... ok
test native_vello::surface_backend::frame_pipeline::facade::native_device_callbacks_are_witness_scoped_without_broad_panic_handling ... ok
test source_quality::api_models::layout_tree::layout_tree_derived_state_keeps_metrics_and_tests_focused ... ok
test source_quality::api_models::layout_tree::layout_constraints_use_named_parts_for_min_max_bounds ... ok
test source_quality::api_models::forms_core_text::gui_core_state_primitives_keep_behavior_tests_focused ... ok
test source_quality::api_models::forms_core_text::text_line_layout_keeps_insets_and_placement_focused ... ok
test source_quality::api_models::layout_tree::layout_tree_nodes_use_named_parts_for_public_tree_construction ... ok
test source_quality::api_models::list_and_range::geometry_layout::linear_layout_hot_path_uses_request_objects_instead_of_argument_suppressions ... ok
test source_quality::api_models::list_and_range::geometry_layout::gui_geometry_tests_stay_grouped_by_rect_concern ... ok
test source_quality::api_models::list_and_range::list_models::editable_tree_rows_use_named_parts_instead_of_boolean_constructor_lists ... ok
test source_quality::api_models::list_and_range::geometry_layout::public_layout_policy_models_do_not_hide_dead_code ... ok
test docs::runtime_contracts::split_separator_native_publication_contract_is_current ... ok
test source_quality::api_models::list_and_range::range_models::normalized_ranges_use_named_parts_for_milli_bounds ... ok
test source_quality::api_models::list_and_range::range_models::normalized_viewports_use_named_parts_for_precision_bounds ... ok
test source_quality::api_models::visualization_panel::panels_and_badges::floating_panel_drags_use_named_parts_for_pointer_geometry ... ok
test source_quality::api_models::list_and_range::range_models::normalized_scrollbars_keep_model_and_geometry_focused ... ok
test source_quality::api_models::list_and_range::range_models::index_viewport_model_keeps_behavior_tests_focused ... ok
test source_quality::api_models::list_and_range::list_behavior::gui_list_behavior_tests_stay_grouped_by_list_concern ... ok
test source_quality::api_models::visualization_panel::panels_and_badges::split_pane_assigned_rows_use_named_parts_for_assignment_flags ... ok
test source_quality::api_models::visualization_panel::signal_canvas::canvas_layer_state_uses_named_parts_for_hit_test_fields ... ok
test source_quality::api_models::visualization_panel::timeline::timeline_item_layout_uses_named_parts_for_clip_geometry ... ok
test source_quality::api_models::visualization_panel::timeline::timeline_lane_layout_owns_label_gutter_projection ... ok
test source_quality::api_models::visualization_panel::panels_and_badges::panel_rect_helpers_use_named_parts_for_geometry_requests ... ok
test source_quality::api_models::visualization_panel::signal_canvas::signal_visualization_state_uses_named_parts_for_status_and_preview_fields ... ok
test source_quality::api_models::visualization_panel::timeline::timeline_panel_layout_uses_named_parts_for_editor_chrome ... ok
test source_quality::api_models::visualization_panel::timeline::timeline_metadata_state_uses_named_parts_for_projection_fields ... ok
test source_quality::api_models::visualization_panel::timeline::timeline_value_marker_layout_uses_named_parts_for_automation_geometry ... ok
test source_quality::api_models::visualization_panel::timeline::timeline_pitch_layout_uses_named_parts_for_note_editor_rows ... ok
test source_quality::api_models::visualization_panel::panels_and_badges::inline_badge_metrics_use_named_parts_for_geometry_tokens ... ok
test source_quality::error_handling::inline_test_module_scanner_requires_an_inline_body ... ok
test source_quality::error_handling::production_lines_excludes_any_inline_cfg_test_module ... ok
test source_quality::api_models::visualization_panel::timeline::timeline_viewport_uses_named_parts_for_precision_bounds ... ok
test source_quality::feedback_and_platform::chrome_and_types::image_rgba_buffer_keeps_diagnostics_and_tests_focused ... ok
test source_quality::api_models::visualization_panel::behavior::visualization_behavior_tests_stay_grouped_by_surface_concern ... ok
test source_quality::feedback_and_platform::feedback::inline::inline_feedback_indicators_keep_model_geometry_and_sanitizers_focused ... ok
test source_quality::composition::composition_stays_qualified_and_additive_to_legacy_input_models ... ok
test source_quality::api_models::list_and_range::list_models::column_summaries_use_named_parts_for_title_and_count ... ok
test source_quality::api_models::list_and_range::list_models::virtual_list_stack_metrics_use_named_parts_for_geometry ... ok
test source_quality::feedback_and_platform::chrome_and_types::status_segments_use_named_parts_for_chrome_slots ... ok
test source_quality::feedback_and_platform::visualization::timeline_visualization_state_uses_named_parts_for_large_projection_buckets ... ok
test source_quality::feedback_and_platform::feedback::progress::progress_feedback_keeps_overlay_state_and_track_geometry_focused ... ok
test source_quality::layout_runtime::layout_virtualization::layout_scroll_virtual_window_search_stays_focused ... ok
test source_quality::layout_runtime::layout_virtualization::layout_virtual_cache_invalidation_stays_with_cache_types ... ok
test source_quality::layout_runtime::paint_and_scroll::gui_text_field::gui_text_field_paint_input_stays_grouped_by_paint_concern ... ok
test source_quality::feedback_and_platform::platform::window_specs_use_named_parts_for_manifest_identity_and_options ... ok
test source_quality::layout_runtime::paint_and_scroll::paint_capacity::surface_paint_plan_buffering_stays_with_capacity_policy ... ok
test source_quality::feedback_and_platform::feedback::status::status_line_entries_use_named_parts_for_source_and_message ... ok
test source_quality::layout_runtime::layout_virtualization::layout_virtualization_tests_keep_fixture_and_behavior_groups_focused ... ok
test source_quality::layout_runtime::paint_and_scroll::scroll_support::runtime_scroll_support_keeps_affordance_and_hit_tests_focused ... ok
test source_quality::layout_runtime::paint_and_scroll::paint_primitives::runtime_paint_primitive_support_keeps_models_queries_and_tests_focused ... ok
test source_quality::layout_runtime::prepared_admission::direct_paint_frame_and_native_paths_do_not_consume_fresh_paint_candidates ... ok
test source_quality::layout_runtime::prepared_admission::direct_runtime_refresh_and_relayout_do_not_publish_prepared_candidates ... ok
test source_quality::layout_runtime::traversal::runtime_layout_refresh_delegates_traversal_state_handoff ... ok
test source_quality::public_prelude_first_level_groups_stay_as_facades_when_split ... ok
test docs::structural_api::api_docs_describe_the_structural_boundary_strategy ... ok
test source_quality::layout_runtime::traversal::surface_layout_projection_records_traversal_through_index_methods ... ok
test source_quality::public_prelude_export_groups_stay_focused ... ok
test source_quality::public_prelude_excludes_owner_role_apis ... ok
test source_quality::public_prelude_leaf_groups_do_not_wildcard_export_owning_subsystems ... ok
test source_quality::public_prelude_guardrails_scan_root_and_leaf_sources ... ok
test source_quality::public_prelude_stays_grouped_by_subsystem ... ok
test source_quality::public_prelude_named_surface_reports_exact_subsystem_inventory ... ok
test source_quality::public_prelude_rejects_crate_owner_wildcards ... ok
test source_quality::runtime::commands_and_app::application_runtime::id_generation::application_id_generation_keeps_policy_and_tests_focused ... ok
test source_quality::runtime::commands_and_app::application_runtime::app_bridge::app_bridge_groups_lifecycle_hooks_and_runtime_flags ... ok
test source_quality::runtime::commands_and_app::application_runtime::app_bridge::app_view_projection_carries_scene_lifecycle_without_concrete_type_probes ... ok
test source_quality::public_prelude_named_surface_stays_bounded_across_leaf_splits ... ok
test source_quality::runtime::commands_and_app::application_runtime::lifecycle_tests::app_runtime_api_lifecycle_tests_stay_grouped_by_runtime_concern ... ok
test source_quality::public_prelude_stays_backend_neutral ... ok
test source_quality::runtime::commands_and_app::application_runtime::task_helpers::application_task_helpers_keep_cancellation_completion_and_latest_state_focused ... ok
test source_quality::runtime::commands_and_app::application_runtime::timer_lane::application_runtime_timer_lane_keeps_worker_policy_and_tests_focused ... ok
test source_quality::runtime::commands_and_app::commands::app_facing_runtime_surface_hides_command_escape_hatches ... ok
test source_quality::runtime::commands_and_app::commands::business_work_context_is_worker_only_capability ... ok
test source_quality::runtime::commands_and_app::commands::ui_update_context_keeps_followup_command_groups_in_focused_modules ... ok
test source_quality::runtime::commands_and_app::controller::command_flow::runtime_surface_public_command_tests_stay_grouped_by_command_concern ... ok
test source_quality::runtime::commands_and_app::commands::scroll_commands_use_named_parts_for_reveal_requests ... ok
test source_quality::runtime::commands_and_app::controller::command_flow::controller_commands_keep_outcome_drain_and_dispatch_in_focused_modules ... ok
test source_quality::runtime::commands_and_app::controller::state_context::runtime_controller_context_and_scratch_modules_use_explicit_dependencies ... ok
test source_quality::runtime::commands_and_app::controller::state_context::runtime_controller_groups_work_interaction_and_traversal_state ... ok
test source_quality::runtime::commands_and_app::controller::pointer::pointer_controller_keeps_move_routing_in_focused_module ... ok
test source_quality::runtime::commands_and_app::controller::state_context::runtime_controller_state_modules_use_explicit_dependencies ... ok
test source_quality::runtime::input_retained::input_shortcuts::input_key_identity_and_keypress_state_stay_focused ... ok
test examples::catalog::focused_examples_are_registered_and_keep_expected_public_contracts ... ok
test source_quality::runtime::input_retained::input_shortcuts::shortcut_primitives_stay_in_resolution_gesture_and_layer_modules ... ok
test source_quality::runtime::input_retained::repaint_canvas::repaint_signaling_keeps_coalescing_and_callback_tests_focused ... ok
test source_quality::runtime::input_retained::repaint_canvas::canvas_gesture_primitives_stay_in_event_pointer_and_state_modules ... ok
test source_quality::runtime::input_retained::retained::retained_cache_support_keeps_fingerprint_storage_and_tests_focused ... ok
test source_quality::runtime::input_retained::retained::retained_invalidation_primitives_stay_in_focused_modules ... ok
test source_quality::runtime::input_retained::text_input::text_input_primitive_keeps_surface_builders_focused ... ok
test source_quality::runtime::layout_helpers::layout_axis_helpers_keep_orientation_and_tests_focused ... ok
test source_quality::runtime::layout_helpers::layout_row_helpers_keep_geometry_and_tests_focused ... ok
test source_quality::runtime::resources_gpu::content::gpu_surface_content_models_stay_focused ... ok
test source_quality::runtime::layout_helpers::layout_engine_root_tests_stay_grouped_by_behavior_concern ... ok
test source_quality::runtime::resources_gpu::primitive::gpu_surface_primitive_keeps_surface_builders_focused ... ok
test source_quality::runtime::input_retained::text_input::text_input_state_keeps_models_selection_navigation_and_editing_focused ... ok
test source_quality::runtime::resources_gpu::widget::gpu_surface_widget_uses_named_parts_for_retained_resource_identity ... ok
test source_quality::runtime::resources_gpu::input_builder::gpu_surface_input_builder_uses_named_parts_for_message_mapping ... ok
test source_quality::runtime::surface_bridge::animation::runtime_animation_activity_keeps_policy_and_tests_focused ... ok
test source_quality::runtime::resources_gpu::resource_completion::resource_completions_use_named_parts_for_request_results ... ok
test source_quality::runtime::surface_bridge::contract::runtime_bridge_app_contract_stays_in_focused_module ... ok
test source_quality::runtime::resources_gpu::slot::resource_slots_keep_load_state_and_lifecycle_focused ... ok
test source_quality::runtime::surface_bridge::surface_nodes::runtime_surface_focus_order_keeps_collection_and_tests_focused ... ok
test source_quality::runtime::surface_bridge::declarative::declarative_runtime_bridges_use_named_parts_for_host_closures ... ok
test source_quality::runtime::surface_bridge::surface_nodes::runtime_surface_input_dispatch_keeps_dependencies_explicit ... ok
test source_quality::widgets::interactive_controls::badge_primitive_keeps_surface_builders_and_tests_focused ... ok
test docs::target_contract::render_canvas_contract_guardrail_keeps_supported_and_target_surfaces_distinct ... ok
test source_quality::widgets::interactive_controls::button_primitive_keeps_surface_builders_focused ... ok
test source_quality::widgets::interactive_controls::icon_button_primitive_keeps_surface_mappers_focused ... ok
test source_quality::widgets::interactive_controls::button_provenance_stays_copy_only_and_transient_at_accepted_outputs ... ok
test source_quality::widgets::interactive_controls::interactive_row_actions_name_legacy_transfer_and_local_ui_boundaries ... ok
test source_quality::runtime::surface_bridge::surface_nodes::runtime_surface_nodes_keep_parts_internal_and_public_constructors_explicit ... ok
test source_quality::widgets::interactive_controls::interactive_row_provenance_stays_copy_only_hashable_and_transient ... ok
test source_quality::widgets::interactive_controls::list_item_primitive_keeps_surface_builders_focused ... ok
test source_quality::widgets::interactive_controls::selectable_primitive_keeps_surface_builders_focused ... ok
test source_quality::widgets::public_models::details_list::details_list_columns_use_named_parts_for_public_column_fields ... ok
test source_quality::widgets::public_models::details_list::details_list_column_drag_state_stays_in_public_details_model ... ok
test source_quality::widgets::public_models::details_list::details_list_rows_use_named_parts_for_public_row_fields ... ok
test source_quality::widgets::public_models::details_list::details_list_sort_uses_named_parts_for_public_sort_fields ... ok
test source_quality::widgets::public_models::inspector_navigation::property_panel_rows_use_named_parts_for_public_inspector_fields ... ok
test source_quality::widgets::interactive_controls::interactive_row_primitive_keeps_surface_mappers_focused ... ok
test source_quality::widgets::public_models::details_list::details_list_view_composition_stays_split_by_responsibility ... ok
test source_quality::widgets::public_models::inspector_navigation::tree_list_items_use_named_parts_for_public_navigation_fields ... ok
test source_quality::widgets::public_models::menu_widget::application_menu_keeps_model_projection_actions_and_tests_focused ... ok
test source_quality::widgets::public_models::runtime_dialogs::confirm_dialogs_use_named_parts_for_public_prompt_fields ... ok
test source_quality::widgets::public_models::menu_widget::application_widget_views_use_named_parts_for_custom_widget_mapping ... ok
test source_quality::widgets::public_models::menu_widget::application_menus_expose_one_fluent_context_menu_surface ... ok
test source_quality::widgets::sizing_and_common::widget_common_keeps_support_tests_focused ... ok
test source_quality::widgets::static_media::canvas_primitive_keeps_surface_builders_focused ... ok
test source_quality::widgets::sizing_and_common::labeled_primitive_widgets_use_named_parts_for_identity_content_and_sizing ... ok
test source_quality::widgets::static_media::card_primitive_keeps_surface_builders_focused ... ok
test source_quality::widgets::static_media::text_primitive_keeps_surface_builders_focused ... ok
test source_quality::widgets::value_controls::drag_handle_primitive_keeps_surface_builders_focused ... ok
test source_quality::widgets::static_media::image_primitive_keeps_surface_builders_focused ... ok
test source_quality::widgets::sizing_and_common::widget_sizing_uses_named_parts_for_intrinsic_bounds ... ok
test source_quality::widgets::value_controls::scrollbar_primitive_keeps_surface_builders_focused ... ok
test source_quality::widgets::value_controls::knob_pointer_provenance_stays_incremental_and_observational ... ok
test source_quality::widgets::value_controls::slider_edit_batch_is_fixed_capacity_and_kept_out_of_the_prelude ... ok
test source_quality::widgets::value_controls::knob_typed_edit_adoption_stays_bounded_and_retained ... ok
test source_quality::widgets::value_controls::numeric_pointer_scrub_and_wheel_stay_in_the_allowlisted_widget_and_fixed_batch_surface ... ok
test source_quality::widgets::value_controls::slider_primitive_keeps_surface_builders_and_tests_focused ... ok
test source_quality::widgets::value_controls::toggle_primitive_keeps_surface_builders_and_tests_focused ... ok
test source_quality::widgets::value_controls::slider_public_state_stays_source_compatible_and_retention_stays_private ... ok
test source_quality::runtime::commands_and_app::application_runtime::task_helpers::example_blocking_work_stays_inside_business_runtime_workers ... ok
test native_vello::text_and_drag::runtime_policy::native_vello_runtime_does_not_hide_dead_code ... ok
test source_quality::runtime::commands_and_app::application_runtime::task_helpers::app_facing_runtime_paths_do_not_introduce_obvious_blocking_calls ... ok
test examples::examples_are_checked_portable_sandboxes ... ok
test source_quality::runtime::surface_bridge::contract::runtime_bridge_contract_stays_minimal_and_routes_optional_host_capabilities ... ok
test source_quality::runtime::commands_and_app::application_runtime::task_helpers::radiant_examples_pass_reusable_non_blocking_guardrail ... ok
test examples::api_docs_map_examples_to_target_areas ... ok
test docs::target_contract::normative_docs_reject_stale_metrics_and_unmerged_credit ... ok
test source_quality::direct_state_callback_api_stays_out_of_common_surface ... ok
test source_quality::feedback_and_platform::platform::target_specific_platform_code_stays_in_documented_adapters ... ok
test source_quality::error_handling::production_source_avoids_panic_shortcuts ... ok

test result: ok. 315 passed; 0 failed; 0 ignored; 0 measured; 0 filtered out; finished in 0.62s

     Running tests/headless_scroll_acceptance.rs (/Users/portalsurfer/.codex/radiant-validation/target/debug/deps/headless_scroll_acceptance-a78463d967cc9c4e)

running 1 test
test deterministic_headless_scroll_trace_preserves_authority_across_runtime_changes ... ok

test result: ok. 1 passed; 0 failed; 0 ignored; 0 measured; 0 filtered out; finished in 0.01s

     Running tests/layout_policy_public_api.rs (/Users/portalsurfer/.codex/radiant-validation/target/debug/deps/layout_policy_public_api-975947b73d094183)

running 6 tests
test public_layout_diagnostic_code_remains_exhaustive ... ok
test size_hint_accessors_return_normalized_values ... ok
test public_policy_is_object_safe_and_drives_direct_layout ... ok
test application_layout_builder_lowers_without_application_supplied_ids ... ok
test malformed_policy_inputs_are_diagnosed_and_unresolved_children_are_absent ... ok
test runtime_surface_layout_builder_propagates_custom_policy ... ok

test result: ok. 6 passed; 0 failed; 0 ignored; 0 measured; 0 filtered out; finished in 0.00s

     Running tests/layout_public_api.rs (/Users/portalsurfer/.codex/radiant-validation/target/debug/deps/layout_public_api-31c1cf7236783e0a)

running 6 tests
test public_layout_event_context_geometry_is_optional_and_read_only ... ok
test public_layout_state_api_keeps_type_identity_opaque_and_typed ... ok
test public_layout_module_exposes_qualified_controlled_values ... ok
test public_layout_module_exposes_exact_static_split_geometry ... ok
test public_layout_tree_nodes_support_named_parts_construction ... ok
test public_layout_module_supports_generic_tree_construction ... ok

test result: ok. 6 passed; 0 failed; 0 ignored; 0 measured; 0 filtered out; finished in 0.00s

     Running tests/perf_harness_runner.rs (/Users/portalsurfer/.codex/radiant-validation/target/debug/deps/perf_harness_runner-2b511b4d8e18f1d5)

running 18 tests
test arrangement_shell::tests::arrangement_shell_tick_advances_playhead_and_meters_without_audio_or_dsp ... ok
test arrangement_shell::tests::arrangement_overview_prepared_sync_is_state_only_and_callback_inert ... ok
test runner::baseline::format::tests::baseline_jsonl_serializes_percentiles_additively ... ok
test runner::baseline::tests::legacy_baseline_without_percentiles_remains_readable ... ok
test runner::baseline::tests::baseline_percentiles_require_ordered_complete_values ... ok
test arrangement_shell::tests::arrangement_shell_hover_uses_paint_only_runtime_overlay ... ok
test arrangement_shell::tests::arrangement_overview_click_selects_clip_or_seeks_empty_space ... ok
test runner::metrics::tests::nearest_rank_percentiles_sort_and_round_up ... ok
test runner::metrics::tests::metric_serialization_includes_finite_ordered_percentiles ... ok
test arrangement_shell::tests::arrangement_overview_paints_lanes_clips_and_playhead_overlay ... ok
test runner::iteration_tests::configured_iterations_run_exactly_that_many_samples_plus_one_warmup ... ok
test runner::args::iteration_tests::iteration_override_is_bounded_and_never_becomes_a_scenario_filter ... ok
test arrangement_shell::tests::arrangement_shell_runtime_hover_does_not_refresh_surface ... ok
test arrangement_shell_scenarios::tests::hover_paint_only_reports_only_overlay_work_after_setup ... ok
test arrangement_shell::tests::arrangement_shell_projects_browser_arrangement_inspector_and_mixer ... ok
test arrangement_shell::tests::arrangement_shell_runtime_frame_messages_advance_status ... ok
test arrangement_shell_scenarios::tests::full_refresh_lanes_report_reconciliation_deltas ... ok
test arrangement_shell_scenarios::tests::repeated_identical_lanes_have_identical_counter_deltas ... ok

test result: ok. 18 passed; 0 failed; 0 ignored; 0 measured; 0 filtered out; finished in 0.01s

     Running tests/runtime_bridge_public_api.rs (/Users/portalsurfer/.codex/radiant-validation/target/debug/deps/runtime_bridge_public_api-81d88e687821555d)

running 69 tests
test capabilities::gpu_timing_capability_vetoes_without_opt_in_and_delivers_when_enabled ... ok
test diagnostics::native_surface_recovery_diagnostics_default_to_zero ... ok
test capabilities::advanced_bridge_runs_only_explicitly_registered_callbacks ... ok
test command_flow::generic_trait_reduction_updates_shared_and_owned_command_bridges ... ok
test diagnostics::runtime_bridge_can_observe_structured_frame_diagnostics ... ok
test command_flow::declarative_command_bridges_support_named_parts_construction ... ok
test declarative_runtime_bridges_support_named_parts_construction ... ok
test capabilities::stateful_application_registers_gpu_timing_callback ... ok
test command_service::public_child_service_clones_without_context_or_message_clone_bounds ... ok
test focus_authority::nearest_scope_owns_traversal_and_sequential_only_scope_declines_spatial_navigation ... ok
test focus_authority::over_capacity_focus_scope_projection_is_terminal ... ok
test focus_authority::explicit_sequential_and_spatial_navigation_use_current_order_and_geometry ... ok
test focus_authority::declarative_scopes_bound_navigation_and_refresh_policy_without_losing_widget_focus ... ok
test command_flow::owned_command_bridge_supports_runtime_command_flow ... ok
test capabilities::minimal_bridge_has_no_diagnostics_or_transient_overlay_capability ... ok
test focus_authority::focus_bookmark_rejects_a_replaced_widget_even_after_its_original_kind_returns ... ok
test command_flow::declarative_command_bridge_supports_command_update_flow ... ok
test declarative_surface_runtime_aliases_name_common_host_shapes ... ok
test focus_authority::focus_bookmarks_survive_compatible_refresh_but_never_removal_and_reappearance ... ok
test focus_authority::focus_targets_are_runtime_and_projection_qualified_and_observation_is_inert ... ok
test gestures::conservative_gesture_evidence_retires_on_reprojection ... ok
test gestures::combined_handler_dispatches_both_facets_and_semantic_actions_respect_gesture_capture ... ok
test command_flow::command_update_flow_scrolls_newly_projected_surfaces ... ok
test gestures::drag_drop::typed_drag_preview_motion_does_not_project_or_layout_and_end_command_retires_capture ... ok
test gestures::conservative_container_binding_cancels_after_its_reducer_rebuild ... ok
test gestures::drag_drop::typed_drag_conservative_source_cancels_when_started_reprojects ... ok
test gestures::container_removal_and_layout_policy_changes_retire_the_original_sequence ... ok
test gestures::container_descriptors_reject_projection_only_unsupported_and_duplicate_sources ... ok
test gestures::container_pinch_and_rotation_use_the_shared_accumulation_and_cancellation_lifecycle ... ok
test gestures::focus_commits_before_cancellation_message_can_request_another_target ... ok
test gestures::container_arena_selects_deepest_crossed_threshold_and_keeps_one_owner ... ok
test gestures::drag_drop::typed_drag_source_retirement_during_enter_cancels_once ... ok
test gestures::native_style_missing_anchor_uses_only_the_latched_initial_pointer_position ... ok
test gestures::drag_drop::typed_drag_target_revision_retires_hover_then_reenters_current_target ... ok
test gestures::handler_withdrawn_during_focus_is_rejected_before_gesture_capture ... ok
test gestures::pending_gesture_rechecks_original_anchor_before_claiming_moved_target ... ok
test gestures::pending_arena_does_not_intercept_child_pointer_capture ... ok
test gestures::drag_drop::typed_drag_crossing_threshold_on_terminal_delivers_one_complete_transaction ... ok
test gestures::drag_drop::typed_drag_moves_enters_and_delivers_detached_terminal_messages ... ok
test gestures::nested_container_candidates_choose_inner_and_cancel_old_binding_on_revision_change ... ok
test gestures::pinch_rotation_and_shutdown_preserve_phases_and_reject_foreign_authority ... ok
test gestures::terminal_threshold_crossing_and_overflow_have_exact_terminal_sequences ... ok
test lifecycle::runtime_bridge_accepts_repaint_signal_for_host_background_work ... ok
test gestures::policy_replacement_and_removal_cancel_old_owner_once_and_never_revive_tokens ... ok
test gestures::drag_drop::typed_drag_targets_obey_clipping_and_topmost_widgets_but_accept_empty_regions ... ok
test gestures::pointer_drag::pointer_drag_preview_motion_after_transfer_keeps_projection_and_layout_unchanged ... ok
test gestures::threshold_crossing_preserves_total_motion_and_one_capture_lifecycle ... ok
test lifecycle::runtime_bridge_exposes_host_owned_runtime_exit_artifact ... ok
test gestures::drag_drop::typed_drag_rejection_pending_and_disallowed_operations_never_drop ... ok
test resources::runtime_resource_completion_supports_named_parts_construction ... ok
test resources::runtime_resource_request_constructs_results_for_its_key ... ok
test resources::runtime_resource_requests_reject_stale_same_key_results ... ok
test resources::runtime_resource_slot_can_cancel_inflight_load_without_dropping_ready_value ... ok
test resources::runtime_resource_slot_tracks_host_owned_background_results ... ok
test gestures::pointer_drag::pointer_drag_uses_deepest_crossed_child_or_ancestor_recognizer_and_keeps_one_winner ... ok
test state_projection::owned_runtime_bridge_projects_without_shared_surface_requirement ... ok
test gestures::pointer_drag::pointer_drag_operation_negotiation_uses_current_sample_modifiers ... ok
test gestures::pointer_drag::pointer_drag_cancels_original_typed_child_once_and_rechecks_source_after_its_mapper ... ok
test gestures::container_arena_rejects_candidate_overflow ... ok
test state_projection::generic_trait_reduction_updates_shared_and_owned_declarative_bridges ... ok
test state_projection::generic_runtime_bridge_projects_and_reduces_host_defined_messages ... ok
test gestures::pointer_drag::pointer_drag_preserves_click_below_threshold_and_cancels_child_when_drag_wins ... ok
test state_projection::runtime_bridge_is_the_public_app_contract ... ok
test focus_authority::bookmark_capacity_is_bounded_and_dropped_bookmarks_release_slots ... ok
test gestures::pointer_drag::pointer_drag_can_cross_threshold_on_release_and_cancel_without_click ... ok
test semantic_actions::selecting_is_idempotent_and_programmatic_activation_preserves_provenance ... ok
test surface_runtime_can_build_declarative_bridges_directly ... ok
test semantic_actions::action_descriptors_fail_closed_before_focus_and_execute_only_explicitly ... ok
test semantic_actions::semantic_actions_use_current_targets_one_mapper_and_normal_widget_behavior ... ok

test result: ok. 69 passed; 0 failed; 0 ignored; 0 measured; 0 filtered out; finished in 0.02s

     Running tests/runtime_surface_public_api.rs (/Users/portalsurfer/.codex/radiant-validation/target/debug/deps/runtime_surface_public_api-9bc15c5455d4a1ba)

running 157 tests
test automation::custom_widget_semantics_capability_is_discovered_without_runtime_trait_inference ... ok
test automation::direct_widget_automation_semantics_cover_rows_selectables_and_custom_fallback ... ok
test automation::surface_runtime_automation_snapshot_reports_common_widget_semantics ... ok
test automation::automation_target_snapshot_flattens_semantic_targets_with_coordinates ... ok
test commands::window::surface_runtime_reports_dpi_scale_overrides_as_surface_refreshes ... ok
test commands::repaint::surface_runtime_treats_mixed_repaint_batches_as_surface_refreshes ... ok
test commands::repaint::direct_typed_refresh_commands_apply_the_requested_stage ... ok
test automation::scaled_control_paint_strings_match_ax_labels_and_badge_semantics_stay_passive ... ok
test commands::repaint::surface_runtime_executes_command_messages_and_repaint_requests ... ok
test commands::window::surface_runtime_reports_window_size_requests_as_surface_refreshes ... ok
test commands::repaint::narrower_eager_refresh_does_not_consume_broader_pending_refresh ... ok
test commands::window::typed_refreshes_do_not_narrow_window_or_dpi_surface_fallbacks ... ok
test devtools::surface_runtime_devtools_snapshot_reports_tree_bounds_and_paint_summary ... ok
test devtools::surface_runtime_devtools_snapshot_reports_live_interaction_state ... ok
test focus_text::surface_runtime_keeps_disabled_widgets_out_of_focus_order ... ok
test devtools::surface_runtime_devtools_overlay_appends_runtime_overlay_primitives ... ok
test focus_text::surface_runtime_reports_focused_text_input_only_when_editable ... ok
test commands::runtime_commands::custom_host_moves_only_opaque_wake_for_non_send_ui_message ... ok
test focus_text::surface_runtime_reports_focused_widget_shortcut_preemption_opt_in ... ok
test devtools::surface_runtime_devtools_projection_flattens_tree_and_selected_details ... ok
test automation::devtools_snapshot_exposes_widget_automation_semantics ... ok
test focus_text::public_focus_loss_decision_supports_veto_and_allow_with_default_widgets ... ok
test focus_text::surface_runtime_clears_focus_when_refresh_removes_widget ... ok
test interaction::event_routing::backend_neutral_event_constructors_preserve_payloads ... ok
test automation::runtime_owned_split_publishes_a_stable_noninteractive_separator_target ... ok
test interaction::composition::text_input_composition_invalid_update_restores_without_host_change ... ok
test interaction::composition::composition_runtime_pins_owner_and_never_rebinds_continuations ... ok
test interaction::composition::invalid_composition_cancels_live_owner_and_fences_continuation ... ok
test interaction::composition::composition_terminal_is_owner_only_and_focus_loss_blocks_stale_samples ... ok
test focus_text::surface_runtime_manages_focus_and_routes_keyboard_to_focused_widget ... ok
test interaction::event_routing::normalized_key_release_constructors_are_public ... ok
test focus_text::surface_runtime_preserves_text_input_caret_selection_across_value_refreshes ... ok
test interaction::composition::invalid_composition_maps_one_owner_cancel_and_reprojects_without_rebinding ... ok
test interaction::composition::composition_refresh_preserves_exact_owner_and_blocks_removed_or_disabled_owner ... ok
test commands::runtime_commands::surface_runtime_executes_focus_exit_and_deferred_commands ... ok
test interaction::composition::text_input_composition_uses_runtime_owner_and_maps_only_commit ... ok
test interaction::event_routing::host_handled_page_down_blocks_focused_delivery_and_scroll_fallback ... ok
test interaction::event_routing::public_exact_wheel_sequence_retains_pending_no_output_and_routes_owner_first ... ok
test interaction::event_routing::public_legacy_scroll_dispatches_legacy_wheel_input_not_the_exact_sample_hook ... ok
test interaction::event_routing::focused_delivery_reprojection_disables_stale_keyboard_fallback ... ok
test interaction::event_routing::host_first_page_down_falls_back_once_for_focused_button ... ok
test interaction::event_routing::public_duplicate_or_hard_replacement_blocks_before_retargeting ... ok
test interaction::event_routing::public_numeric_wheel_consumes_exact_samples_and_legacy_scroll_stays_on_fallback ... ok
test interaction::event_routing::public_numeric_composition_keeps_preedit_local_until_one_valid_commit ... ok
test interaction::event_routing::public_blocked_wheel_ignores_multiple_changes_preserves_refresh_and_closes_on_terminal ... ok
test interaction::event_routing::public_numeric_pointer_scrub_reaches_generic_managed_capture_with_synthetic_provenance ... ok
test interaction::event_routing::public_numeric_keyboard_owner_conflict_still_resolves_host_first ... ok
test commands::runtime_commands::retained_timer_wakes_keep_runtime_work_alive_until_next_budgeted_drain ... ok
test interaction::event_routing::focused_activation_controls_admit_page_keys_and_preserve_event_projection ... ok
test interaction::event_routing::public_numeric_wheel_superseding_start_cancels_owner_before_retargeting ... ok
test interaction::event_routing::public_numeric_keyboard_routes_host_first_then_captured_continuations ... ok
test interaction::event_routing::public_retained_numeric_home_end_are_consumed_and_page_keys_are_unhandled ... ok
test focused_modal_page_down_scrolls_only_the_modal_ancestor ... ok
test interaction::event_routing::public_phase_less_and_discrete_wheel_samples_do_not_replace_blocked ... ok
test interaction::event_routing::public_terminal_clears_before_reprojection_and_does_not_leave_an_orphan ... ok
test interaction::event_routing::public_wheel_started_supersedes_active_and_blocked_slots ... ok
test interaction::event_routing::public_wheel_sequence_refresh_preserves_compatible_owner_and_clears_replacement_or_removal ... ok
test interaction::event_routing::public_wheel_sequence_clears_on_focus_and_authority_boundaries ... ok
test interaction::event_routing::public_widget_focused_key_opt_in_is_object_safe_and_captures_continuations ... ok
test interaction::event_routing::text_input_home_and_end_are_consumed_without_scroll_fallback ... ok
test interaction::event_routing::surface_runtime_skips_duplicate_viewport_resize_work ... ok
test interaction::event_routing::surface_runtime_resolves_host_shortcuts_before_widget_key_routing ... ok
test interaction::native_file_drop::native_file_drop_target_does_not_become_pointer_hit_target ... ok
test interaction::hover::surface_runtime_clears_hover_when_refresh_removes_widget ... ok
test interaction::event_routing::public_numeric_text_scale_refresh_retains_each_live_owner_and_geometry ... ok
test interaction::hover::surface_runtime_clears_hover_when_pointer_leaves_widget ... ok
test interaction::native_file_drop::native_file_drop_without_position_routes_to_topmost_declarative_target ... ok
test interaction::native_file_drop::native_file_drop_falls_back_to_app_hook_without_declarative_target ... ok
test interaction::native_file_drop::native_file_drop_routes_to_declarative_view_target ... ok
test interaction::event_routing::surface_runtime_routes_secondary_click_convenience ... ok
test interaction::native_file_drop::native_file_drop_accepting_view_without_mapper_falls_back_with_declarative_target ... ok
test invalidation::identity_audit_is_a_runtime_only_copyable_policy ... ok
test interaction::widget_input::surface_runtime_preserves_captured_drag_state_across_repaint_refreshes ... ok
test interaction::event_routing::surface_runtime_routes_backend_neutral_events ... ok
test interaction::native_file_drop::native_file_drop_prefers_topmost_declarative_target ... ok
test interaction::native_file_drop::exact_surface_native_file_drop_mapper_accepts_and_dispatches ... ok
test interaction::event_routing::surface_runtime_routes_pointer_click_convenience_through_press_and_release_events ... ok
test interaction::widget_input::surface_runtime_routes_widget_input_and_reprojects_surface ... ok
test invalidation::layout_stage_reprojects_and_recomputes_geometry ... ok
test invalidation::application_environment_text_scale_promotes_paint_only_to_one_layout_per_change ... ok
test invalidation::projection_stage_refreshes_paint_content_without_running_layout ... ok
test paint_projection::advanced_surfaces::retained_canvas_builder_projects_metadata_and_input_mapping ... ok
test paint_projection::advanced_surfaces::retained_canvas_input_mapper_accepts_ui_local_capture ... ok
test paint_projection::advanced_surfaces::retained_canvas_metadata_reaches_backend_neutral_paint_plan ... ok
test interaction::widget_input::surface_runtime_preserves_badge_release_activation_across_refresh ... ok
test invalidation::surface_stage_clears_focus_when_structural_revision_removes_identity ... ok
test invalidation::projection_stage_reuses_scrolled_geometry_and_scroll_state ... ok
test invalidation::button_capture_survives_scale_refresh_and_activates_once_at_same_physical_point ... ok
test paint_projection::advanced_surfaces::gpu_leaf_input_mapper_accepts_ui_local_capture ... ok
test invalidation::projection_stage_retains_focus_hover_and_pointer_capture_for_stable_identity ... ok
test interaction::widget_input::surface_runtime_preserves_toggle_release_activation_across_refresh ... ok
test paint_projection::gpu_surfaces::identity::surface_node_gpu_surface_helper_preserves_named_resource_identity ... ok
test paint_projection::gpu_surfaces::identity::gpu_surface_compatibility_constructor_delegates_to_named_parts ... ok
test paint_projection::gpu_surfaces::projection::invalid_gpu_surface_payloads_do_not_enter_paint_plan ... ok
test paint_projection::gpu_surfaces::projection::gpu_surface_widget_projects_generic_retained_gpu_primitive ... ok
test paint_projection::gpu_surfaces::custom_shader::custom_shader_gpu_surface_uses_normal_paint_plan_path ... ok
test paint_projection::gpu_surfaces::custom_shader::custom_shader_gpu_surface_preserves_presentation_uniform_builder_fields ... ok
test paint_projection::gpu_surfaces::stats::paint_plan_stats_count_backend_neutral_frame_shape ... ok
test paint_projection::layout_frames::generic_runtime_surface_projects_layout_without_legacy_app_contracts ... ok
test paint_projection::layout_frames::host_controlled_surface_frame_packages_layout_and_paint_plan ... ok
test paint_projection::layout_frames::host_controlled_surface_frame_can_collect_layout_debug_output ... ok
test paint_projection::public_boundary::generic_public_surface_resolves_theme_without_legacy_shell_contracts ... ok
test paint_projection::layout_frames::host_controlled_surface_can_resolve_layout_without_manual_layout_node_projection ... ok
test paint_projection::paint_plans::surface_paint_plan_into_reuses_existing_primitive_storage ... ok
test paint_projection::layout_frames::host_controlled_surface_layout_options_match_manual_stateful_layout ... ok
test paint_projection::public_boundary::view_and_element_aliases_match_runtime_surface_types ... ok
test paint_projection::public_boundary::overlay_panel_nodes_paint_without_joining_widget_hit_testing ... ok
test paint_projection::paint_plans::generic_surface_projects_deterministic_paint_without_legacy_shell_contracts ... ok
test paint_projection::paint_plans::runtime_layout_debug_options_append_red_node_border_strokes ... ok
test paint_projection::runtime_frames::runtime_context_and_renderer_cover_paint_plan_boundary ... ok
test paint_projection::runtime_frames::runtime_borrowed_frame_into_reuses_layout_and_paint_plan_storage ... ok
test paint_projection::runtime_frames::runtime_borrowed_frame_reuses_current_layout_without_cloning ... ok
test paint_projection::button_focus::clipped_runtime_frames_keep_each_combined_button_focus_cue_in_bounds ... ok
test pointer_motion::overlay::surface_runtime_reports_paint_only_pointer_overlay_outcomes ... ok
test pointer_motion::stable::surface_runtime_skips_stable_pointer_motion_for_opted_out_widgets ... ok
test pointer_motion::stable::surface_runtime_preserves_stable_pointer_motion_for_continuous_widgets ... ok
test pointer_motion::overlay::surface_runtime_keeps_captured_non_overlay_pointer_motion_on_scene_rebuild_path ... ok
test pointer_motion::overlay::surface_runtime_reports_captured_paint_only_pointer_overlay_outcomes ... ok
test pointer_motion::stable::surface_runtime_keeps_captured_pointer_motion_for_opted_out_widgets ... ok
test pointer_motion::stable::surface_runtime_stable_pointer_motion_still_respects_higher_overlapping_widgets ... ok
test paint_projection::paint_plans::control_heavy_paint_plan_presizes_for_button_chrome ... ok
test scene_interactive_layer_widgets_route_above_base_without_hiding_base_elsewhere ... ok
test scene_base_stack_hit_testing_matches_plain_stack ... ok
test scene_base_widget_receives_pointer_press_with_no_layers ... ok
test scene_layer_pass_through_preserves_base_hit_target ... ok
test surface_runtime_hit_testing_prefers_topmost_declarative_widget ... ok
test scene_layer_dismiss_surface_routes_below_foreground_content ... ok
test surface_runtime_hit_testing_skips_passive_widget_leaves ... ok
test scene_base_custom_widget_receives_press_move_release ... ok
test scene_base_pointer_capture_survives_refresh ... ok
test scene_layer_dismiss_on_outside_click_emits_message ... ok
test scene_layer_block_input_blocks_base_pointer_and_wheel ... ok
test surface_runtime_resolves_widget_cursor_at_hit_tested_point ... ok
test scene_layer_block_input_allows_foreground_scroll_before_input_shield ... ok
test invalidation::tree_row_runtime_refresh_preserves_capture_drag_semantics_and_physical_geometry ... ok
test virtual_layout_provider::direct_nested_public_shell_is_rejected_without_provider_authority ... ok
test virtual_layout_provider::edge_touching_custom_transform_uses_ordinary_baseline_without_custom_target ... ok
test virtual_layout_provider::public_duplicate_provider_ids_reject_whole_range_without_partial_targets ... ok
test virtual_layout_provider::zero_area_ancestor_intersection_publishes_ordinary_baseline_without_calls ... ok
test virtual_layout_provider::public_malformed_and_terminal_results_publish_no_partial_selection ... ok
test virtual_layout_provider::zero_area_own_viewport_intersection_publishes_ordinary_baseline_without_calls ... ok
test virtual_layout_provider::public_provider_reentry_is_rejected_atomically_and_runtime_remains_usable ... ok
test virtual_layout_provider::public_required_item_provider_is_explicit_only_and_does_not_call_range_provider ... ok
test virtual_layout_provider::rejected_custom_transform_revokes_retention_before_unavailable_or_deferred_retry ... ok
test virtual_layout_provider::public_range_provider_is_explicit_only_and_preserves_unmaterialized_authority ... ok
test virtual_scroll::phase_less_exact_wheel_samples_use_the_legacy_widget_hook ... ok
test virtual_scroll::wheel_routing_honors_custom_pointer_hit_policy ... ok
test virtual_layout_provider::custom_coordinate_attachment_maps_nonlinearly_only_during_explicit_refresh ... ok
test virtual_scroll::release_and_drop_use_event_specific_hit_test_inputs ... ok
test virtual_layout_provider::zero_area_surface_intersection_invalidates_prior_custom_publication ... ok
test virtual_layout_provider::public_range_fallbacks_are_exact_and_panics_leave_runtime_usable ... ok
test virtual_layout_provider::public_provider_replacement_scope_removal_and_close_fence_old_handles ... ok
test virtual_layout_provider::custom_transform_failures_use_ordinary_baseline_without_partial_entries ... ok
test commands::runtime_commands::surface_runtime_records_slow_update_handler_diagnostics ... ok
test virtual_scroll::surface_runtime_scrolls_virtual_list_with_cached_layout_and_bounded_paint_plan ... ok
test virtual_scroll::surface_runtime_skips_non_wheel_widgets_before_virtual_scroll_fallback ... ok
test paint_projection::button_focus::macos_offscreen_capture_keeps_clipped_bare_icon_focus_pixels_visible ... ok

test result: ok. 157 passed; 0 failed; 0 ignored; 0 measured; 0 filtered out; finished in 0.24s

     Running tests/shared_resource_tasks_public_api.rs (/Users/portalsurfer/.codex/radiant-validation/target/debug/deps/shared_resource_tasks_public_api-15f6689ad58a87bd)

running 8 tests
test release_inside_mapper_fences_post_map_reducer_application ... ok
test dropped_effect_rolls_back_and_ready_retention_reuses_without_new_worker ... ok
test scheduled_retry_respects_deadline_and_is_taken_once_without_join_bypass ... ok
test shared_task_cancellation_fences_stale_completion_and_permits_fresh_work ... ok
test effect_token_cancellation_settles_then_allows_a_fresh_same_key_join ... ok
test rejected_host_admission_restores_the_existing_shared_worker ... ok
test two_interests_share_one_worker_and_completion_reduces_on_later_turn ... ok
test final_release_before_terminal_skips_mapper_but_other_interest_keeps_work_live ... ok

test result: ok. 8 passed; 0 failed; 0 ignored; 0 measured; 0 filtered out; finished in 0.00s

     Running tests/surface_hover_public_api.rs (/Users/portalsurfer/.codex/radiant-validation/target/debug/deps/surface_hover_public_api-ed5b1bd62335239a)

running 6 tests
test static_styled_container_does_not_hover_without_opt_in ... ok
test runtime_frame_reflects_hover_aware_paint_state ... ok
test styled_list_row_hover_changes_container_chrome ... ok
test input_only_controls_do_not_suppress_surrounding_container_hover_chrome ... ok
test checkbox_hover_changes_paint_chrome ... ok
test control_hover_suppresses_surrounding_container_hover_chrome ... ok

test result: ok. 6 passed; 0 failed; 0 ignored; 0 measured; 0 filtered out; finished in 0.00s

     Running tests/surface_node_public_api.rs (/Users/portalsurfer/.codex/radiant-validation/target/debug/deps/surface_node_public_api-15cbe84ee65d0010)

running 4 tests
test surface_node_grid_helper_projects_tile_layout ... ok
test surface_nodes_support_explicit_public_container_construction ... ok
test surface_node_stack_and_card_helpers_project_grouped_surface ... ok
test surface_node_row_column_and_fill_helpers_project_layout ... ok

test result: ok. 4 passed; 0 failed; 0 ignored; 0 measured; 0 filtered out; finished in 0.00s

     Running tests/surface_scroll_public_api.rs (/Users/portalsurfer/.codex/radiant-validation/target/debug/deps/surface_scroll_public_api-a3720c8cb5779359)

running 44 tests
test paint::surface_paint_plan_culls_scroll_content_outside_visible_clip ... ok
test paint::styled_scroll_container_paints_own_chrome_then_clips_content ... ok
test paint::surface_paint_plan_clips_scroll_content_and_draws_scrollbar_affordance ... ok
test paint::reserved_scrollbar_clip_uses_committed_viewport_for_each_axis_selection ... ok
test paint::explicit_scrollbar_visibility_modes_are_distinct_and_legacy_scroll_area_stays_visible ... ok
test runtime::pointer_routing::surface_runtime_skips_scroll_update_when_clamped_offset_is_unchanged ... ok
test runtime::pointer_routing::surface_runtime_does_not_scroll_nested_view_outside_parent_clip ... ok
test runtime::pointer_routing::surface_runtime_routes_scroll_delta_to_scroll_view_under_pointer ... ok
test runtime::pointer_routing::surface_runtime_does_not_hit_scrolled_content_outside_scroll_viewport ... ok
test runtime::commands::fixed_row_reveal::surface_runtime_scroll_fixed_row_into_view_counts_partial_trailing_row ... ok
test runtime::commands::span_reveal::surface_runtime_scroll_into_view_uses_actual_viewport_height_and_margins ... ok
test runtime::commands::span_reveal::surface_runtime_scroll_into_view_can_snap_to_fixed_rows ... ok
test runtime::commands::fixed_row_reveal::surface_runtime_scroll_fixed_row_into_view_uses_row_stride ... ok
test runtime::pointer_routing::surface_runtime_direct_exact_sample_scroll_fallback_delivers_diagonal_delta ... ok
test runtime::commands::span_reveal::surface_runtime_scroll_commands_support_named_parts_construction ... ok
test runtime::commands::fixed_row_reveal::surface_runtime_scroll_fixed_row_into_view_anchors_directionally ... ok
test runtime::scrollbar_affordance::edit_lifecycle::container_scrollbar_noop_cancel_remains_typed_without_offset_projection ... ok
test runtime::scrollbar_affordance::edit_lifecycle::container_scrollbar_capture_loss_rolls_back_without_a_late_commit ... ok
test runtime::scrollbar_affordance::edit_lifecycle::application_scroll_edit_modifier_lowers_to_runtime_pointer_lifecycle ... ok
test runtime::commands::fixed_row_reveal::surface_runtime_scroll_fixed_row_into_view_neutral_direction_reveals_above_and_below ... ok
test runtime::scrollbar_affordance::edit_lifecycle::container_scrollbar_release_batches_final_motion_and_commits_once ... ok
test runtime::scrollbar_affordance::edit_lifecycle::controlled_wheel_echo_preserves_owner_and_new_value_retires_it ... ok
test runtime::scrollbar_affordance::edit_lifecycle::callback_replacement_never_cancels_an_ancestor_before_its_begin_is_delivered ... ok
test runtime::scrollbar_affordance::edit_lifecycle::programmatic_offset_is_one_atomic_edit_and_clamped_noops_are_silent ... ok
test runtime::scrollbar_affordance::edit_lifecycle::phase_less_and_discrete_wheel_samples_are_atomic ... ok
test runtime::scrollbar_affordance::edit_lifecycle::container_scrollbar_geometry_replacement_retires_old_edit_without_rollback ... ok
test runtime::scrollbar_affordance::auto_scrollbar_capture_requires_the_same_visibility_as_paint ... ok
test runtime::scrollbar_affordance::edit_lifecycle::programmatic_wheel_replacement_and_competing_pointer_do_not_share_ownership ... ok
test runtime::scrollbar_affordance::edit_lifecycle::replaced_wheel_geometry_cancels_without_rollback_or_rebinding ... ok
test runtime::scrollbar_affordance::edit_lifecycle::programmatic_replacement_cancels_pointer_owner_without_rolling_back ... ok
test runtime::scrollbar_affordance::edit_lifecycle::keyboard_repeats_are_distinct_atomic_edits_with_keyboard_provenance ... ok
test surface_node_scroll_area_helpers_project_scroll_view_layout ... ok
test runtime::scrollbar_affordance::edit_lifecycle::nested_wheel_chain_commits_or_rolls_back_each_owner_after_parent_translation ... ok
test runtime::scrollbar_affordance::edit_lifecycle::wheel_noop_boundaries_and_superseding_start_have_one_terminal_each ... ok
test runtime::scrollbar_affordance::edit_lifecycle::wheel_sequence_keeps_its_container_outside_hit_bounds_and_ignores_stale_input ... ok
test runtime::scrollbar_affordance::edit_lifecycle::wheel_cancellation_and_capture_loss_restore_the_starting_offset ... ok
test runtime::scrollbar_affordance::surface_runtime_drags_painted_scrollbar_thumb ... ok
test runtime::scrollbar_affordance::surface_runtime_highlights_painted_scrollbar_thumb_on_hover ... ok
test runtime::scrollbar_affordance::edit_lifecycle::replacement_during_pointer_cancellation_suppresses_stale_atomic_successor ... ok
test runtime::scrollbar_affordance::surface_runtime_clears_scrollbar_hover_when_refresh_removes_scroll_area ... ok
test runtime::scrollbar_affordance::scrollbar_release_settles_only_after_effective_movement ... ok
test runtime::scrollbar_affordance::phase_less_settlement_is_finalized_before_a_new_explicit_scroll_sequence ... ok
test surface_node_virtual_scroll_area_helper_records_virtual_window ... ok
test runtime::commands::fixed_row_reveal::surface_runtime_scroll_fixed_row_into_view_does_not_drift_over_repeated_navigation ... ok

test result: ok. 44 passed; 0 failed; 0 ignored; 0 measured; 0 filtered out; finished in 0.02s

     Running tests/surface_widget_helpers_public_api.rs (/Users/portalsurfer/.codex/radiant-validation/target/debug/deps/surface_widget_helpers_public_api-09c0d4276652daa1)

running 5 tests
test leaf_helpers::surface_button_mapped_forwards_complete_provenance_payload ... ok
test surface_helpers::scrollbar_list_item_and_canvas_helpers_build_common_leaf_nodes ... ok
test leaf_helpers::text_and_button_helpers_build_common_leaf_nodes ... ok
test leaf_helpers::static_widget_helper_builds_non_emitting_leaf ... ok
test value_helpers::text_input_and_toggle_helpers_map_value_messages ... ok

test result: ok. 5 passed; 0 failed; 0 ignored; 0 measured; 0 filtered out; finished in 0.00s

     Running tests/text_shaping_architecture.rs (/Users/portalsurfer/.codex/radiant-validation/target/debug/deps/text_shaping_architecture-4985fc331e5c6d17)

running 11 tests
test line_break_provider_treats_crlf_as_one_hard_break_and_preserves_terminal_behavior ... ok
test line_break_provider_is_deterministic_and_includes_terminal_mandatory_output ... ok
test line_break_adapter_rejects_unstored_provider_offsets ... ok
test bidi_spike_analyzes_mixed_direction_input ... ok
test line_break_provider_maps_combining_zwj_and_mixed_direction_text_to_graphemes ... ok
test grapheme_spike_preserves_combining_and_emoji_clusters ... ok
test representative_text_results_are_deterministic ... ok
test scalar_compatibility_boundaries_round_trip_and_use_explicit_affinity ... ok
test grapheme_boundaries_round_trip_through_typed_utf8_offsets ... ok
test covered_fixture_glyphs_have_stable_ids_clusters_and_advances ... ok
test missing_clusters_have_explicit_notdef_and_compatibility_replacement_output ... ok

test result: ok. 11 passed; 0 failed; 0 ignored; 0 measured; 0 filtered out; finished in 0.00s

     Running tests/virtual_layout_public_api.rs (/Users/portalsurfer/.codex/radiant-validation/target/debug/deps/virtual_layout_public_api-17f5af1448945a6b)

running 8 tests
test invalid_input_does_not_invoke_object_safe_policy ... ok
test semantic_cardinality_is_additive_qualified_declaration_evidence ... ok
test unstable_policy_identity_cannot_pass_exact_fence ... ok
test qualified_policy_is_object_safe_and_returns_bounded_typed_result ... ok
test unstable_custom_coordinate_identity_cannot_pass_exact_fence ... ok
test exact_fences_reject_each_changed_field_without_ordering_comparison ... ok
test policy_dispositions_are_distinct_and_the_capability_is_not_in_the_prelude ... ok
test public_provider_attachment_is_qualified_and_has_no_prelude_or_runtime_leakage ... ok

test result: ok. 8 passed; 0 failed; 0 ignored; 0 measured; 0 filtered out; finished in 0.00s

     Running tests/widgets_primitive_behaviors.rs (/Users/portalsurfer/.codex/radiant-validation/target/debug/deps/widgets_primitive_behaviors-c32b2189ee571fcd)

running 38 tests
test interaction::drag_handle_message_helpers_project_phase_and_position ... ok
test interaction::interactive_row_can_limit_pointer_motion_to_active_interactions ... ok
test interaction::interactive_row_suppresses_hover_during_external_drag ... ok
test interaction::interactive_row_drop_hover_reports_pointer_position ... ok
test interaction::interactive_row_drop_only_accepts_release_without_hover_notification ... ok
test interaction::drag_handle_emits_captured_drag_lifecycle ... ok
test interaction::interactive_row_can_report_active_drag_source_motion_after_refresh ... ok
test interaction::interactive_row_can_emit_modifier_aware_pointer_activation ... ok
test interaction::interactive_row_active_drag_source_releases_after_refresh ... ok
test interaction::interactive_row_clears_stale_hover_when_requested ... ok
test interaction::interactive_row_emits_double_activation ... ok
test interaction::color_marker_paints_right_aligned_square ... ok
test interaction::interactive_row_message_helpers_project_common_custom_row_intents ... ok
test interaction::feedback_overlay_paints_background_progress_and_edge_bands ... ok
test interaction::interactive_row_emits_secondary_activation ... ok
test interaction::list_item_invocation_is_public_and_deterministic ... ok
test interaction::pointer_shield_blocks_configured_pointer_events_inside_bounds ... ok
test interaction::pointer_shield_consumes_wheel_when_enabled ... ok
test interaction::pointer_shield_drop_only_reports_only_captured_drops ... ok
test interaction::pointer_shield_ignores_wheel_when_disabled ... ok
test interaction::pointer_shield_stays_quiet_when_inactive_or_outside_bounds ... ok
test interaction::progress_bar_can_emit_activation_when_enabled ... ok
test interaction::progress_bar_paints_determinate_track_and_fill ... ok
test interaction::selectable_paints_configured_color_marker_without_overlapping_label ... ok
test interaction::selectable_toggles_selected_state_with_pointer_and_keyboard ... ok
test interaction::text_input_message_helpers_project_value_and_event_kind ... ok
test interaction::text_widget_can_paint_accent_background_and_inset_text ... ok
test interaction::text_widget_can_use_muted_foreground_role ... ok
test interaction::widget_input_helpers_project_pointer_positions_and_start_bounds ... ok
test intrinsic::badge_intrinsic_sizing_and_activation_are_public_and_deterministic ... ok
test intrinsic::button_intrinsic_sizing_and_activation_are_public_and_deterministic ... ok
test intrinsic::card_intrinsic_sizing_is_public_and_non_interactive ... ok
test intrinsic::image_intrinsic_sizing_reuses_shared_rgba_payload ... ok
test value_controls::scrollbar_drag_and_track_click_emit_normalized_offsets ... ok
test value_controls::slider_drag_and_keyboard_emit_normalized_values ... ok
test value_controls::text_input_accepts_text_input_only_while_focused_and_editable ... ok
test value_controls::toggle_updates_active_state_when_activated ... ok
test value_controls::text_input_edits_and_submits_single_line_values ... ok

test result: ok. 38 passed; 0 failed; 0 ignored; 0 measured; 0 filtered out; finished in 0.00s

     Running tests/widgets_public_api.rs (/Users/portalsurfer/.codex/radiant-validation/target/debug/deps/widgets_public_api-d7f4256a1039c1dd)

running 44 tests
test composition::composition_types_stay_out_of_the_common_prelude_and_preserve_legacy_traits ... ok
test composition::widget_sizing_supports_named_parts_construction ... ok
test construction::widget_style_supports_named_construction_and_overrides ... ok
test key_release_widget_input_constructor_is_public ... ok
test exact_wheel_sample_types_are_qualified_and_preserve_units_and_phases ... ok
test knob_domain_contract_is_qualified_fixed_array_and_keeps_error_clone_conditional ... ok
test numeric_adjustment_is_qualified_generic_and_supports_non_clone_domain_values ... ok
test keyboard_modifier_payload_is_qualified_and_not_in_prelude ... ok
test numeric_codec_is_qualified_generic_and_supports_non_clone_domain_values ... ok
test construction::labeled_primitive_widgets_support_named_parts_construction ... ok
test numeric_edit_session_can_be_named_with_a_non_clone_type ... ok
test construction::sizing_only_widgets_support_named_parts_construction ... ok
test numeric_input_edit_batch_accepts_only_legal_lifecycle_fragments ... ok
test construction::interactive_primitive_widgets_support_named_parts_construction ... ok
test composition::composition_samples_are_qualified_validated_and_timestamp_free_when_synthetic ... ok
test numeric_edit_session_accepts_a_generic_domain_value_without_numeric_policy ... ok
test dispatch::toggle_message_exposes_explicit_programmatic_provenance_and_hashes_it ... ok
test dispatch::public_edit_events_are_readable_copyable_and_typed_output_routable ... ok
test numeric_input_interaction_batch_accepts_keyboard_and_text_edit_envelope_shapes ... ok
test composition::hidden_composition_hook_is_additive_and_legacy_default_cancels ... ok
test knob_public_contract_keeps_legacy_shape_and_official_typed_lifecycle ... ok
test dispatch::public_widgets_dispatch_messages_for_reusable_controls ... ok
test numeric_edit_session_is_available_through_qualified_and_widgets_root_exports ... ok
test numeric_input_pointer_scrub_policy_and_failures_are_qualified_and_fixed_capacity ... ok
test numeric_input_wheel_policy_and_atomic_edit_are_qualified_and_fixed ... ok
test numeric_step_modifiers_are_public_qualified_and_not_in_prelude ... ok
test slider_public_contract_keeps_bare_struct_literals_and_concise_output ... ok
test slider_runtime_constructor_owns_typed_edit_lifecycle ... ok
test numeric_input_policy_and_batch_types_are_not_in_the_common_prelude ... ok
test value_mapping_is_available_through_qualified_interaction_module ... ok
test scrollbar_runtime_edit_constructor_accepts_viewport_and_controlled_offset ... ok
test widget_output_exposes_typed_and_custom_value_helpers ... ok
test widget_output_supports_ui_local_payloads_and_clone_identity ... ok
test widget_paint_primitives_helper_captures_builtin_widget_paint ... ok
test composition::public_widgets_compose_with_public_layout_containers ... ok
test value_format_is_available_through_qualified_and_widgets_root_exports ... ok
test numeric_input_on_interaction_keeps_error_order_without_thread_bounds ... ok
test numeric_input_on_interaction_with_accessibility_keeps_local_error_types ... ok
test numeric_input_on_interaction_preserves_synthetic_typed_failures ... ok
test numeric_input_public_builder_is_generic_and_keeps_lifecycle_types_qualified ... ok
test numeric_input_on_interaction_maps_complete_keyboard_transaction_shapes ... ok
test numeric_input_on_interaction_maps_focus_loss_commit_once ... ok
test numeric_input_on_interaction_maps_one_complete_text_edit_envelope ... ok
test construction::control_and_media_widgets_support_named_parts_construction ... ok

test result: ok. 44 passed; 0 failed; 0 ignored; 0 measured; 0 filtered out; finished in 0.00s

