   Compiling radiant v0.1.0 (/Users/portalsurfer/.codex/worktrees/opt-1390-resource-interests-radiant)
warning: linker stderr: ld: __eh_frame section too large (max 16MB) to encode dwarf unwind offsets in compact unwind table, performance of exception handling might be affected
  |
  = note: `#[warn(linker_messages)]` on by default
  = note: the `linker_messages` lint ignores `-D warnings`

warning: `radiant` (lib test) generated 1 warning
    Finished `test` profile [unoptimized + debuginfo] target(s) in 2m 42s
     Running unittests src/lib.rs (/Users/portalsurfer/.codex/radiant-validation/target/debug/deps/radiant-aac666dda0f02901)

running 4283 tests
test application::commands::declarative::tests::duplicate_bindings_keep_a_diagnostic_and_cannot_project ... ok
test application::builders::leaf::controls::tests::empty_lowers_to_zero_extent_widget ... ok
test application::commands::declarative::tests::scope_attachments_are_excluded_from_component_caches_and_freeze_only_identity ... ok
test application::builders::leaf::controls::tests::spacer_lowers_to_non_painting_container ... ok
test application::builders::leaf::controls::tests::spacer_reserves_space_without_painting ... ok
test application::commands::host_tests::declarative_command_context_mismatch_is_terminal ... ok
test application::commands::control_tests::disabled_command_controls_are_visible_but_cannot_focus_or_reduce ... ok
test application::commands::presentation_tests::inherited_application_scopes_reject_ambiguity_type_mismatch_and_combined_capacity ... ok
test application::commands::host_tests::presentation_target_maps_once_and_composing_input_never_reaches_reducer ... ok
test application::commands::presentation_tests::native_presentations_reject_mismatched_and_ambiguous_scope_contexts ... ok
test application::commands::host_tests::declarative_command_layers_use_runtime_order_and_exclude_passive_content ... ok
test application::commands::host_tests::declarative_commands_nearest_disabled_editor_declines_to_ancestor ... ok
test application::commands::control_tests::command_control_release_cannot_retarget_a_press_after_scope_replacement ... ok
test application::commands::host_tests::declarative_prepared_scope_retains_targets_and_reads_keymap_overrides ... ok
test application::commands::control_tests::command_control_does_not_restore_a_removed_editor_context_when_identity_reappears ... ok
test application::commands::control_tests::semantic_command_control_uses_shared_context_mapper_and_request_provenance ... ok
test application::commands::control_tests::menu_and_palette_controls_use_one_mapper_with_their_presentation_source ... ok
test application::commands::control_tests::command_control_preserves_editor_context_and_maps_pointer_keyboard_and_shortcut_once ... ok
test application::commands::host_tests::declarative_commands_follow_committed_focus_and_refresh_context ... ok
test application::commands::tests::ambiguous_disabled_presentation_has_no_incidental_checked_state_or_target ... ok
test application::commands::tests::explicit_repeat_policy_and_registration_validation_are_enforced ... ok
test application::commands::host_tests::declarative_command_invalid_ownership_and_capacity_fail_closed ... ok
test application::commands::presentation_tests::native_presentation_errors_reject_the_batch_without_invoking_mapper ... ok
test application::commands::tests::documented_precedence_is_independent_of_input_order_and_disabled_scopes_decline ... ok
test application::commands::host_tests::application_command_input_and_targets_share_the_normal_reducer_and_revalidate_state ... ok
test application::commands::tests::primary_modifier_uses_platform_bits_and_extra_modifiers_do_not_match ... ok
test application::commands::tests::stale_targets_cannot_invoke_replaced_scope_registry_or_nearer_context ... ok
test application::commands::tests::ownership_does_not_require_context_clone_or_message_clone_and_metadata_is_thread_shareable ... ok
test application::commands::tests::text_composition_repeat_and_reservations_terminally_preempt_the_single_mapper ... ok
test application::commands::tests::malformed_inputs_duplicate_scopes_and_oversized_documents_fail_closed ... ok
test application::commands::tests::same_precedence_enabled_conflict_has_no_ordered_winner ... ok
test application::commands::tests::one_localized_projection_supplies_label_checked_state_shortcuts_and_a_current_target ... ok
test application::commands::tests::logical_characters_and_physical_positions_remain_distinct_and_cross_kind_overlap_conflicts ... ok
test application::control_builders::badge::tests::badge_builder_passive_paints_without_host_message ... ok
test application::control_builders::badge::tests::outlined_badge_keeps_background_fill_and_paints_accent_border ... ok
test application::commands::tests::keymap_round_trip_preserves_invalid_and_unavailable_entries_and_uses_only_valid_overrides ... ok
test application::commands::tests::keymap_validation_reports_reserved_required_conflicts_and_deliberate_shadowing_without_applying ... ok
test application::commands::presentation_tests::native_presentations_share_one_snapshot_and_activations_revalidate_before_mapping ... ok
test application::control_builders::badge::tests::interactive_badge_paints_badge_content ... ok
test application::commands::control_tests::semantic_command_target_cannot_bypass_new_modal_precedence ... ok
test application::commands::tests::duplicate_overrides_are_inactive_instead_of_last_entry_winning ... ok
test application::control_builders::dropdown::tests::dropdown_height_tracks_expanded_options ... ok
test application::control_builders::dropdown::tests::dropdown_builder_accepts_toggle_and_options ... ok
test application::control_builders::dropdown::tests::dropdown_builder_accepts_explicit_option_selection ... ok
test application::control_builders::dropdown::tests::dropdown_menu_overlay_below_positions_menu_after_trigger_gap ... ok
test application::control_builders::dropdown::tests::dropdown_builder_accepts_options_before_required_toggle ... ok
test application::control_builders::dropdown::tests::dropdown_menu_overlay_below_trigger_uses_standard_trigger_height ... ok
test application::control_builders::dropdown::tests::dropdown_option_compatibility_constructor_delegates_to_named_parts ... ok
test application::control_builders::button_row::tests::button_row_applies_compact_default_geometry ... ok
test application::control_builders::button_row::tests::button_row_accepts_custom_metrics ... ok
test application::control_builders::dropdown::tests::dropdown_option_optional_value_constructor_selects_none_and_some ... ok
test application::control_builders::dropdown::tests::dropdown_option_named_selection_constructors_make_state_explicit ... ok
test application::control_builders::dropdown::tests::dropdown_option_value_constructor_selects_matching_value ... ok
test application::control_builders::button_row::tests::button_row_routes_child_button_messages ... ok
test application::commands::presentation_tests::native_presentations_use_the_current_resolved_locale_without_mapping ... ok
test application::control_builders::dropdown::tests::dropdown_trigger_builds_external_overlay_toggle ... ok
test application::control_builders::dropdown::tests::dropdown_trigger_chevron_uses_catalog_svg_without_text_glyph ... ok
test application::control_builders::dropdown::tests::dropdown_menu_overlay_below_labeled_control_uses_standard_control_offset ... ok
test application::control_builders::dropdown::tests::dropdown_menu_overlay_below_stacked_labeled_control_uses_stack_cursor_offset ... ok
test application::control_builders::interactive_row::tests::drag_drop::interactive_row_underlay_configures_tracked_drop_candidate_clear ... ok
test application::control_builders::interactive_row::tests::drag_drop::interactive_row_actions_route_keyed_drop_targets ... ok
test application::control_builders::interactive_row::tests::drag_drop::tracked_drag_source_sets_drag_and_motion_policy ... ok
test application::control_builders::interactive_row::tests::drag_drop::interactive_row_underlay_configures_tracked_drop_target ... ok
test application::control_builders::interactive_row::builder::underlay::policy::tests::dense_row_policy_preserves_drag_session_motion_after_drop_candidate_policy ... ok
test application::control_builders::interactive_row::tests::drag_drop::tracked_drag_source_with_motion_emits_retained_source_motion ... ok
test application::control_builders::interactive_row::tests::drag_drop::tracked_drop_candidate_reports_hover_for_new_candidate ... ok
test application::control_builders::interactive_row::tests::drag_drop::tracked_drop_candidate_reports_hover_to_clear_active_target ... ok
test application::control_builders::interactive_row::tests::drag_drop::tracked_drop_candidate_suppresses_hover_for_current_target ... ok
test application::control_builders::interactive_row::tests::drag_drop::tracked_drop_target_accepts_drop_without_repeating_hover_for_active_target ... ok
test application::control_builders::interactive_row::tests::drag_drop::tracked_drop_target_emits_hover_for_candidate_target ... ok
test application::control_builders::interactive_row::tests::primitive_input::interactive_row_actions_route_keyed_primary_and_secondary_actions ... ok
test application::control_builders::interactive_row::tests::primitive_input::interactive_row_actions_route_keyed_activation_and_secondary_actions ... ok
test application::control_builders::interactive_row::tests::primitive_input::interactive_row_actions_route_keyed_modifier_activation_and_drag ... ok
test application::control_builders::interactive_row::tests::primitive_input::interactive_row_actions_route_modifier_activation_for_embedded_rows ... ok
test application::control_builders::interactive_row::tests::primitive_input::dense_row_policy_drag_session_motion_clears_hover_for_input_only_rows ... ok
test application::control_builders::interactive_row::tests::public_builder::interactive_row_underlay_applies_dense_row_policy_input_bundle ... ok
test application::control_builders::interactive_row::tests::public_builder::interactive_row_underlay_exposes_common_input_presets ... ok
test application::control_builders::interactive_row::tests::public_builder::interactive_row_underlay_derives_stable_numeric_input_id ... ok
test application::control_builders::interactive_row::tests::public_builder::interactive_row_underlay_derives_stable_text_input_id ... ok
test application::control_builders::interactive_row::tests::public_builder::interactive_row_underlay_preserves_input_widget_identity ... ok
test application::control_builders::interactive_row::tests::primitive_input::interactive_row_actions_route_common_row_messages ... ok
test application::control_builders::interactive_row::tests::public_builder::interactive_row_underlay_stable_row_identity_keys_row_and_input ... ok
test application::control_builders::icon_button::tests::icon_button_keyboard_activation_keeps_key_timestamp_and_synthetic_sources ... ok
test application::control_builders::icon_button::tests::standard_icon_buttons_route_activation_messages ... ok
test application::control_builders::interactive_row::tests::visual_state::input_only_dense_row_policy_preserves_existing_underlay_visual_state ... ok
test application::control_builders::interactive_row::tests::visual_state::interactive_row_underlay_dense_chrome_paints_selected_state ... ok
test application::control_builders::icon_button::tests::standard_icon_buttons_parse_and_paint_retained_svg ... ok
test application::control_builders::interactive_row::tests::visual_state::dense_row_policy_visual_state_overrides_only_configured_parts ... ok
test application::control_builders::icon_button::tests::icon_button_builder_passive_paints_without_host_message ... ok
test application::control_builders::dropdown::tests::dropdown_projects_open_and_selected_states_into_shared_markers ... ok
test application::control_builders::interactive_row::tests::visual_state::interactive_row_underlay_dense_chrome_paints_active_target_state ... ok
test application::control_builders::interactive_row::tests::visual_state::interactive_row_underlay_paints_visible_content ... ok
test application::control_builders::interactive_row::tests::visual_state::pressed_underlay_marker_overrides_faded_host_focus_until_release ... ok
test application::control_builders::interactive_row::tests::visual_state::selectable_dense_row_policy_paints_selected_chrome ... ok
test application::control_builders::interactive_row::tests::visual_state::interactive_row_underlay_dense_chrome_accepts_custom_paint_parts ... ok
test application::control_builders::progress_bar::tests::progress_bar_for_snapshot_uses_determinate_mode_when_total_is_known ... ok
test application::control_builders::progress_bar::tests::progress_bar_for_snapshot_uses_indeterminate_mode_when_total_is_unknown ... ok
test application::control_builders::progress_bar::tests::progress_bar_message_maps_activation_to_cloned_host_message ... ok
test application::control_builders::progress_bar::tests::progress_bar_passive_paints_without_host_output_mapping ... ok
test application::control_builders::text_input::tests::text_input_clear_button_routes_input_and_clear_activation ... ok
test application::control_builders::text_input::tests::text_input_clear_button_applies_compact_default_geometry ... ok
test application::control_builders::text_input::tests::text_input_clear_button_hides_inactive_button_but_reserves_slot ... ok
test application::control_builders::tree_row::tests::focused_tree_row_paints_focus_outline_without_selected_fill ... ok
test application::control_builders::tree_row::tests::selected_hovered_tree_row_uses_highlighted_label_color ... ok
test application::control_builders::tree_row::tests::selected_hover_tree_row_paints_configured_fill_and_marker ... ok
test application::control_builders::tree_row::tests::selected_focused_tree_row_paints_selected_fill_without_marker ... ok
test application::control_builders::tree_row::tests::selected_idle_tree_row_keeps_normal_label_color ... ok
test application::control_builders::scrollbar::tests::scrollbar_message_maps_offset_changes_to_host_message ... ok
test application::control_builders::badge::tests::interactive_badge_routes_row_interactions_through_badge_visual ... ok
test application::control_builders::badge::tests::interactive_badge_tracked_drop_candidate_routes_stale_target_clear ... ok
test application::control_builders::badge::tests::interactive_badge_tracked_drag_source_with_motion_routes_source_moves ... ok
test application::control_builders::badge::tests::interactive_badge_routes_common_row_actions ... ok
test application::control_builders::action_row::tests::action_row_emits_message_on_primary_activation ... ok
test application::control_builders::pointer_target::tests::view_pointer_target_if_skips_disabled_target ... ok
test application::control_builders::pointer_target::tests::view_pointer_target_preserves_owner_slot_sizing ... ok
test application::control_builders::tree_row::tests::tree_row_assigned_bounds_do_not_derive_declared_font_or_inset ... ok
test application::control_builders::tree_row::tests::selected_tree_row_paints_persistent_leading_marker ... ok
test application::control_builders::tree_row::tests::tree_row_explicit_height_selects_nominal_font_but_stays_physical ... ok
test application::control_builders::tree_row::tests::tree_row_routes_modifier_aware_activation ... ok
test application::control_builders::tree_row::tests::tree_row_optional_semantics_use_host_selection_and_runtime_focus ... ok
test application::control_builders::tree_row::tests::styled_tree_row_resolves_dense_chrome_from_frame_theme ... ok
test application::control_builders::tree_row::tests::tree_row_declared_metrics_follow_scale_without_scaling_physical_row_geometry ... ok
test application::control_builders::tree_row::tests::tree_row_ltr_and_rtl_mirror_container_geometry_but_keep_label_metrics ... ok
test application::control_builders::tree_row::tests::tree_row_routes_interactive_actions ... ok
test application::control_builders::tree_row::tests::tree_row_pointer_focus_uses_full_marker_only_until_release ... ok
test application::control_builders::tree_row::tests::tree_row_stable_row_identity_keys_row_and_hit_target ... ok
test application::control_builders::tree_row::tests::tree_row_ui_local_construction_preserves_configured_hit_height ... ok
test application::control_builders::tree_row::tests::tree_row_with_toggle_projects_label ... ok
test application::details_list::model::columns::tests::details_column_reorder_index_uses_non_dragged_midpoints ... ok
test application::details_list::model::drag::tests::details_column_drag_feedback_projects_marker_relative_to_content ... ok
test application::details_list::model::columns::tests::reorder_visible_details_columns_by_id_ignores_hidden_dragged_column ... ok
test application::details_list::model::drag::tests::details_column_drag_feedback_sanitizes_marker_offset_and_missing_columns ... ok
test application::details_list::model::drag::tests::details_column_reorder_marker_tracks_hovered_column_edge ... ok
test application::details_list::model::drag::tests::update_details_column_reorder_drag_cancel_clears_without_reorder ... ok
test application::details_list::model::drag::tests::details_column_resize_drag_clamps_width ... ok
test application::details_list::model::columns::tests::reorder_visible_details_columns_by_id_targets_visible_subset ... ok
test application::details_list::model::columns::tests::reorder_details_columns_by_id_preserves_other_column_order ... ok
test application::details_list::model::drag::tests::details_column_reorder_drag_uses_estimated_content_left ... ok
test application::details_list::model::drag::tests::update_details_column_reorder_drag_handles_one_coalesced_move ... ok
test application::details_list::model::drag::tests::update_details_column_reorder_drag_reorders_and_clears_on_end ... ok
test application::details_list::model::drag::tests::update_details_column_resize_drag_cancel_restores_start_width_and_clears ... ok
test application::control_builders::pointer_target::tests::view_pointer_target_if_routes_enabled_target ... ok
test application::control_builders::pointer_target::tests::view_pointer_target_is_bounded_to_owner_layout ... ok
test application::control_builders::pointer_target::tests::view_pointer_target_routes_drop_above_owner_content ... ok
test application::details_list::model::drag::tests::update_details_column_resize_drag_ignores_unknown_starts_and_orphaned_motion ... ok
test application::details_list::model::drag::tests::update_details_column_resize_drag_manages_drag_lifecycle ... ok
test application::details_list::model::drag::tests::update_visible_details_column_reorder_drag_preserves_hidden_columns ... ok
test application::details_list::model::resize_edit::tests::finite_extreme_positions_clamp_without_overflow ... ok
test application::details_list::model::resize_edit::tests::pointer_metadata_is_preserved_and_loss_carries_no_fabricated_timestamp ... ok
test application::control_builders::tree_row::tests::tree_row_explicit_guide_height_stays_independent_for_mapped_and_local_builders ... ok
test application::details_list::model::resize_edit::tests::invalid_starts_and_nonfinite_motion_are_inert_and_invalid_terminal_cancels ... ok
test application::details_list::model::resize_edit::tests::atomic_candidates_preserve_provenance_and_do_not_join_an_active_pointer_owner ... ok
test application::details_list::model::resize_edit::tests::rollback_and_noop_cancel_have_consistent_typed_terminal_but_distinct_value_projection ... ok
test application::details_list::model::resize_edit::tests::no_op_updates_are_suppressed_but_return_to_start_and_commit_are_preserved ... ok
test application::details_list::model::resize_edit::tests::removed_replaced_or_rebounded_model_cancels_without_writing_over_the_new_model ... ok
test application::details_list::model::resize_edit::tests::threshold_start_final_motion_and_terminal_share_one_width_transaction ... ok
test application::details_list::model::resize_edit::tests::wrong_column_and_duplicate_start_cannot_take_over_an_admitted_resize ... ok
test application::control_builders::tree_row::tests::tree_row_keeps_guide_expander_icon_and_hit_geometry_physical ... ok
test application::details_list::model::sort::tests::details_sort_label_marks_only_sorted_column ... ok
test application::details_list::model::sort::tests::sort_direction_applies_to_ascending_ordering ... ok
test application::details_list::view::header::tests::compact_details_header_cell_ids_can_derive_stable_column_ids ... ok
test application::details_list::view::header::tests::compact_details_header_child_ids_derive_from_cell_id ... ok
test application::environment::tests::application_changes_select_targeted_invalidation ... ok
test application::environment::tests::application_environment_resolves_explicit_locale_fallbacks ... ok
test application::environment::tests::distinct_equal_catalog_values_are_unchanged ... ok
test application::environment::tests::distinct_same_generation_catalog_entries_require_surface_repaint ... ok
test application::details_list::view::compact::tests::compact_details_anchored_cell_preserves_cell_size_and_places_child ... ok
test application::environment::tests::identical_catalog_pointer_is_unchanged_without_comparing_entries ... ok
test application::environment::tests::text_scale_rejects_non_finite_and_unbounded_values ... ok
test application::control_builders::pointer_target::tests::stacked_pointer_targets_route_to_topmost_event_compatible_target ... ok
test application::form_row::tests::dense_form_row_removes_outer_chrome_for_embedded_control_rows ... ok
test application::form_row::tests::form_row_accepts_custom_metrics_and_style ... ok
test application::ids::tests::explicit_identity_claim_audits_duplicates ... ok
test application::form_row::tests::dense_form_row_helper_uses_dense_defaults ... ok
test application::ids::tests::id_generator_deduplicates_reserved_ids_before_generation ... ok
test application::form_row::tests::form_row_applies_compact_default_geometry ... ok
test application::ids::tests::id_generator_keeps_sorted_reserved_ids_for_small_sets ... ok
test application::ids::tests::id_generator_preserves_sparse_generation_before_collision ... ok
test application::ids::tests::structural_generation_skips_reserved_and_duplicate_ids ... ok
test application::ids::tests::structural_identity_is_deterministic_and_role_typed ... ok
test application::labeled_control::tests::labeled_control_control_offset_sanitizes_custom_metrics ... ok
test application::ids::tests::id_generator_uses_hashed_reserved_ids_for_large_sets ... ok
test application::labeled_control::tests::labeled_control_default_control_offset_matches_compact_metrics ... ok
test application::launch::projection_producer::tests::abort_clears_pending_and_bumps_authority_without_exact ... ok
test application::launch::projection_producer::tests::authority_revision_max_bump_is_permanently_exhausted ... ok
test application::ids::tests::id_generator_skips_probing_after_reserved_range_is_exhausted ... ok
test application::ids::tests::id_generator_skips_probing_when_next_id_is_below_reserved_range ... ok
test application::launch::projection_producer::tests::distinct_receipts_are_retained_and_supplied_as_the_next_baseline ... ok
test application::launch::projection_producer::tests::dropped_transaction_poison_and_non_idle_entry_stays_full ... ok
test application::launch::projection_producer::tests::external_invalidation_applies_to_startup_and_bound ... ok
test application::launch::projection_producer::tests::generation_jump_rebinds_untrusted_base_and_recovers_after_full ... ok
test application::launch::projection_producer::tests::held_exact_is_discarded_and_retried_against_old_receipt ... ok
test application::launch::projection_producer::tests::max_owner_and_none_owner_are_permanent_full_modes ... ok
test application::launch::projection_producer::tests::published_full_promotes_then_allows_exact_recovery ... ok
test application::launch::projection_producer::tests::reserved_request_and_generation_disable_authority_without_pending ... ok
test application::launch::projection_producer::tests::runtime_rebind_resets_request_high_water_for_new_runtime ... ok
test application::launch::projection_producer::tests::same_request_binds_startup_projects_once_and_stages ... ok
test application::launch::projection_producer::tests::stale_same_runtime_full_keeps_request_high_water_and_cannot_promote ... ok
test application::launch::projection_producer::tests::viewport_window_and_application_fences_force_full_then_recover ... ok
test application::launch::projection_producer::tests::wrong_runtime_stale_revision_and_authority_produce_full_without_authority ... ok
test application::launch::stateful::builder::tests::devtools_overlay_builder_preserves_default_and_enabled_option ... ok
test application::launch::window::tests::devtools_overlay_builder_preserves_default_and_enabled_option ... ok
test application::layout_builders::collection::tests::keyed_iteration_supports_non_clone_items_and_keys ... ok
test application::layout_builders::collection::tests::explicit_extractor_matches_keyed_identity ... ok
test application::layout_builders::collection::tests::explicit_identity_overrides_inferred_key ... ok
test application::layout_builders::collection::tests::keyed_identity_includes_key_type_and_root_kind ... ok
test application::layout_builders::collection::tests::keyed_iteration_accepts_borrowed_items_and_preserves_reordered_roots ... ok
test application::layout_builders::containers::tests::built_in_containers_lower_through_the_shared_surface_container ... ok
test application::layout_builders::containers::tests::stack_layers_with_multiple_children_lowers_to_stack_container ... ok
test application::layout_builders::lists::tests::bounded_scroll::bounded_scroll_column_hides_empty_rows ... ok
test application::layout_builders::containers::tests::stack_layers_without_children_lowers_to_empty_widget ... ok
test application::layout_builders::containers::tests::stack_layers_with_one_child_returns_child_without_stack_container ... ok
test application::layout_builders::lists::tests::bounded_scroll::bounded_scroll_column_caps_visible_row_height ... ok
test application::launch::stateful::builder::tests::context_aware_projection_receives_updated_window_environment ... ok
test application::layout_builders::lists::tests::scroll_update::virtual_list_window_change_for_scroll_maps_offset_to_window ... ok
test application::layout_builders::lists::tests::row_chrome::list_row_id_applies_fixed_row_chrome_defaults ... ok
test application::layout_builders::lists::tests::scroll_update::virtual_list_window_change_uses_runtime_viewport_height ... ok
test application::layout_builders::lists::tests::scroll_update::virtual_list_window_retains_materialized_rows_until_the_viewport_reaches_an_edge ... ok
test application::layout_builders::lists::tests::scroll_update::virtual_list_window_retention_covers_a_partially_visible_trailing_row ... ok
test application::layout_builders::lists::tests::virtual_window::virtual_list_window_body_keeps_body_identity_when_top_spacer_appears ... ok
test application::launch::stateful::builder::tests::app_bridge_projects_locale_snapshot_and_promotes_weak_refresh_scope ... ok
test application::launch::stateful::builder::tests::app_bridge_same_locale_catalog_replacement_promotes_paint_only_refresh ... ok
test application::layout_builders::lists::tests::virtual_window::virtual_list_materialized_windowed_projects_slice_rows_with_global_indices ... ok
test application::layout_builders::lists::tests::tree_window::virtual_tree_list_window_projects_rows_and_guide_overlay_together ... ok
test application::layout_builders::lists::tests::tree_window::virtual_tree_list_windowed_projects_rows_and_accepts_window_messages ... ok
test application::layout_builders::overlay_stack::tests::overlay_stack_omits_none_overlays_and_inputs ... ok
test application::layout_builders::lists::tests::virtual_window::virtual_list_window_body_uses_app_owned_spacer_scroll ... ok
test application::layout_builders::overlay_stack::tests::overlay_stack_preserves_declared_order ... ok
test application::layout_builders::overlay_stack::tests::overlay_stack_with_only_base_returns_base_without_stack_container ... ok
test application::layout_builders::lists::tests::virtual_window::virtual_list_window_body_keeps_spacers_generic ... ok
test application::layout_builders::lists::tests::virtual_window::virtual_list_window_projects_only_materialized_range ... ok
test application::layout_builders::overlays::tests::floating::floating_layer_above_positions_child_before_trigger_gap ... ok
test application::layout_builders::overlays::tests::floating::floating_layer_below_positions_child_after_trigger_gap ... ok
test application::ids::tests::id_generator_skips_dense_reserved_runs_after_collision ... ok
test application::layout_builders::overlays::tests::layers::anchored_layer_places_child_at_configured_edges ... ok
test application::layout_builders::overlays::tests::layers::centered_layer_uses_anchored_layer_center_policy ... ok
test application::layout_builders::overlay_stack::tests::overlay_stack_routes_input_above_overlays ... ok
test application::layout_builders::overlays::tests::markers::local_drop_marker_clamps_to_visible_bounds ... ok
test application::layout_builders::overlays::tests::markers::local_drop_marker_paints_at_local_x ... ok
test application::layout_builders::overlays::tests::popover::anchored_popover_clamps_horizontal_origin_to_viewport ... ok
test application::layout_builders::overlays::tests::popover::anchored_popover_positions_below_trigger_with_gap ... ok
test application::layout_builders::lists::tests::tree_window::virtual_tree_list_window_mapper_accepts_ui_local_capture_on_scroll ... ok
test application::layout_builders::lists::tests::virtual_window::virtual_list_builder_window_mapper_invokes_and_drops_ui_local_capture ... ok
test application::layout_builders::lists::tests::virtual_window::materialized_virtual_list_builder_window_mapper_invokes_and_drops_ui_local_capture ... ok
test application::layout_builders::resizable::tests::resizable_wraps_content_and_resize_handle_in_a_row ... ok
test application::layout_builders::resizable::tests::resizable_builder_mapper_invokes_and_drops_ui_local_capture ... ok
test application::layout_builders::resizable::tests::subtle_resizable_builder_mapper_invokes_and_drops_ui_local_capture ... ok
test application::layout_builders::resizable::tests::subtle_resize_handle_uses_standard_handle_configuration ... ok
test application::layout_builders::overlays::tests::input::input_underlay_routes_input_below_visible_content ... ok
test application::layout_builders::scene::tests::layer_policy::layer_input_policy_defaults_to_pass_through ... ok
test application::layout_builders::overlays::tests::input::input_overlay_routes_transparent_input_above_content ... ok
test application::layout_builders::scene::tests::layer_policy::layer_kind_order_is_stable ... ok
test application::layout_builders::scene::tests::layer_policy::layer_policy_methods_report_policy ... ok
test application::layout_builders::scene::tests::root::scene_omits_none_layers ... ok
test application::layout_builders::overlays::tests::input::dismissible_overlay_routes_outside_activation_to_dismiss_layer ... ok
test application::layout_builders::overlays::tests::input::dismissible_overlay_with_interactive_base_dismisses_noninteractive_base_space ... ok
test application::layout_builders::overlays::tests::input::dismissible_overlay_with_interactive_base_keeps_base_controls_above_dismiss_layer ... ok
test application::layout_builders::scene::tests::root::scene_paint_order_matches_layer_kind_order ... ok
test application::layout_builders::scene::tests::root::scene_preserves_declared_order_within_each_kind ... ok
test application::layout_builders::scene::tests::layer_policy::scene_layer_input_policy_preserves_layer_kind_z_order ... ok
test application::layout_builders::scene::tests::root::scene_overlay_layers_project_from_base_descendants ... ok
test application::layout_builders::scene::tests::root::scene_applies_fixed_layer_kind_z_order ... ok
test application::layout_builders::scene::tests::root::scene_with_only_base_returns_base_layout ... ok
test application::layout_builders::overlays::tests::popover::dismissible_anchored_popover_backing_emits_close_message ... ok
test application::layout_builders::overlays::tests::popover::anchored_popover_routes_clicks_after_flip_and_clamp ... ok
test application::layout_builders::scene::tests::view_overlays::scene_overlay_layers_compose_before_explicit_root_layers ... ok
test application::layout_builders::scene::tests::view_overlays::view_overlays_omit_none_layers ... ok
test application::layout_builders::scene::tests::view_overlays::view_overlays_project_from_owner_subtree ... ok
test application::layout_builders::overlays::tests::popover::dismissible_anchored_popover_routes_foreground_clicks_before_backing_layer ... ok
test application::layout_builders::scene::tests::view_overlays::scene_overlay_layers_preserve_declaration_order_within_kind ... ok
test application::layout_builders::shell::tests::workspace_shell_fills_available_space ... ok
test application::layout_builders::shell::tests::workspace_shell_builds_top_workspace_and_status_regions ... ok
test application::layout_builders::scene::tests::view_overlays::view_overlays_support_typed_optional_layer_helpers ... ok
test application::layout_builders::shell::tests::workspace_shell_paints_workspace_overlays_after_the_complete_workspace_row ... ok
test application::layout_builders::shell::tests::workspace_shell_includes_optional_sidebars_around_workspace ... ok
test application::layout_builders::slots::tests::fixed_slot_absent_branch_uses_non_painting_content ... ok
test application::layout_builders::slots::tests::fixed_slot_if_lazily_skips_absent_content ... ok
test application::layout_builders::shell::tests::workspace_shell_preserves_owner_overlays ... ok
test application::layout_builders::slots::tests::fixed_slot_opt_reserves_same_slot_when_content_is_absent ... ok
test application::layout_builders::toolbar::tests::toolbar_applies_default_spacing_and_honors_control_height ... ok
test application::layout_builders::toolbar::tests::toolbar_routes_child_control_messages ... ok
test application::layout_builders::toolbar::tests::toolbar_trailing_controls_are_separated_by_fill_space ... ok
test application::layout_builders::toolbar::tests::toolbar_can_align_controls_to_the_end ... ok
test application::localization::tests::source_and_missing_outcomes_are_explicit_and_stable ... ok
test application::localization::tests::missing_diagnostics_are_deduplicated_by_generation_locale_and_key ... ok
test application::localization::tests::locale_ids_are_canonical_and_validated ... ok
test application::menu::tests::actions::menu_command_style_helpers_are_generic ... ok
test application::layout_builders::scene::tests::view_overlays::view_overlays_blocking_modal_consumes_base_input ... ok
test application::menu::tests::actions::message_menu_applies_command_styles ... ok
test application::menu::tests::overlays::dismissible_context_menu_with_width_policy_sizes_from_longest_label ... ok
test application::layout_builders::toolbar::tests::default_toolbar_grows_with_localized_controls_but_explicit_height_stays_physical ... ok
test application::menu::tests::overlays::fixed_menu_width_keeps_its_physical_constraint_while_default_height_scales ... ok
test application::menu::tests::overlays::message_context_menu_overlay_flips_up_when_bottom_would_clip ... ok
test application::menu::tests::overlays::dismissible_context_menu_with_width_uses_standard_menu_height ... ok
test application::menu::tests::overlays::message_context_menu_overlay_opens_down_when_space_below ... ok
test application::menu::tests::projection::compact_message_menu_width_policy_clamps_to_default_range ... ok
test application::menu::tests::projection::compact_message_menu_fits_folder_delete_label_and_shortcut_hint ... ok
test application::menu::tests::projection::message_menu_hotkey_hint_width_contributes_to_auto_width ... ok
test application::menu::tests::projection::automatic_menus_scale_geometry_and_share_visible_semantic_command_identity ... ok
test application::layout_builders::scene::tests::view_overlays::scene_overlay_dismiss_policy_routes_above_base ... ok
test application::menu::tests::projection::message_menu_paints_command_labels_and_hotkey_hints_as_columns ... ok
test application::layout_builders::scene::tests::view_overlays::view_overlays_dismissible_context_menu_routes_outside_click ... ok
test application::menu::tests::overlays::flipped_message_context_menu_routes_clicks_to_painted_items ... ok
test application::menu::tests::overlays::dismissible_context_menu_backing_emits_dismiss_message ... ok
test application::menu::tests::actions::message_menu_emits_host_messages ... ok
test application::layout_builders::scene::tests::view_overlays::view_overlays_context_menu_survives_release_from_opening_secondary_press ... ok
test application::option_list::tests::model::compact_option_list_parts_exposes_capped_height ... ok
test application::menu::tests::actions::menu_command_keeps_capture_and_updates_accessible_name_across_locale_refresh ... ok
test application::option_list::tests::placement::compact_option_list_floating_above_positions_popup_before_trigger ... ok
test application::option_list::tests::placement::compact_option_list_anchored_positions_popup_from_parent_edges ... ok
test application::option_list::tests::model::compact_option_list_caps_height_and_keeps_empty_lists_hidden ... ok
test application::panel_section::tests::dialog_layer_projects_standard_dialog_panel ... ok
test application::panel_section::tests::panel_section_content_offsets_sanitize_invalid_inputs ... ok
test application::panel_section::tests::closeable_dialog_layer_projects_standard_dialog_panel ... ok
test application::panel_section::tests::panel_section_dialog_parts_use_standard_dialog_chrome ... ok
test application::panel_section::tests::dialog_layer_parts_anchor_standard_dialog_panel ... ok
test application::panel_section::tests::panel_section_geometry_exposes_content_height_conversion ... ok
test application::panel_section::tests::panel_section_header_parts_routes_custom_header_input ... ok
test application::panel_section::tests::panel_section_parts_adds_trailing_resize_handle ... ok
test application::panel_section::tests::panel_section_resize_header_spans_width_and_routes_drag_messages ... ok
test application::panel_section::tests::panel_section_parts_exposes_content_offsets ... ok
test application::panel_section::tests::panel_section_header_parts_builds_custom_header_section ... ok
test application::option_list::tests::interaction::compact_option_list_anchored_hover_maps_pointer_row_index ... ok
test application::option_list::tests::interaction::compact_option_list_interaction_maps_hover_across_full_row_width ... ok
test application::option_list::tests::interaction::compact_option_list_activation_maps_clicked_row_index ... ok
test application::option_list::tests::interaction::compact_option_list_interaction_maps_hovered_row_index ... ok
test application::runtime::queue::tests::blocked_reservation_closure_does_not_retain_runtime_ingress ... ok
test application::option_list::tests::interaction::compact_option_list_floating_above_composes_activation ... ok
test application::runtime::queue::tests::app_runtime_shutdown_is_idempotent_and_publishes_stopped_after_cleanup ... ok
test application::option_list::tests::interaction::compact_option_list_anchored_activation_maps_clicked_row_index ... ok
test application::runtime::queue::tests::delivery_reservation_does_not_retain_runtime_ingress ... ok
test application::runtime::queue::tests::budgeted_pending_drain_reports_remaining_runtime_work ... ok
test application::runtime::queue::tests::controller_timer_wakes_do_not_enter_application_identity_registry ... ok
test application::runtime::queue::tests::one_shot_timer_reservation_rejects_without_registration_leak ... ok
test application::runtime::queue::tests::duplicate_one_shot_wake_coalescing_releases_extra_reservation ... ok
test application::runtime::queue::tests::pending_frame_drains_before_regular_messages ... ok
test application::runtime::queue::tests::ordinary_pending_messages_keep_full_ordering_and_depth ... ok
test application::runtime::queue::tests::opaque_worker_messages_obey_normal_and_interactive_budgets ... ok
test application::runtime::queue::tests::pending_frame_is_coalesced_until_drained ... ok
test application::runtime::queue::tests::pending_message_queue_drains_into_reused_output_without_replacing_queue_storage ... ok
test application::runtime::queue::tests::pending_frame_drains_before_retained_backlog ... ok
test application::runtime::queue::tests::pending_message_queue_retains_capacity_after_drain ... ok
test application::runtime::queue::tests::delayed_messages_stop_after_runtime_shutdown ... ok
test application::runtime::queue::tests::recurring_timer_wakes_coalesce_and_continue_after_saturation ... ok
test application::runtime::queue::tests::sequenced_sources_preserve_fifo_order ... ok
test application::runtime::queue::tests::platform_reservations_remain_bounded_until_ui_drain ... ok
test application::runtime::queue::tests::recurring_wake_rejects_when_terminal_reservation_uses_last_slot ... ok
test application::runtime::queue::tests::delayed_messages_use_runtime_timer_lane ... ok
test application::runtime::queue::tests::shared_ingress_closing_is_monotonic_and_rejects_late_admission ... ok
test application::runtime::queue::tests::shared_ingress_is_send_and_sync_without_the_message_type ... ok
test application::runtime::queue::tests::shared_ingress_rejects_newest_at_capacity_and_keeps_fifo ... ok
test application::runtime::queue::tests::shared_terminal_reservation_rolls_back_without_leaking_capacity ... ok
test application::runtime::subscription::registry::tests::disconnect_is_ordered_after_payload_mapping ... ok
test application::runtime::queue::tests::shared_ingress_preserves_worker_before_later_timer_order ... ok
test application::runtime::queue::tests::ui_queue_accepts_rc_backed_messages ... ok
test application::runtime::subscription::registry::tests::unknown_identity_does_not_invoke_mapper ... ok
test application::runtime::subscription::registry::tests::stale_identity_does_not_invoke_mapper ... ok
test application::runtime::subscription::tests::batch_flattens_nested_subscriptions_in_order ... ok
test application::runtime::subscription::tests::batch_collapses_single_subscription_groups ... ok
test application::runtime::subscription::tests::batch_drops_empty_subscriptions ... ok
test application::runtime::queue::tests::worker_payload_shutdown_fence_rechecks_liveness_before_append ... ok
test application::runtime::queue::tests::worker_disconnect_shutdown_fence_rechecks_liveness_before_append ... ok
test application::runtime::subscription::tests::blocked_worker_subscription_does_not_retain_runtime_ingress ... ok
test application::runtime::task::cancellation::tests::cancellation_token_is_shared_across_clones ... ok
test application::runtime::task::keyed_latest::tests::keyed_latest_tasks_finish_completion_returns_only_current_output ... ok
test application::runtime::subscription::tests::worker_receive_stops_while_sender_remains_open ... ok
test application::runtime::task::keyed_latest::tests::keyed_latest_tasks_reject_stale_tickets_per_key ... ok
test application::runtime::task::keyed_latest::tests::keyed_latest_tasks_can_cancel_and_remove_keys ... ok
test application::runtime::task::latest::tests::rejected_timer_replacements_restore_the_observable_chain ... ok
test application::runtime::task::latest::tests::cloned_latest_tasks_have_isolated_effect_identities ... ok
test application::runtime::task::latest::tests::latest_task_finish_completion_returns_only_current_output ... ok
test application::runtime::task::latest::tests::latest_task_rejects_stale_tickets_after_newer_begin ... ok
test application::runtime::task::latest::tests::timer_replacement_publishes_and_accepts_latest_ticket ... ok
test application::runtime::task::latest::tests::settlement_hook_runs_after_latest_state_and_cleanup_bounds_rejections ... ok
test application::runtime::task::resource_interests::tests::capacity_rejection_does_not_bind_a_first_runtime ... ok
test application::runtime::subscription::tests::saturated_worker_subscription_commits_terminal_without_retry_spin ... ok
test application::runtime::task::resource_interests::tests::dead_owner_prune_uses_atomic_witness_and_retains_ready_metadata ... ok
test application::runtime::task::resource_interests::tests::class_transition_retains_exact_lease ... ok
test application::runtime::task::resource_interests::tests::duplicate_admission_and_clone_require_last_handle_drop ... ok
test application::runtime::task::resource_interests::tests::capacities_are_independently_enforced_after_dead_pruning ... ok
test application::runtime::task::resource_interests::tests::demand_generation_stays_stable_until_the_final_owner_releases ... ok
test application::runtime::subscription::tests::interval_subscription_delivers_ticks_from_runtime_timer_lane ... ok
test application::runtime::bridge::adapter::view::tests::geometry_change_falls_back_then_recovers_exact_interaction_updates ... ok
test application::runtime::task::resource_interests::tests::lease_generation_exhaustion_fails_closed ... ok
test application::runtime::task::resource_interests::tests::liveness_pruning_never_upgrades_an_orphaned_handle_while_locked ... ok
test application::runtime::task::resource_interests::tests::multiple_owners_join_and_only_last_release_removes_resource ... ok
test application::runtime::task::resource_interests::tests::retired_owner_is_never_admitted_or_reported_live ... ok
test application::runtime::task::resource_interests::tests::retained_ready_key_gets_a_new_demand_generation_after_reacquisition ... ok
test application::runtime::task::resource_interests::tests::released_entry_is_removed_before_replacement_capacity_accounting ... ok
test application::runtime::task::resource_interests::tests::total_lease_capacity_is_independent_of_resource_capacity ... ok
test application::runtime::task::resource_interests::tests::stale_release_cannot_remove_reinserted_interest ... ok
test application::runtime::task::resource_interests::tests::runtime_is_bound_once_and_shutdown_invalidates_all_handles ... ok
test application::runtime::task::resource_interests::tests::weak_retirement_guard_does_not_extend_application_ownership ... ok
test application::runtime::subscription::tests::worker_payload_mapper_runs_on_ui_thread_and_drops_after_disconnect ... ok
test application::runtime::task::resource_operations::tests::foreign_broker_cannot_finish_a_matching_current ... ok
test application::runtime::task::resource_operations::tests::cancelled_accepted_work_is_stale_and_join_reserves_a_retry ... ok
test application::runtime::task::resource_operations::tests::cancelled_unsettled_work_stays_pending_until_rejection_then_retries ... ok
test application::runtime::task::resource_operations::tests::cancelled_predecessor_or_explicit_key_cancel_cannot_revive_on_rejection ... ok
test application::runtime::task::resource_operations::tests::late_completed_token_cancellation_preserves_ready_and_due_retry_state ... ok
test application::runtime::task::resource_operations::tests::capacity_stale_retry_and_shutdown_fail_closed ... ok
test application::runtime::task::resource_operations::tests::explicit_cancel_invalidates_settled_work_without_opening_a_second_pending_slot ... ok
test application::runtime::task::resource_operations::tests::multiowner_survives_one_release_then_final_release_and_reacquire_fences_old_work ... ok
test application::runtime::task::resource_operations::tests::replacement_token_cancellation_restores_an_uncancelled_predecessor ... ok
test application::runtime::task::resource_operations::tests::only_one_unsettled_replacement_is_admitted_and_rejection_restores_its_predecessor ... ok
test application::runtime::task::resource_operations::tests::ready_retention_counts_against_ledger_capacity_and_reacquire_reserves_fresh_work ... ok
test application::runtime::task::resource_operations::tests::retry_is_consumed_once_and_join_does_not_bypass_backoff ... ok
test application::runtime::task::resource_tasks::tests::cloned_resource_tasks_keep_exclusive_reservations_isolated ... ok
test application::runtime::task::resource_tasks::tests::exclusive_resource_tasks_reject_duplicate_active_key ... ok
test application::runtime::task::resource_tasks::tests::latest_resource_tasks_replace_previous_ticket_for_same_key ... ok
test application::runtime::task::resource_tasks::tests::exclusive_transactions_rollback_only_the_rejected_key ... ok
test application::runtime::task::resource_tasks::tests::resource_tasks_finish_completion_returns_only_current_output ... ok
test application::runtime::task::resource_tasks::tests::rejected_exclusive_completion_is_stale_and_reservation_is_released ... ok
test application::runtime::task::resource_tasks::tests::accepted_exclusive_transaction_persists_until_finish_or_cancel ... ok
test application::runtime::threading::tests::business_lane_availability_is_priority_specific ... ok
test application::runtime::threading::tests::business_thread_names_make_offloaded_work_explicit ... ok
test application::runtime::task::resource_operations::tests::sequential_rejected_replacements_do_not_accumulate_latest_rollback_history ... ok
test application::runtime::bridge::adapter::view::tests::application_bridge_supplies_exact_leaf_evidence_and_matches_full_projection ... ok
test application::runtime::threading::tests::business_thread_pool_rejects_work_when_no_workers_are_available ... ok
test application::runtime::threading::tests::default_business_worker_count_keeps_ui_capacity_available ... ok
test application::runtime::threading::tests::disconnected_business_lane_returns_payload_without_running_work ... ok
test application::runtime::threading::tests::business_thread_pool_records_lifecycle_diagnostics ... ok
test application::runtime::threading::tests::business_thread_pool_records_cancelled_completion_diagnostics ... ok
test application::runtime::queue::tests::invalidated_one_shot_timer_releases_reservation_when_due ... ok
test application::runtime::threading::tests::unavailable_business_lane_returns_payload_without_running_work ... ok
test application::runtime::threading::tests::business_thread_pool_runs_queued_work_on_named_workers ... ok
test application::runtime::threading::tests::spawn_business_thread_reports_success_for_started_work ... ok
test application::runtime::timer::lane::tests::timer_lane_rejects_work_when_worker_is_unavailable ... ok
test application::runtime::update_context::business::admission::tests::dropping_receipt_releases_weak_state ... ok
test application::runtime::timer::registry::tests::application_and_controller_wakes_with_equal_ids_route_to_their_owner ... ok
test application::runtime::timer::queue::tests::equal_due_interval_and_command_wakes_preserve_insertion_order ... ok
test application::runtime::update_context::business::admission::tests::guard_closes_pending_receipt ... ok
test application::runtime::update_context::business::admission::tests::receipt_starts_pending_and_resolves_once ... ok
test application::runtime::threading::tests::business_lane_rejects_newest_without_waiting_when_full ... ok
test application::runtime::update_context::business::keyed_latest::tests::abandoned_keyed_and_resource_latest_builders_restore_predecessors ... ok
test application::runtime::update_context::business::keyed_latest::tests::keyed_latest_stream_tags_intermediate_and_final_outputs ... ok
test application::runtime::update_context::business::keyed_latest::tests::keyed_latest_stream_latest_uses_coalescing_command ... ok
test application::runtime::update_context::business::keyed_latest::tests::owner_keyed_latest_coalesced_stream_publishes_latest_mode_and_transaction ... ok
test application::runtime::update_context::business::keyed_latest::tests::every_exclusive_builder_form_carries_transactional_admission ... ok
test application::runtime::update_context::business::keyed_latest::tests::keyed_latest_reuses_identity_per_key_and_keeps_keys_independent ... ok
test application::runtime::update_context::business::keyed_latest::tests::owner_keyed_latest_ordered_stream_publishes_owner_receipt_generation_and_transaction ... ok
test application::runtime::update_context::business::latest::tests::abandoned_latest_builders_restore_the_previous_ticket ... ok
test application::runtime::update_context::business::latest::tests::cancellable_owner_latest_forms_publish_token_transaction_generation_and_mode ... ok
test application::runtime::update_context::business::latest::tests::owner_latest_ordered_stream_publishes_transaction_receipt_and_identity ... ok
test application::runtime::update_context::business::latest::tests::owner_latest_coalesced_stream_publishes_owner_receipt_generation_transaction_and_latest_mode ... ok
test application::runtime::update_context::business::latest::tests::every_non_keyed_latest_worker_form_publishes_a_transaction ... ok
test application::runtime::update_context::business::latest::tests::owner_latest_worker_form_publishes_owner_transaction_and_receipt ... ok
test application::runtime::update_context::business::request::stream_guard::tests::latest_stream_close_guard_explicit_close_is_not_repeated_on_drop ... ok
test application::runtime::update_context::business::sink::tests::emit_records_current_business_task_stream_event ... ok
test application::runtime::threading::tests::interactive_business_lane_runs_more_than_one_user_visible_task ... ok
test application::runtime::threading::tests::interactive_business_work_does_not_wait_behind_blocked_background_work ... ok
test application::runtime::threading::tests::interactive_business_work_does_not_wait_behind_blocked_io_work ... ok
test application::runtime::update_context::business::work_context::tests::checkpoint_records_current_business_task_diagnostics ... ok
test application::status_bar::tests::status_bar_projects_segments_and_trailing_content ... ok
test application::runtime::update_context::business::work_context::tests::fail_if_over_budget_reports_budget_error ... ok
test application::runtime::update_context::business::work_context::tests::new_with_probe_wires_cancellation_checks ... ok
test application::text_content::tests::literals_owned_strings_and_arcs_keep_their_intended_storage ... ok
test application::view_node::components::tests::application_environment_change_invalidates_unchanged_inputs ... ok
test application::view_node::components::tests::changed_input_and_capturing_projectors_are_fresh ... ok
test application::view_node::components::tests::custom_clone_behavior_falls_back_without_reconstructing_from_cached_widget ... ok
test application::view_node::components::tests::actual_component_and_widget_lowering_callbacks_skip_unchanged_sibling ... ok
test application::view_node::components::tests::exact_inputs_skip_callbacks_and_removed_keys_retire ... ok
test application::view_node::components::tests::component_receipt_does_not_admit_raw_runtime_nodes ... ok
test application::view_node::components::tests::later_environment_source_override_reaches_components_and_runtime ... ok
test application::view_node::components::tests::component_receipt_partial_refresh_matches_full_refresh_during_capture ... ok
test application::view_node::components::tests::native_window_snapshot_change_invalidates_component_cache ... ok
test application::view_node::components::tests::production_component_reuse_matches_fresh_projection_during_capture ... ok
test application::view_node::components::tests::changed_component_receipt_rebases_only_its_proven_interaction_leaf ... ok
test application::view_node::components::tests::interaction_change_inside_component_preserves_captured_widget_like_full_refresh ... ok
test application::view_node::components::tests::topology::component_reorder_insert_remove_preserves_capture_then_retires_before_reuse ... ok
test application::view_node::components::tests::topology::component_topology_preserves_ime_and_removed_editor_rejects_stale_commit ... ok
test application::view_node::identity::tests::continuity_key_identity_is_isolated_by_parent_scope ... ok
test application::view_node::identity::tests::continuity_key_preserves_string_compatibility_and_same_scope_identity ... ok
test application::view_node::components::tests::unchanged_component_preserves_ime_during_unrelated_projection ... ok
test application::runtime::threading::tests::runtime_sleep_stops_promptly_after_shutdown ... ok
test application::runtime::update_context::business::work_context::tests::business_work_diagnostic_scope_restores_after_panic ... ok
test application::layout_builders::collection::tests::duplicate_keys_reject_projection_deterministically ... ok
test application::view_node::identity::tests::duplicate_runtime_ids_reject_projection ... ok
test application::view_node::identity::tests::explicit_runtime_reidentification_does_not_conflict_with_original_id ... ok
test application::view_node::identity::tests::identity_modifiers_use_last_call_wins ... ok
test application::view_node::identity::tests::numeric_and_runtime_ids_reject_projection ... ok
test application::view_node::identity::tests::nested_insertion_does_not_change_unrelated_branch_identity ... ok
test application::view_node::identity::tests::preserve_state_obeys_later_identity_modifiers ... ok
test application::view_node::identity::tests::preserve_state_reidentifies_runtime_backed_roots ... ok
test application::view_node::identity::tests::reserved_id_collection_includes_floating_layer_child_identities ... ok
test application::view_node::identity::tests::reserved_id_collection_includes_grid_child_identities ... ok
test application::view_node::identity::tests::reserved_id_collection_presizes_for_large_child_groups ... ok
test application::view_node::identity::tests::reserved_id_collection_presizes_wrapped_runtime_identities ... ok
test application::view_node::identity::tests::reserved_id_collection_presizes_for_nested_child_identities ... ok
test application::view_node::identity::tests::reserved_id_collection_skips_unreserved_descendants ... ok
test application::view_node::identity::tests::same_kind_property_change_keeps_structural_identity ... ok
test application::view_node::identity::tests::same_position_kind_change_changes_structural_identity ... ok
test application::view_node::identity::tests::static_sibling_insertion_remains_positional ... ok
test application::view_node::identity::tests::scene_layer_and_input_roles_have_distinct_generated_ids ... ok
test application::view_node::identity::tests::view_node_key_accepts_previous_to_string_inputs ... ok
test application::view_node::identity::tests::structural_fallback_ids_are_stable_across_repeated_projection ... ok
test application::view_node::identity::tests::view_node_overlay_optional_none_does_not_reserve_identity ... ok
test application::view_node::identity::tests::view_node_overlay_reserved_id_collection_includes_foreground_identities ... ok
test application::view_node::identity::tests::view_node_overlay_reserved_id_collection_includes_input_identities ... ok
test application::view_node::lowering_defaults::tests::explicit_container_defaults_override_style_padding_and_alignment ... ok
test application::view_node::lowering_defaults::tests::styled_container_defaults_to_panel_padding ... ok
test application::view_node::identity::tests::duplicate_explicit_continuity_keys_reject_projection ... ok
test application::layout_builders::collection::tests::unequal_same_hash_keys_reject_in_both_orders ... ok
test application::layout_builders::collection::tests::view_local_overlay_collisions_reject_projection ... ok
test application::view_node::reconciliation::tests::actual_child_add_remove_falls_back_full ... ok
test application::view_node::reconciliation::tests::actual_conservative_mapper_change_falls_back_full ... ok
test application::view_node::reconciliation::tests::actual_custom_projection_falls_back_full ... ok
test application::view_node::reconciliation::tests::actual_direct_runtime_view_falls_back_full ... ok
test application::view_node::identity::tests::duplicate_numeric_ids_reject_projection ... ok
test application::view_node::identity::tests::explicit_continuity_key_collision_with_numeric_id_rejects_projection ... ok
test application::view_node::reconciliation::tests::actual_exact_mapper_change_falls_back_full ... ok
test application::view_node::reconciliation::tests::actual_geometry_change_falls_back_full ... ok
test application::view_node::reconciliation::tests::actual_keyed_parent_and_child_freeze_final_compatibility ... ok
test application::view_node::reconciliation::tests::actual_identical_view_has_no_exact_roots ... ok
test application::view_node::reconciliation::tests::actual_keyed_child_path_and_parent_compatibility_drive_one_exact_root ... ok
test application::view_node::reconciliation::tests::actual_membership_change_falls_back_full ... ok
test application::view_node::reconciliation::tests::actual_nested_button_change_reports_one_root_and_unchanged_siblings ... ok
test application::view_node::reconciliation::tests::actual_paint_change_falls_back_full ... ok
test application::view_node::reconciliation::tests::actual_reorder_falls_back_full ... ok
test application::view_node::reconciliation::tests::actual_offset_settled_callback_change_falls_back_full ... ok
test application::view_node::reconciliation::tests::actual_slot_change_falls_back_full ... ok
test application::view_node::reconciliation::tests::actual_source_compatibility_change_falls_back_full ... ok
test application::view_node::reconciliation::tests::actual_scene_lifecycle_and_layer_views_fall_back_full ... ok
test application::view_node::reconciliation::tests::identical_receipts_are_exact_without_roots ... ok
test application::view_node::reconciliation::tests::actual_changed_root_bound_admits_64_and_rejects_65 ... ok
test application::view_node::reconciliation::tests::actual_split_callback_and_layout_capability_change_falls_back_full ... ok
test application::view_node::reconciliation::tests::actual_virtual_layout_falls_back_full ... ok
test application::view_node::reconciliation::tests::lowering_records_postorder_paths_and_one_widget_projection ... ok
test application::view_node::reconciliation::tests::synthetic_receipt_path_comparison_accepts_explicit_path ... ok
test application::view_node::reconciliation::tests::unsupported_previous_receipt_cannot_become_exact ... ok
test application::view_node::reconciliation::tests::synthetic_changed_root_bound_is_full_instead_of_truncated ... ok
test application::view_node::virtual_layout::tests::batch_identity_admission_rejects_unsupported_item_forms ... ok
test application::view_node::virtual_layout::tests::batch_identity_admission_rejects_duplicate_wrappers_before_lowering ... ok
test application::view_node::virtual_layout::tests::complete_batch_admits_shell_and_items_with_scoped_wrappers ... ok
test application::view_node::virtual_layout::tests::context_identified_custom_widget_preserves_the_wrapper ... ok
test application::view_node::virtual_layout::tests::duplicate_key_identity_is_rejected ... ok
test application::view_node::virtual_layout::tests::equal_slot_tuple_preserves_wrapper_and_descendant_identity ... ok
test application::view_node::virtual_layout::tests::every_slot_tuple_component_changes_wrapper_identity ... ok
test application::view_node::virtual_layout::tests::unsupported_item_forms_are_rejected_before_lowering ... ok
test application::layout_builders::collection::tests::separate_keyed_collections_with_same_parent_scope_reject ... ok
test env_flags::tests::truthy_parser_accepts_supported_tokens ... ok
test env_flags::tests::truthy_parser_rejects_non_truthy_tokens ... ok
test application::launch::projection_producer::tests::projection_panic_unwinds_through_drop_guard ... ok
test guardrails::tests::guardrail_reports_file_line_and_guidance_for_blocking_tokens ... ok
test guardrails::tests::guardrail_accepts_custom_forbidden_tokens_for_host_domains ... ok
test gui::automation::tests::automation_targets_preserve_preorder_depth_and_paths ... ok
test gui::automation::tests::display_text_prefers_label_then_value_then_description ... ok
test gui::automation::tests::target_snapshot_preserves_viewport_and_interaction_state ... ok
test guardrails::tests::guardrail_allows_narrow_worker_or_platform_boundaries ... ok
test gui::automation::tests::separator_role_and_snapshot_schemas_round_trip_through_json ... ok
test gui::badge::tests::inline_badge_labels_and_widths_are_stable ... ok
test gui::badge::tests::inline_badge_rects_clamp_to_available_item_row ... ok
test gui::badge::tests::inline_badge_labels_owned_into_reuses_output_storage ... ok
test gui::badge::tests::inline_badge_rects_handle_empty_or_cramped_inputs ... ok
test gui::badge::tests::inline_badge_rects_into_reuses_label_and_rect_storage ... ok
test gui::badge::tests::inline_badge_rects_with_widths_reuses_width_and_rect_storage ... ok
test gui::badge::tests::inline_badge_width_in_range_clamps_non_empty_labels ... ok
test gui::badge::tests::pill_editor_panel_defaults_to_closed_empty_panel ... ok
test gui::badge::tests::selectable_pill_preserves_identity_label_and_state ... ok
test gui::chrome::tests::content_view_chrome_defaults_to_product_neutral_copy ... ok
test gui::chrome::tests::content_view_chrome_groups_related_copy ... ok
test gui::chrome::tests::status_segments_build_explicit_and_incremental_labels ... ok
test gui::chrome::tests::status_segments_default_to_empty_text ... ok
test gui::chrome::tests::status_segments_left_center_leaves_right_label_empty ... ok
test gui::chrome::tests::status_segments_primary_populates_left_label_only ... ok
test gui::chrome::tests::status_segments_support_named_parts_construction ... ok
test gui::disclosure::tests::exclusive_open_can_be_created_from_optional_key ... ok
test gui::disclosure::tests::exclusive_open_reports_open_and_close_changes ... ok
test gui::disclosure::tests::exclusive_open_reports_toggle_changes ... ok
test gui::disclosure::tests::exclusive_open_toggles_one_item_at_a_time ... ok
test gui::feedback::inline::tests::inline_indicator_layout_places_segments_after_text_and_clamps_to_right_limit ... ok
test gui::feedback::inline::tests::inline_indicator_layout_rejects_nonfinite_content_rect ... ok
test gui::feedback::inline::tests::inline_indicator_layout_sanitizes_text_measurement_inputs ... ok
test gui::feedback::inline::tests::inline_indicator_reserved_width_includes_text_gap_and_unit_gaps ... ok
test gui::feedback::inline::tests::inline_indicator_reserved_width_sanitizes_nonfinite_metrics ... ok
test gui::feedback::progress::overlay::tests::progress_overlay_defaults_to_hidden_and_empty ... ok
test gui::feedback::progress::overlay::tests::progress_snapshot_clamps_known_totals ... ok
test gui::feedback::progress::overlay::tests::progress_snapshot_reports_indeterminate_progress ... ok
test gui::feedback::progress::phase::tests::progress_phase_clamps_completed_ratio ... ok
test gui::feedback::progress::phase::tests::progress_phase_ignores_unknown_totals ... ok
test gui::feedback::progress::phase::tests::progress_phase_maps_completed_work_into_subrange ... ok
test gui::feedback::progress::phase::tests::progress_phase_clamps_non_finite_bounds ... ok
test gui::feedback::progress::throttle::tests::progress_update_gate_accepts_terminal_fraction_immediately ... ok
test gui::feedback::progress::throttle::tests::progress_update_gate_coalesces_tight_fraction_updates ... ok
test gui::feedback::progress::phase::tests::progress_phase_reports_when_fraction_is_known ... ok
test gui::feedback::progress::throttle::tests::progress_update_gate_rejects_backward_non_terminal_updates ... ok
test gui::feedback::progress::throttle::tests::throttled_progress_reporter_calls_callback_for_accepted_updates ... ok
test gui::feedback::progress::track::bipolar::tests::vertical_bipolar_fill_rect_projects_positive_and_negative_values ... ok
test gui::feedback::progress::track::bipolar::tests::vertical_bipolar_fill_rect_rejects_invalid_or_empty_output ... ok
test gui::feedback::progress::track::bipolar::tests::vertical_bipolar_value_maps_track_edges_to_signed_range ... ok
test gui::feedback::progress::track::meter::tests::horizontal_discrete_meter_fill_rect_rejects_nonfinite_tracks ... ok
test gui::feedback::progress::track::meter::tests::horizontal_discrete_meter_fill_rect_rounds_and_clamps_byte_levels ... ok
test gui::feedback::progress::track::meter::tests::horizontal_meter_fill_rect_clamps_level_and_minimum_width ... ok
test gui::feedback::progress::track::meter::tests::horizontal_meter_fill_rect_sanitizes_nonfinite_inputs ... ok
test gui::feedback::progress::track::progress::tests::cursor::push_horizontal_value_cursor_fill_appends_visible_cursor ... ok
test gui::feedback::progress::track::progress::tests::cursor::horizontal_value_cursor_rect_centers_pixel_stable_full_height_strip ... ok
test gui::feedback::progress::track::progress::tests::cursor::push_horizontal_value_cursor_fill_skips_invalid_track ... ok
test gui::feedback::progress::track::progress::tests::cursor::push_horizontal_value_cursor_fills_appends_visible_cursors ... ok
test gui::feedback::progress::track::progress::tests::cursor::widget_paint_pushes_horizontal_value_cursor_fill ... ok
test gui::feedback::progress::track::progress::tests::cursor::widget_paint_pushes_horizontal_value_cursor_fills ... ok
test gui::feedback::progress::track::progress::tests::edge::horizontal_value_range_edge_rects_returns_top_and_bottom_strips ... ok
test gui::feedback::progress::track::progress::tests::cursor::horizontal_value_cursor_rect_sanitizes_invalid_inputs ... ok
test gui::feedback::progress::track::progress::tests::edge::horizontal_value_range_edge_rects_clamps_height_and_skips_empty_ranges ... ok
test gui::feedback::progress::track::progress::tests::edge::push_horizontal_value_range_edge_fills_appends_edge_strips ... ok
test gui::feedback::progress::track::progress::tests::edge::widget_paint_pushes_horizontal_value_range_edge_fills ... ok
test gui::feedback::progress::track::progress::tests::range::horizontal_value_range_rect_centers_segment_height ... ok
test gui::feedback::progress::track::progress::tests::range::horizontal_wrapped_value_range_rects_split_across_track_edges ... ok
test gui::feedback::progress::track::progress::tests::range::push_horizontal_value_range_fill_appends_visible_segment ... ok
test gui::feedback::progress::track::progress::tests::range::push_horizontal_value_range_fill_skips_empty_segment ... ok
test gui::feedback::progress::track::progress::tests::range::widget_paint_pushes_horizontal_value_range_fill ... ok
test gui::feedback::progress::track::progress::tests::scalar::horizontal_progress_activity_rect_clamps_cramped_tracks ... ok
test gui::feedback::progress::track::progress::tests::scalar::horizontal_progress_activity_rect_sanitizes_nonfinite_inputs ... ok
test gui::feedback::progress::track::progress::tests::scalar::horizontal_progress_activity_rect_resolves_moving_segment ... ok
test gui::feedback::progress::track::progress::tests::scalar::horizontal_progress_fill_rect_clamps_to_track ... ok
test gui::feedback::progress::track::progress::tests::scalar::horizontal_progress_fill_rect_omits_empty_tracks_and_zero_fraction ... ok
test gui::feedback::progress::track::progress::tests::scalar::horizontal_progress_fill_rect_rejects_nonfinite_geometry_and_fraction ... ok
test gui::feedback::progress::track::progress::tests::scalar::horizontal_progress_track_rect_switches_between_activity_and_fill ... ok
test gui::feedback::progress::track::progress::tests::scalar::push_horizontal_progress_fill_appends_visible_fill ... ok
test gui::feedback::progress::track::progress::tests::scalar::push_horizontal_progress_fill_skips_empty_progress ... ok
test gui::feedback::progress::track::progress::tests::scalar::widget_paint_pushes_horizontal_progress_fill ... ok
test gui::feedback::progress::track::vertical::tests::vertical_meter_lane_fill_rect_projects_multilane_fill ... ok
test gui::feedback::progress::track::vertical::tests::vertical_center_track_rect_resolves_centered_rail ... ok
test gui::feedback::progress::track::vertical::tests::vertical_value_at_point_maps_bottom_to_top ... ok
test gui::feedback::progress::track::vertical::tests::vertical_value_knob_rect_centers_on_normalized_value ... ok
test gui::feedback::progress::track::vertical::tests::vertical_value_line_rect_resolves_inset_marker ... ok
test gui::feedback::status::line::tests::status_line_entry_exposes_source_message_and_line ... ok
test gui::feedback::status::line::tests::status_line_entry_normalizes_multiline_text_at_boundary ... ok
test gui::feedback::status::line::tests::status_line_entry_supports_named_parts_construction ... ok
test gui::feedback::status::line::tests::status_line_log_exposes_borrowed_latest_line ... ok
test gui::feedback::status::line::tests::status_line_log_exposes_borrowed_entries_in_both_orders ... ok
test gui::feedback::status::line::tests::status_line_log_keeps_latest_bounded_message ... ok
test gui::feedback::status::line::tests::status_line_log_writes_recent_lines_into_reused_storage ... ok
test gui::feedback::status::tests::drag_overlay_defaults_to_inactive_and_unanchored ... ok
test gui::feedback::status::tests::confirm_prompt_defaults_to_hidden_without_host_kind ... ok
test gui::feedback::status::tests::health_state_defaults_to_healthy ... ok
test gui::feedback::status::tests::prompt_intent_exposes_generic_confirmation_categories ... ok
test gui::feedback::status::tests::recovery_summary_defaults_to_idle_and_empty ... ok
test gui::feedback::status::tests::update_panel_defaults_to_idle_without_release_metadata ... ok
test gui::fingerprint::tests::color_channels_affect_fingerprint ... ok
test gui::fingerprint::tests::fingerprints_are_stable_for_identical_inputs ... ok
test gui::fingerprint::tests::option_presence_changes_fingerprint ... ok
test application::view_node::components::tests::capacity_overflow_projects_without_retaining_and_duplicate_keys_fail_closed ... ok
test gui::flow::tests::capped_flow_rows_height_clamps_rows_and_adds_chrome ... ok
test gui::flow::tests::flow_field_layout_resolves_content_height_and_scroll_policy ... ok
test gui::flow::tests::flow_field_metrics_clamps_content_width_and_visible_rows ... ok
test gui::flow::tests::flow_row_packer_tracks_width_without_rescanning_rows ... ok
test gui::flow::tests::flow_group_collection_computes_width_while_extracting_payloads ... ok
test gui::flow::tests::flow_rows_height_includes_line_gaps_between_rows ... ok
test gui::flow::tests::flow_row_packer_keeps_group_items_atomic ... ok
test gui::flow::tests::pack_flow_rows_with_flexible_trailing_group_keeps_group_and_action_together ... ok
test gui::flow::tests::pack_flow_rows_with_flexible_trailing_group_wraps_group_atomically ... ok
test gui::flow::tests::pack_flow_rows_with_trailing_group_wraps_group_atomically ... ok
test gui::flow::tests::pack_flow_rows_with_trailing_item_and_following_item_keeps_action_after_editor ... ok
test gui::flow::tests::pack_flow_rows_with_trailing_item_and_following_item_reserves_standalone_width ... ok
test gui::flow::tests::pack_flow_rows_with_trailing_item_handles_empty_items ... ok
test gui::flow::tests::pack_flow_rows_with_trailing_item_keeps_editor_on_roomy_row ... ok
test gui::flow::tests::pack_flow_rows_wraps_variable_width_items ... ok
test gui::flow::tests::push_flow_row_group_keeps_items_together_when_wrapping ... ok
test gui::flow::tests::push_flow_row_item_appends_to_existing_rows ... ok
test gui::flow::tests::trailing_item_moves_when_remaining_width_is_too_small ... ok
test gui::flow::tests::trailing_item_parts_reserve_following_action_width ... ok
test gui::focus::tests::focus_surface_defaults_to_none ... ok
test gui::form::numeric::tests::decimal_text_insert_keeps_digits_and_one_decimal_point ... ok
test gui::form::numeric::tests::decimal_text_policy_parses_finite_values_with_optional_positive_gate ... ok
test gui::form::numeric::tests::rounded_scaled_u16_clamps_non_finite_and_large_values ... ok
test gui::form::paired::tests::paired_picker_models_cover_primary_and_secondary_fields ... ok
test gui::form::tests::option_item_preserves_label_selection_and_value ... ok
test gui::form::paired::tests::paired_status_panel_returns_options_for_target ... ok
test gui::form::tests::option_item_supports_named_selection_parts ... ok
test gui::form::tests::preference_panel_visibility_round_trips_compatibility_flags ... ok
test gui::flow::tests::pack_flow_rows_with_trailing_item_uses_standalone_width_on_new_row ... ok
test gui::frame::tests::frame_build_result_groups_related_feedback ... ok
test gui::form::tests::summary_field_defaults_to_empty_text ... ok
test gui::frame::tests::frame_build_result_defaults_to_no_work_observed ... ok
test gui::form::tests::preference_panel_state_preserves_visibility_text_toggles_and_auxiliary_label ... ok
test gui::frame::tests::frame_cadence_monitor_classifies_start_normal_periodic_and_spikes ... ok
test gui::frame::tests::frame_cadence_monitor_allows_periodic_reporting_to_be_disabled ... ok
test application::view_node::reconciliation::tests::actual_changed_path_bound_admits_256_and_rejects_257_components ... ok
test gui::frame::tests::frame_cadence_monitor_saturates_reversed_injected_timestamps ... ok
test gui::input::tests::sequence_ranges_are_singletons_and_extend_only_the_latest_endpoint ... ok
test gui::input::pointer::tests::logical_point_to_u16_coords_clamps_and_rounds ... ok
test gui::input::tests::captured_timestamps_are_nondecreasing ... ok
test gui::input::key::press::tests::keypress_constructors_preserve_modifier_state ... ok
test gui::invalidation::tests::invalidation_mask_insert_preserves_only_valid_bits ... ok
test gui::invalidation::tests::invalidation_mask_clips_to_valid_bits ... ok
test gui::invalidation::tests::invalidation_mask_reports_intersections ... ok
test gui::invalidation::tests::retained_segment_mask_tracks_static_overlay_and_valid_bits ... ok
test gui::invalidation::tests::retained_segment_revisions_report_and_bump_changed_segments ... ok
test gui::invalidation::tests::revision_counter_bumps_on_demand ... ok
test gui::invalidation::tests::retained_segment_plan_names_groups_and_bumps_revisions ... ok
test gui::layout_core::capabilities::tests::descriptor_registers_and_clones_ui_local_rc_without_thread_bounds ... ok
test gui::layout_core::capabilities::tests::hit_region_constructor_normalizes_clips_and_rejects_invalid_bounds ... ok
test gui::layout_core::capabilities::tests::versioned_layout_input_is_object_safe_and_context_is_bounded ... ok
test gui::layout_core::capabilities::tests::interaction_revision_is_typed_and_conservative_by_default ... ok
test gui::layout_core::capabilities::tests::visit_hit_regions_is_object_safe_and_default_is_empty ... ok
test gui::layout_core::constraints::tests::constraints_normalize_invalid_ranges ... ok
test gui::layout_core::constraints::tests::direct_range_clamping_normalizes_invalid_bounds ... ok
test gui::layout_core::constraints::tests::direct_constraints_do_not_retain_nonfinite_requested_maxima ... ok
test gui::layout_core::constraints::tests::inset_preserves_explicit_unbounded_max_for_overflowing_negative_insets ... ok
test gui::layout_core::constraints::tests::inset_saturates_overflowing_negative_finite_insets ... ok
test gui::layout_core::constraints::tests::invalid_fill_slot_limits_do_not_panic_during_construction_or_layout ... ok
test gui::layout_core::engine::cache::tests::cached_virtual_metrics_canonicalize_dependencies_for_fast_lookup ... ok
test gui::layout_core::engine::cache::tests::virtual_cache_invalidation_checks_entry_dependencies_against_dirty_set ... ok
test gui::layout_core::engine::contract_tests::layout_dirty_subtree_filters_debug_output_to_marked_branch ... ok
test gui::layout_core::engine::contract_tests::measure_dirty_subtree_forces_branch_remeasure ... ok
test gui::layout_core::engine::contract_tests::measured_bounds_debug_primitives_are_omitted_when_disabled ... ok
test gui::layout_core::engine::contract_tests::round_rect_uses_stable_floor_origin_round_size_contract ... ok
test gui::layout_core::engine::contract_tests::measured_bounds_debug_primitives_are_emitted_when_enabled ... ok
test gui::layout_core::engine::helpers::axis::tests::layout_axis_reports_overflow_direction ... ok
test application::view_node::components::tests::immutable_component_receipts_skip_descendants_and_fence_replacements ... ok
test gui::layout_core::engine::layout::scroll_helpers::tests::uniform_virtual_window_matches_visible_span_bounds ... ok
test gui::layout_core::engine::helpers::axis::tests::layout_axis_resolves_main_and_cross_extents ... ok
test gui::layout_core::engine::property_tests::stateful_layout_is_deterministic ... ok
test gui::layout_core::engine::property_tests::layout_rects_are_finite_and_non_negative ... ok
test gui::layout_core::engine::stress_tests::large_wrap_list_layout_produces_valid_rects ... ok
test gui::layout_core::engine::stress_tests::deep_nesting_layout_remains_stable ... ok
test gui::layout_core::engine::tests::custom_policy::custom_policy_does_not_replace_first_accepted_placement ... ok
test gui::layout_core::engine::tests::custom_policy::custom_policy_measure_and_place_are_recomputed_without_cache_reuse ... ok
test gui::layout_core::engine::tests::custom_policy::custom_policy_child_measurement_stays_within_disjoint_slot_bounds ... ok
test gui::layout_core::engine::tests::custom_policy::custom_policy_measure_child_requests_do_not_expose_nonfinite_maxima ... ok
test gui::layout_core::engine::tests::custom_policy::custom_policy_place_is_skipped_for_invalid_padding_geometry ... ok
test gui::layout_core::engine::tests::custom_policy::malformed_padding_measurement_stays_finite_in_cache_and_debug_output ... ok
test gui::layout_core::engine::tests::debug::debug_primitives_are_emitted_when_enabled ... ok
test gui::layout_core::engine::tests::diagnostics::contradictory_constraints_emit_diagnostic ... ok
test gui::layout_core::engine::tests::diagnostics::negative_widget_intrinsic_emits_diagnostic ... ok
test gui::layout_core::engine::tests::diagnostics::explicit_positive_infinity_maxima_retain_compatibility_diagnostics ... ok
test gui::layout_core::engine::tests::diagnostics::static_layout_diagnostics_borrow_messages ... ok
test gui::layout_core::engine::tests::layout::flow::grid_layout_places_items_by_row_and_column ... ok
test gui::layout_core::engine::tests::layout::flow::grid_rtl_places_logical_column_zero_on_the_right ... ok
test gui::layout_core::engine::tests::layout::flow::wrap_layout_moves_items_to_next_line ... ok
test gui::layout_core::engine::tests::layout::flow::wrap_rtl_keeps_source_order_from_the_logical_start ... ok
test gui::layout_core::engine::tests::layout::row::align_box_rtl_mirrors_horizontal_start ... ok
test gui::layout_core::engine::tests::layout::row::fill_children_compress_before_fixed_children ... ok
test gui::layout_core::engine::tests::layout::row::column_and_stack_rtl_mirror_horizontal_cross_start ... ok
test gui::layout_core::engine::tests::layout::row::fill_children_redistribute_after_constrained_child_clamps ... ok
test gui::layout_core::engine::tests::layout::row::layout_tree_is_deterministic_for_same_input ... ok
test gui::layout_core::engine::tests::layout::row::row_rtl_uses_logical_start_and_swaps_physical_margins ... ok
test gui::layout_core::engine::tests::layout::split_pane::controlled_split_uses_controlled_slot_and_falls_back_on_ownership_mismatch ... ok
test gui::layout_core::engine::tests::layout::split_pane::horizontal_fractional_split_uses_cumulative_rounded_boundaries ... ok
test gui::layout_core::engine::tests::layout::split_pane::horizontal_split_rtl_places_first_logical_child_on_the_right ... ok
test gui::layout_core::engine::tests::layout::split_pane::horizontal_split_uses_exact_ratio_divider_and_o_one_stats ... ok
test gui::layout_core::engine::tests::layout::split_pane::ordinary_container_does_not_query_a_container_state_source ... ok
test gui::layout_core::engine::tests::layout::split_pane::malformed_split_arity_is_diagnosed_and_lays_out_all_children_without_stale_rects ... ok
test gui::layout_core::engine::tests::layout::split_pane::split_measurement_uses_child_requirements_minima_divider_and_cross_max ... ok
test gui::layout_core::engine::tests::layout::split_pane::split_clamps_finite_ratio_extremes ... ok
test gui::layout_core::engine::tests::layout::split_pane::split_normalizes_invalid_policy_values_through_shared_geometry ... ok
test gui::layout_core::engine::tests::layout::split_pane::split_pane_source_is_observed_cold_and_placement_only_when_warm ... ok
test gui::layout_core::engine::tests::layout::split_pane::split_rounds_fractional_content_before_preserving_saturated_divider ... ok
test gui::layout_core::engine::tests::layout::split_pane::split_satisfies_minima_when_they_fit_and_reports_ratio_fallback_when_they_do_not ... ok
test gui::layout_core::engine::tests::layout::split_pane::split_quantization_handles_divider_boundaries_and_is_deterministic ... ok
test gui::layout_core::engine::property_tests::virtualized_layout_is_deterministic ... ok
test gui::layout_core::engine::tests::layout::split_pane::split_saturates_divider_and_handles_zero_size_without_invalid_rectangles ... ok
test gui::layout_core::engine::tests::layout::split_pane::stateful_split_ratio_changes_placement_without_changing_measurement ... ok
test gui::layout_core::engine::tests::layout::split_pane::stateful_split_missing_wrong_and_invalid_state_fail_closed_to_policy_ratio ... ok
test gui::layout_core::engine::tests::layout::split_pane::vertical_fractional_split_uses_cumulative_rounded_boundaries ... ok
test gui::layout_core::engine::tests::layout::split_pane::vertical_split_places_first_pane_above_second_pane ... ok
test gui::layout_core::engine::tests::layout::switch::switch_layout_selects_breakpoint_child ... ok
test gui::layout_core::engine::tests::scratch::prepared::ambiguous_cache_key_vetoes_without_active_mutation ... ok
test gui::layout_core::engine::tests::scratch::dirty::dirty_subtree_traversal_reuses_scratch_buffers_between_marks ... ok
test gui::layout_core::engine::tests::scratch::dirty::dirty_subtree_invalidates_virtual_metrics_cache_for_whole_marked_set ... ok
test gui::layout_core::engine::tests::scratch::prepared::direct_layout_does_not_initialize_preparation_workspace ... ok
test gui::layout_core::engine::tests::scratch::prepared::incomplete_candidate_vetoes_without_active_mutation ... ok
test gui::layout_core::engine::tests::scratch::prepared::consuming_commit_installs_exact_output_and_prunes_untouched_cache_entries ... ok
test gui::layout_core::engine::tests::scratch::prepared::generation_exhaustion_vetoes_without_active_mutation ... ok
test gui::layout_core::engine::tests::scratch::prepared::mounted_identity_and_authority_replacement_veto_with_equal_visible_value ... ok
test gui::layout_core::engine::tests::scratch::prepared::mounted_revision_vetoes_value_mutation_with_same_mounted_identity ... ok
test gui::layout_core::engine::tests::scratch::prepared::equal_revisions_under_different_authority_generations_veto ... ok
test gui::layout_core::engine::tests::scratch::prepared::layout_state_scroll_revision_vetoes_after_mutation ... ok
test gui::layout_core::engine::tests::scratch::prepared::missing_exhausted_malformed_and_presence_mismatched_evidence_veto ... ok
test gui::layout_core::engine::tests::scratch::prepared::prepare_discard_and_drop_leave_active_state_and_output_inert ... ok
test gui::layout_core::engine::tests::scratch::prepared::root_authority_revision_vetoes_after_layout_visible_mutation ... ok
test gui::layout_core::engine::tests::scratch::prepared::prepared_pass_matches_direct_for_runtime_container_state_split ... ok
test gui::layout_core::engine::tests::scratch::prepared::stale_cache_authority_vetoes_before_any_active_mutation ... ok
test gui::layout_core::engine::tests::scratch::prepared::stale_commit_vetoes_before_any_active_mutation ... ok
test gui::layout_core::engine::tests::scratch::prepared::viewport_only_change_vetoes_before_active_mutation ... ok
test gui::layout_core::engine::tests::scratch::pruning::layout_engine_keeps_exact_measure_cache_without_rebuilding_storage ... ok
test gui::layout_core::engine::tests::scratch::prepared::warmed_preparation_reads_active_caches_without_cloning_complete_cache_state ... ok
test gui::layout_core::engine::tests::scratch::prepared::prepared_pass_matches_direct_for_ordinary_dirty_debug_split_and_virtualized_inputs ... ok
test gui::layout_core::engine::tests::scratch::pruning::layout_engine_keeps_exact_virtual_cache_without_rebuilding_storage ... ok
test gui::layout_core::engine::tests::scratch::prepared::warmed_preparation_reuses_workspace_capacities ... ok
test gui::layout_core::engine::tests::scratch::pruning::layout_engine_prunes_stale_measure_cache_versions ... ok
test gui::layout_core::engine::tests::scratch::pruning::layout_engine_presizes_virtual_scratch_from_persistent_cache ... ok
test gui::layout_core::engine::tests::scratch::reuse::layout_engine_reuses_linear_scratch_vectors_between_passes ... ok
test gui::layout_core::engine::tests::scratch::reuse::layout_engine_can_reuse_caller_owned_output_storage ... ok
test gui::layout_core::engine::tests::scroll::finite_overpadding_preserves_zero_size_scroll_viewport ... ok
test gui::layout_core::engine::tests::scratch::pruning::layout_engine_presizes_measure_scratch_from_persistent_cache ... ok
test gui::layout_core::engine::tests::scroll::malformed_padding_retains_container_and_omits_descendants ... ok
test gui::layout_core::engine::tests::scroll::malformed_margin_retains_scroll_container_and_omits_descendants ... ok
test gui::layout_core::engine::tests::scratch::reuse::layout_engine_reuses_scratch_maps_between_passes ... ok
test gui::layout_core::engine::tests::scroll::reserved_scrollbars_share_the_gutter_with_layout_viewport ... ok
test gui::layout_core::engine::tests::scroll::positive_scroll_offsets_translate_content_left_and_up_on_both_axes ... ok
test gui::layout_core::engine::tests::scroll::scroll_offset_is_clamped_and_reported ... ok
test gui::layout_core::engine::tests::scroll::scroll_view_records_overflow_flags ... ok
test gui::layout_core::engine::tests::scroll::scroll_view_records_padded_viewport_bounds ... ok
test gui::layout_core::engine::virtualization_tests::alignment::virtualization_supports_non_start_linear_alignment ... ok
test gui::layout_core::engine::virtualization_tests::cache::invalid_cached_virtual_metrics_are_rebuilt_before_window_resolution ... ok
test gui::layout_core::engine::virtualization_tests::cache::virtualized_metrics_cache_tracks_fixed_row_shape_changes ... ok
test gui::layout_core::engine::virtualization_tests::diagnostics::cancelling_extrema_fail_closed_for_boundary_sensitive_virtualized_content ... ok
test gui::layout_core::engine::virtualization_tests::diagnostics::invalid_virtualization_overscan_is_clamped ... ok
test gui::layout_core::engine::virtualization_tests::diagnostics::invalid_virtualized_descendant_margins_fail_closed_before_scroll_state ... ok
test gui::layout_core::engine::tests::scratch::pruning::layout_engine_prunes_stale_virtualization_cache_entries ... ok
test gui::layout_core::engine::virtualization_tests::diagnostics::virtualization_policy_is_ignored_for_unsupported_content_kind ... ok
test gui::layout_core::engine::virtualization_tests::equivalence::fixed_margins::virtualized_horizontal_rtl_uses_logical_margins_and_physical_offsets ... ok
test gui::layout_core::engine::virtualization_tests::diagnostics::virtualization_debug_primitives_are_emitted ... ok
test gui::layout_core::engine::virtualization_tests::equivalence::fixed_margins::virtualized_fixed_rows_with_balanced_margins_match_full_layout ... ok
test gui::layout_core::row_helpers::stack_cursor::tests::stacked_layout_cursor_accumulates_extents_and_gaps ... ok
test gui::layout_core::engine::virtualization_tests::equivalence::mixed_sizing::virtualized_fill_and_percent_layout_matches_full_layout_for_window_items ... ok
test gui::layout_core::row_helpers::stack_cursor::tests::stacked_layout_cursor_advances_past_repeated_items ... ok
test gui::layout_core::row_helpers::stack_cursor::tests::stacked_layout_cursor_can_advance_from_named_items ... ok
test gui::layout_core::row_helpers::stack_cursor::tests::stacked_layout_cursor_can_continue_from_existing_offset ... ok
test gui::layout_core::row_helpers::stack_cursor::tests::stacked_layout_cursor_ignores_invalid_negative_segments ... ok
test gui::layout_core::row_helpers::stack_cursor::tests::stacked_layout_cursor_reports_offsets_within_current_item ... ok
test gui::layout_core::row_helpers::stack_cursor::tests::stacked_layout_cursor_supports_chainable_optional_rows ... ok
test gui::layout_core::row_helpers::stack_cursor::tests::stacked_layout_item_sanitizes_invalid_segments ... ok
test gui::layout_core::row_helpers::tests::fitting::fixed_width_item_extent_for_available_width_fits_items_after_reserved_gaps ... ok
test gui::layout_core::row_helpers::tests::fitting::visible_suffix_widths_into_reuses_output_storage ... ok
test gui::layout_core::row_helpers::tests::fitting::visible_suffix_widths_preserves_rightmost_items_that_fit ... ok
test gui::layout_core::row_helpers::tests::fitting::visible_suffix_widths_normalizes_negative_dimensions ... ok
test gui::layout_core::row_helpers::tests::fixed_rects::fixed_width_row_rects_end_overflow_starts_at_left_edge ... ok
test gui::layout_core::row_helpers::tests::fixed_rects::fixed_width_row_rects_end_places_items_against_right_edge ... ok
test gui::layout_core::row_helpers::tests::fixed_rects::fixed_width_row_rects_into_reuses_output_storage ... ok
test gui::layout_core::row_helpers::tests::fixed_rects::fixed_width_row_rects_presizes_output ... ok
test gui::layout_core::row_helpers::tests::fixed_rects::fixed_width_row_rects_start_places_items_from_left_edge ... ok
test gui::layout_core::row_helpers::tests::stacked_rows::stacked_row_rects_compatibility_helper_delegates_to_named_parts ... ok
test gui::layout_core::row_helpers::tests::stacked_rows::stacked_row_rects_into_compatibility_helper_delegates_to_named_parts ... ok
test gui::layout_core::row_helpers::tests::stacked_rows::stacked_row_rects_into_reuses_output_storage ... ok
test gui::layout_core::row_helpers::tests::stacked_rows::stacked_row_rects_clamps_rows_to_column ... ok
test gui::layout_core::row_helpers::tests::widths::grouped_fixed_width_row_width_counts_visible_groups_and_gaps ... ok
test gui::layout_core::scroll::tests::alignment_resolves_all_modes_without_mutating_input ... ok
test gui::layout_core::scroll::tests::effective_horizontal_offset_authority_preserves_legacy_default ... ok
test gui::layout_core::scroll::tests::policy_normalizes_non_finite_page_fraction ... ok
test gui::layout_core::split_pane_interaction::tests::ratio_normalization_matches_undersized_split_fallback ... ok
test gui::layout_core::split_pane_interaction::tests::ratio_normalization_uses_split_minima_and_divider ... ok
test gui::layout_core::split_pane_interaction::tests::rtl_pointer_ratio_grows_first_logical_pane_from_the_right ... ok
test gui::layout_core::split_pane_interaction::tests::split_capture_witness_direction_fences_mid_drag_reprojection ... ok
test gui::layout_core::tree::derived::tests::container_does_not_mark_margin_rows_as_uniform ... ok
test gui::layout_core::tree::derived::tests::container_does_not_precompute_invalid_margin_metrics ... ok
test gui::layout_core::tree::derived::tests::container_precomputes_only_matching_linear_axis ... ok
test gui::layout_core::tree::derived::tests::widget_state_version_tracks_intrinsic_size ... ok
test gui::layout_core::tree::derived::tests::container_precomputes_uniform_main_size_with_extent ... ok
test gui::layout_core::validated_geometry::tests::checked_insets_clamp_finite_overruns_and_reject_bad_derivations ... ok
test gui::layout_core::validated_geometry::tests::checked_margin_geometry_validates_inset_and_expansion ... ok
test gui::layout_core::validated_geometry::tests::constraint_normalization_accepts_only_explicit_positive_infinity ... ok
test gui::layout_core::validated_geometry::tests::finite_inset_totals_reject_nonfinite_and_overflowing_inputs ... ok
test gui::layout_core::validated_geometry::tests::validated_rect_preserves_negative_origins_and_rejects_bad_geometry ... ok
test gui::layout_core::virtual_layout::coordinator::tests::deferred_unavailable_and_invalid_completions_preserve_explicit_anchor ... ok
test gui::layout_core::virtual_layout::coordinator::tests::estimated_anchor_correction_is_provisional_and_unavailable_is_none ... ok
test gui::layout_core::virtual_layout::coordinator::tests::fallback_is_clipped_and_disabled_by_content_revision ... ok
test gui::layout_core::virtual_layout::coordinator::tests::initial_ready_commit_is_fenced_and_bounded ... ok
test gui::layout_core::virtual_layout::coordinator::tests::fallback_requires_exact_container_policy_mount_and_coordinate_scope ... ok
test gui::layout_core::virtual_layout::coordinator::tests::key_delta_ignores_policy_emission_order_for_same_key_index_mappings ... ok
test gui::layout_core::virtual_layout::coordinator::tests::key_delta_replaces_a_key_at_one_logical_index_remove_then_insert ... ok
test gui::layout_core::virtual_layout::coordinator::tests::key_delta_reports_sparse_logical_indices_in_deterministic_order ... ok
test gui::layout_core::virtual_layout::coordinator::tests::materialization_boundary_can_only_borrow_coordinator_admitted_commit_evidence ... ok
test gui::layout_core::virtual_layout::coordinator::tests::key_delta_reports_logical_index_move_for_a_retained_key ... ok
test gui::layout_core::virtual_layout::coordinator::tests::materialization_rejects_forged_entries_within_coordinator_test_boundary ... ok
test gui::layout_core::virtual_layout::coordinator::tests::off_window_explicit_anchor_stays_unresolved_until_the_key_reappears ... ok
test gui::layout_core::virtual_layout::coordinator::tests::policy_executes_before_commit_and_invalid_output_is_atomic ... ok
test gui::layout_core::virtual_layout::coordinator::tests::policy_reentry_is_rejected_while_execution_phase_is_active ... ok
test gui::layout_core::virtual_layout::coordinator::tests::rejected_completion_preserves_explicit_anchor ... ok
test gui::layout_core::virtual_layout::coordinator::tests::required_key_change_invalidates_fallback_and_supersedes_pending_query ... ok
test application::view_node::components::tests::projector_panic_clears_previous_cache ... ok
test gui::layout_core::virtual_layout::coordinator::tests::retained_adapter_rejects_incomplete_or_colliding_batches_before_lowering ... ok
test gui::layout_core::virtual_layout::coordinator::tests::same_scope_coordinators_reject_foreign_tokens_without_consuming_local_pending ... ok
test gui::layout_core::virtual_layout::coordinator::tests::revision_regressions_cannot_replace_newer_accepted_state ... ok
test gui::layout_core::virtual_layout::coordinator::tests::stale_completion_preserves_explicit_anchor ... ok
test gui::layout_core::virtual_layout::coordinator::tests::stale_tokens_and_revision_invalidations_cannot_overwrite ... ok
test gui::layout_core::virtual_layout::coordinator::tests::retained_adapter_admits_complete_batch_and_preserves_slot_tuples ... ok
test gui::layout_core::virtual_layout::materialization::tests::deferred_unavailable_invalid_stale_and_rejected_outcomes_never_publish ... ok
test gui::layout_core::virtual_layout::materialization::tests::foreign_container_policy_mount_and_owner_are_rejected_without_lifecycle_mutation ... ok
test gui::layout_core::virtual_layout::materialization::tests::initial_accepted_commit_projects_and_mounts_exact_bounded_items ... ok
test gui::layout_core::virtual_layout::materialization::tests::lifecycle_errors_after_observable_mutation_poison_without_replay ... ok
test gui::layout_core::virtual_layout::materialization::tests::lifecycle_callback_order_is_logical_not_policy_emission_order ... ok
test gui::layout_core::virtual_layout::materialization::tests::lifecycle_reentry_poison_applies_to_every_callback_phase ... ok
test gui::layout_core::virtual_layout::materialization::tests::older_and_duplicate_revisions_are_rejected_but_a_later_complete_revision_may_skip ... ok
test gui::layout_core::virtual_layout::materialization::tests::partial_container_unmount_failure_never_replays_later_callbacks ... ok
test gui::layout_core::virtual_layout::materialization::tests::policy_query_has_zero_projector_calls_and_zero_entry_commits_project_nothing ... ok
test gui::layout_core::virtual_layout::materialization::tests::projector_and_kind_failures_remain_recoverable_before_lifecycle_callbacks ... ok
test gui::layout_core::virtual_layout::materialization::tests::removed_inserted_churn_unmounts_resets_before_reusing_only_reset_shell ... ok
test gui::layout_core::virtual_layout::materialization::tests::same_key_compatible_refresh_projects_fresh_payload_and_preserves_identity ... ok
test gui::layout_core::virtual_layout::materialization::tests::same_key_incompatible_kind_unmounts_resets_and_mounts_without_reconcile ... ok
test gui::layout_core::engine::stress_tests::virtualized_scroll_10k_items_keeps_materialized_count_bounded ... ok
test gui::layout_core::virtual_layout::materialization::tests::unmount_releases_every_active_item_once_retires_store_and_rejects_old_commit ... ok
test gui::layout_core::virtual_layout::materialization::tests::unstable_compatibility_capacity_and_overflow_fail_closed ... ok
test gui::layout_core::virtual_layout::materialization::tests::same_key_reorder_preserves_identity_and_reconciles_only ... ok
test gui::layout_core::virtual_layout::tests::exact_fence_rejects_a_changed_required_key ... ok
test gui::layout_core::virtual_layout::tests::exact_fence_rejects_each_changed_revision_without_ordering_comparison ... ok
test gui::layout_core::virtual_layout::tests::exact_identity_uses_type_and_eq_without_hash_or_pointer_identity ... ok
test gui::layout_core::virtual_layout::tests::invalid_input_is_rejected_before_policy_invocation ... ok
test gui::layout_core::virtual_layout::tests::invalid_keys_indices_bounds_and_extents_never_produce_ready ... ok
test gui::layout_core::virtual_layout::tests::late_unstable_required_key_is_invalid_with_existing_code_and_private_marker ... ok
test gui::layout_core::virtual_layout::tests::policy_dispositions_remain_distinct ... ok
test gui::layout_core::virtual_layout::tests::ready_output_is_bounded_and_validated_atomically ... ok
test gui::layout_core::virtual_layout::tests::required_key_is_visible_and_missing_output_is_invalid ... ok
test gui::layout_core::virtual_layout::tests::stateful_key_equality_is_rejected_as_unstable ... ok
test gui::list::tests::editable::column_summary_preserves_title_and_count ... ok
test gui::list::tests::editable::column_summary_supports_named_parts_construction ... ok
test gui::list::tests::editable::editable_row_kind_defaults_to_existing ... ok
test gui::layout_core::virtual_layout::tests::unstable_required_key_is_rejected_by_private_input_validation ... ok
test gui::list::tests::editable::editable_tree_actions_default_to_unavailable ... ok
test gui::list::tests::editable::editable_tree_draft_rows_support_named_input_parts ... ok
test gui::list::tests::editable::editable_tree_row_preserves_existing_and_draft_state ... ok
test gui::list::tests::geometry::bounded_list_height_hides_empty_lists_and_caps_visible_rows ... ok
test gui::list::tests::geometry::bounded_list_height_with_gap_hides_empty_lists_and_caps_visible_rows ... ok
test gui::list::tests::geometry::bounded_list_height_normalizes_invalid_metrics ... ok
test gui::list::tests::geometry::bounded_list_visible_rows_caps_to_configured_limit ... ok
test gui::list::tests::geometry::fixed_row_stack_height_includes_gaps_between_rows ... ok
test application::runtime::update_context::business::request::stream_guard::tests::latest_stream_close_guard_closes_when_work_unwinds ... ok
test gui::list::tests::grid::virtual_grid_window_clamps_rows_and_applies_overscan ... ok
test gui::list::tests::grid::virtual_grid_window_keeps_interior_focus_stable ... ok
test gui::list::tests::grid::virtual_grid_window_handles_empty_zero_column_or_zero_viewport_requests ... ok
test gui::list::tests::grid::virtual_grid_window_scrolls_when_focus_reaches_guard_row ... ok
test gui::list::tests::row_paint::chrome::dense_row_chrome_parts_conditionally_adds_markers_and_outline ... ok
test gui::list::tests::row_paint::chrome::environment_labeled_chrome_keeps_physical_chrome_before_scaled_label ... ok
test gui::list::tests::row_paint::chrome::push_dense_row_chrome_composes_fill_markers_and_outline ... ok
test gui::list::tests::row_paint::chrome::push_dense_row_labeled_chrome_appends_chrome_before_label ... ok
test gui::list::tests::row_paint::geometry::dense_row_inset_rect_rejects_collapsed_geometry ... ok
test gui::list::tests::row_paint::geometry::dense_row_marker_parts_build_common_edge_markers ... ok
test gui::list::tests::row_paint::geometry::dense_row_vertical_marker_projects_centered_edge_rects ... ok
test gui::list::tests::row_paint::label::environment_label_metrics_ignore_dpi_and_resolve_offset_once ... ok
test gui::list::tests::row_paint::label::environment_label_repeated_frames_reproject_from_the_declaration ... ok
test gui::list::tests::row_paint::label::environment_label_uses_declared_metrics_for_clipped_and_expanded_bounds ... ok
test gui::list::tests::row_paint::label::push_dense_row_label_appends_centered_text_run ... ok
test gui::list::tests::row_paint::label::push_dense_row_label_skips_empty_or_collapsed_rows ... ok
test gui::list::tests::row_paint::paint::push_dense_row_fill_appends_prioritized_fill_when_visible ... ok
test gui::list::tests::row_paint::paint::push_dense_row_marker_and_stroke_append_projected_shapes ... ok
test gui::list::tests::row_paint::paint::push_dense_row_paint_helpers_skip_invisible_or_missing_geometry ... ok
test gui::list::tests::row_paint::paint::selected_hovered_fill_falls_back_to_hover_when_not_configured ... ok
test gui::list::tests::row_paint::paint::selected_hovered_fill_falls_back_to_selected_when_interaction_fills_are_stripped ... ok
test gui::list::tests::row_paint::palette::dense_row_outline_and_tree_guide_resolve_from_style ... ok
test gui::list::tests::row_paint::palette::dense_row_palette_can_strip_pointer_interaction_fills ... ok
test gui::list::tests::row_paint::palette::dense_row_palette_prominence_strengthens_state_alpha ... ok
test gui::list::tests::row_paint::palette::dense_row_palette_conditionally_sets_interaction_fills ... ok
test gui::list::tests::row_paint::palette::dense_row_palette_resolves_from_theme_style ... ok
test gui::list::tests::row_paint::palette::dense_row_palette_sets_interaction_fills_together ... ok
test gui::list::tests::row_paint::state::dense_row_fill_color_prioritizes_active_interaction_states ... ok
test gui::list::tests::row_paint::state::dense_row_fill_color_uses_selection_as_base_state ... ok
test gui::list::tests::row_paint::state::dense_row_label_font_size_tracks_compact_row_height ... ok
test gui::list::tests::row_paint::state::dense_row_visual_state_reports_label_emphasis ... ok
test gui::list::tests::selection::cyclic_list_index_after_delta_wraps_signed_navigation ... ok
test gui::list::tests::selection::cyclic_list_selection_cycle_can_start_navigation_from_query_edges ... ok
test gui::list::tests::selection::cyclic_list_selection_cycle_clears_on_empty_lists ... ok
test gui::list::tests::selection::cyclic_list_selection_cycle_edge_navigation_clears_empty_lists ... ok
test gui::list::tests::selection::cyclic_list_selection_cycle_resets_display_selection_for_new_query ... ok
test gui::list::tests::selection::cyclic_list_selection_cycle_selects_explicit_index ... ok
test gui::list::tests::selection::cyclic_list_selection_cycle_tracks_query_key_and_wraps_selection ... ok
test application::view_node::reconciliation::tests::actual_3000_changed_buttons_stop_at_bounded_root_comparison ... ok
test gui::list::tests::selection::keyed_list_selection_select_with_intent_supports_additive_range ... ok
test gui::list::tests::selection::keyed_list_selection_supports_additive_range_selection ... ok
test gui::list::tests::selection::keyed_list_selection_retain_visible_handles_large_visible_sets ... ok
test gui::list::tests::selection::keyed_list_selection_range_recovers_when_anchor_is_not_visible ... ok
test gui::list::tests::selection::keyed_list_selection_tracks_stable_keys_through_range_toggle_and_navigation ... ok
test gui::list::tests::selection::list_index_after_delta_clamps_signed_navigation ... ok
test gui::list::tests::selection::list_selection_controller_can_preserve_existing_range_membership ... ok
test gui::list::tests::selection::list_selection_controller_clamps_membership_to_current_item_count ... ok
test gui::list::tests::selection::list_selection_controller_merges_additive_ranges_without_renormalizing ... ok
test gui::list::tests::selection::list_selection_controller_reuses_normalized_single_and_range_replacements ... ok
test gui::list::tests::selection::list_selection_controller_tracks_single_toggle_and_range_selection ... ok
test gui::list::tests::selection::list_selection_controller_select_with_intent_supports_additive_range ... ok
test gui::list::tests::selection::list_selection_intent_maps_common_extend_toggle_flags ... ok
test gui::list::tests::selection::unit_interval_index_clamps_edges_and_handles_empty_lists ... ok
test gui::list::tests::selection::unit_interval_index_maps_unit_coordinates_to_bounded_indices ... ok
test gui::list::tests::tree_guides::expanded_row_guides_leave_gaps_between_direct_child_siblings ... ok
test gui::list::tests::tree_guides::expanded_row_segment_spans_descendant_block_only ... ok
test gui::list::tests::tree_guides::expanded_row_without_descendants_does_not_emit_segment ... ok
test gui::list::tests::tree_guides::invalid_style_skips_overlay_paint ... ok
test gui::list::tests::tree_guides::nested_guides_preserve_start_order_in_one_pass ... ok
test gui::list::tests::tree_guides::overlay_clips_segment_to_materialized_window ... ok
test gui::list::tests::tree_guides::overlay_paints_one_continuous_rect_for_visible_segment ... ok
test gui::list::tests::tree_guides::overlay_resolves_styled_guide_color_from_frame_theme ... ok
test gui::list::tests::virtual_list::contract::virtual_list_hit_testing_is_limited_to_materialized_rows ... ok
test gui::list::tests::virtual_list::contract::virtual_list_item_state_changes_are_overlay_only ... ok
test gui::list::tests::virtual_list::contract::virtual_list_materializes_only_viewport_plus_explicit_overscan ... ok
test gui::list::tests::virtual_list::contract::virtual_list_scroll_state_isolated_by_controller_instance ... ok
test gui::list::tests::virtual_list::controller::virtual_list_controller_applies_runtime_window_change ... ok
test gui::list::tests::virtual_list::controller::virtual_list_controller_checks_projected_viewport_containment ... ok
test gui::list::tests::virtual_list::controller::virtual_list_controller_clears_focus_when_changed_key_has_no_index ... ok
test gui::list::tests::virtual_list::controller::virtual_list_controller_configures_and_focuses_in_one_projection_step ... ok
test gui::list::tests::virtual_list::controller::virtual_list_controller_explicit_viewport_len_clears_runtime_viewport ... ok
test gui::list::tests::virtual_list::controller::virtual_list_controller_follows_changed_focus_from_slice ... ok
test gui::list::tests::virtual_list::controller::virtual_list_controller_follows_changed_focus_without_overriding_manual_scroll ... ok
test gui::list::tests::virtual_list::controller::virtual_list_controller_maps_scrollbar_drag_to_viewport_start ... ok
test application::view_node::reconciliation::tests::actual_3000_button_tree_reports_one_changed_root ... ok
test gui::list::tests::virtual_list::controller::virtual_list_controller_preserves_focus_until_guard_band_requires_scroll ... ok
test gui::list::tests::virtual_list::controller::virtual_list_controller_scrolls_units_and_clamps_after_count_changes ... ok
test gui::list::tests::virtual_list::controller::virtual_list_controller_tracks_runtime_viewport_containment ... ok
test gui::list::tests::virtual_list::controller::virtual_list_focus_target_resolves_key_in_projected_slice ... ok
test gui::list::tests::virtual_list::controller::virtual_list_projection_follows_changed_focus ... ok
test gui::list::tests::virtual_list::controller::virtual_list_projection_names_projection_inputs ... ok
test gui::list::tests::virtual_list::controller::virtual_list_projection_preserves_runtime_viewport_for_visible_changed_focus ... ok
test gui::list::tests::virtual_list::geometry::virtual_list_hit_testing_returns_stable_logical_indices ... ok
test gui::list::tests::virtual_list::geometry::virtual_list_scroll_delta_clamps_to_visible_bounds ... ok
test gui::list::tests::virtual_list::geometry::virtual_list_scroll_delta_from_units_rounds_and_clamps_steps ... ok
test gui::list::tests::virtual_list::geometry::virtual_list_viewport_len_uses_geometry_and_caps_capacity ... ok
test gui::list::tests::virtual_list::geometry::virtual_list_stack_metrics_support_named_parts_construction ... ok
test gui::list::tests::virtual_list::invalidation::virtual_list_item_state_and_invalidation_are_overlay_oriented ... ok
test gui::list::tests::virtual_list::scrollbar::virtual_list_scrollbar_drag_saturates_oversized_thumb_geometry ... ok
test gui::list::tests::virtual_list::scrollbar::virtual_list_scrollbar_maps_viewport_and_pointer_drag ... ok
test gui::list::tests::virtual_list::scrollbar::virtual_list_scrollbar_rejects_nonfinite_track_geometry ... ok
test gui::list::tests::virtual_list::scrollbar::virtual_list_scrollbar_track_click_centers_thumb_on_pointer ... ok
test gui::list::tests::virtual_list::scrollbar::virtual_list_scrollbar_resolves_thumb_hit_offset_with_slop ... ok
test gui::list::tests::virtual_list::window::virtual_list_window_clamps_requested_bounds_and_applies_overscan ... ok
test gui::list::tests::virtual_list::scrollbar::virtual_list_scrollbar_saturates_oversized_minimum_thumb ... ok
test gui::list::tests::virtual_list::window::virtual_list_view_start_for_scroll_offset_clamps_to_item_range ... ok
test gui::list::tests::virtual_list::window::virtual_list_window_handles_empty_or_zero_viewport_requests ... ok
test gui::list::tests::virtual_list::window::virtual_list_window_keeps_interior_focus_stable ... ok
test gui::list::tests::virtual_list::window::virtual_list_window_reconcile_clamps_after_count_shrinks ... ok
test gui::list::tests::virtual_list::window::virtual_list_window_reconcile_recovers_minimum_nonempty_viewport ... ok
test gui::list::tests::virtual_list::window::virtual_list_window_reconcile_retains_overscan_after_count_grows ... ok
test gui::list::tests::virtual_list::window::virtual_list_window_scrolls_when_focus_reaches_guard_band ... ok
test gui::list::virtual_list::controller::focus::tests::focus_optional_follows_selection_with_guard_band ... ok
test gui::list::virtual_list::controller::configuration::tests::configure_clamps_viewport_and_invalid_focus ... ok
test gui::list::virtual_list::controller::focus::tests::focus_optional_with_context_row_expands_guard_band ... ok
test gui::list::virtual_list::controller::scrolling::tests::set_scroll_offset_clamps_to_current_items ... ok
test gui::list::virtual_list::controller::scrolling::tests::set_scroll_offset_preserves_start_before_viewport_is_known ... ok
test gui::list::virtual_list::controller::scrolling::tests::set_scroll_offset_for_items_updates_count_before_clamping_scroll ... ok
test gui::paint::tests::border_fill_rects_omits_degenerate_rectangles ... ok
test gui::paint::tests::border_fill_rects_returns_requested_edges ... ok
test gui::paint::tests::line_rect_helpers_reject_invalid_geometry ... ok
test gui::paint::tests::line_rect_helpers_span_bounds_with_requested_stroke ... ok
test gui::paint::tests::linear_gradient_primitive_has_stable_equality ... ok
test gui::paint::tests::paint_frame_equality_includes_gradient_primitives ... ok
test gui::paint::tests::push_border_fill_rects_appends_to_existing_buffer ... ok
test gui::paint::tests::paint_frame_push_helpers_append_shape_primitives ... ok
test gui::panel::tests::geometry::anchored_panel_rect_compatibility_helper_delegates_to_named_parts ... ok
test gui::paint::tests::text_field_paint_emits_chrome_selection_text_and_caret ... ok
test gui::paint::tests::paint_frame_can_carry_svg_primitives ... ok
test gui::panel::tests::geometry::anchored_panel_rect_clamps_anchor_inside_inset_bounds ... ok
test gui::panel::tests::geometry::anchored_panel_rect_keeps_size_when_bounds_are_cramped ... ok
test gui::panel::tests::geometry::anchored_panel_rect_sanitizes_nonfinite_geometry_inputs ... ok
test gui::panel::tests::geometry::floating_panel_drag_preserves_pointer_grab_offset ... ok
test gui::panel::tests::geometry::floating_panel_drag_sanitizes_nonfinite_pointer_positions ... ok
test gui::panel::tests::geometry::floating_panel_drag_supports_named_parts_construction ... ok
test gui::panel::tests::geometry::floating_panel_rect_compatibility_helper_delegates_to_named_parts ... ok
test gui::panel::tests::resize::collapsible_panel_resize_constraints_named_edges_preserve_collapse_target ... ok
test gui::panel::tests::resize::panel_resize_collapsible_double_activation_clears_typed_state ... ok
test gui::panel::tests::resize::panel_resize_concise_cancel_projects_only_a_changed_rollback ... ok
test gui::panel::tests::resize::panel_resize_constraints_named_edges_preserve_edge_and_normalize_bounds ... ok
test gui::panel::tests::resize::panel_resize_drag_clamps_size ... ok
test gui::panel::tests::geometry::floating_panel_rect_clamps_origin_inside_bounds ... ok
test gui::panel::tests::resize::panel_resize_concise_double_activation_projects_changed_rollback ... ok
test gui::panel::tests::resize::panel_resize_drag_grows_from_leading_edges ... ok
test gui::panel::tests::resize::panel_resize_drag_grows_from_trailing_edges ... ok
test gui::panel::tests::resize::panel_resize_state_expands_to_max_when_no_expanded_size_is_known ... ok
test gui::panel::tests::resize::panel_resize_state_restores_last_dragged_collapsible_size ... ok
test gui::panel::tests::resize::panel_resize_state_toggles_collapsible_size_on_double_activate ... ok
test gui::panel::tests::resize::panel_resize_state_updates_durable_size_and_drag_lifecycle ... ok
test gui::panel::tests::resize::panel_resize_typed_cancel_rolls_back_with_pointer_without_native_evidence ... ok
test gui::panel::tests::resize::panel_resize_typed_double_activation_preserves_cancel_transaction ... ok
test gui::panel::tests::resize::panel_resize_typed_edit_clamps_every_edge ... ok
test gui::panel::tests::resize::panel_resize_typed_edit_emits_noop_begin_and_commit ... ok
test gui::panel::tests::resize::panel_resize_typed_edit_ignores_orphaned_input ... ok
test gui::panel::tests::resize::panel_resize_typed_edit_preserves_identity_start_value_and_provenance ... ok
test gui::panel::tests::resize::update_collapsible_panel_resize_drag_collapses_on_double_activate ... ok
test gui::panel::tests::resize::update_collapsible_panel_resize_drag_preserves_normal_resize_lifecycle ... ok
test gui::panel::tests::resize::update_panel_resize_drag_ignores_orphaned_motion ... ok
test gui::panel::tests::resize::update_panel_resize_drag_manages_drag_lifecycle ... ok
test gui::panel::tests::split_pane::split_pane_assigned_row_assigns_panes_without_exposing_flag_mutation ... ok
test gui::panel::tests::split_pane::split_pane_assigned_row_preserves_labels_and_assignments ... ok
test gui::panel::tests::split_pane::split_pane_assignment_state_round_trips_compatibility_flags ... ok
test gui::panel::tests::split_pane::split_pane_collapse_targets_fail_closed_for_unsatisfied_minimums ... ok
test gui::panel::tests::split_pane::split_pane_collapse_targets_follow_minimums_and_quantization ... ok
test gui::panel::tests::split_pane::split_pane_layout_clamps_divider_to_bounds ... ok
test gui::panel::tests::split_pane::split_pane_layout_clamps_ratio_and_enforces_minimums ... ok
test gui::panel::tests::split_pane::split_pane_layout_rects_stay_normalized_nonoverlapping_and_cover_bounds ... ok
test gui::panel::tests::split_pane::split_pane_layout_reports_undersized_minimum_fallback ... ok
test gui::panel::tests::split_pane::split_pane_layout_resolves_horizontal_geometry ... ok
test gui::panel::tests::split_pane::split_pane_layout_resolves_vertical_geometry ... ok
test gui::panel::tests::split_pane::split_pane_layout_sanitizes_nonfinite_inputs ... ok
test gui::panel::tests::split_pane::split_pane_sidebar_state_routes_active_pane ... ok
test gui::panel::tests::split_pane::split_pane_slot_defaults_to_upper ... ok
test gui::layout_core::engine::tests::scratch::prepared::warmed_preparation_performance_evidence_reports_percentiles ... ok
test gui::panel::tests::split_pane::split_pane_slot_selects_matching_value ... ok
test gui::panel::tests::split_pane::split_pane_slot_selects_matching_value_mutably ... ok
test gui::panel::tests::split_pane::split_pane_slot_exposes_stable_routing_ids ... ok
test gui::panel::tests::split_pane::split_pane_tree_panel_defaults_to_empty_unassigned_panel ... ok
test gui::pointer_ingress::tests::phase_validation_keeps_new_sequences_tokenless_and_continuations_opaque ... ok
test gui::pointer_ingress::tests::host_id_and_physical_values_reject_malformed_evidence ... ok
test gui::pointer_ingress::tests::sequence_allocator_fences_runtime_identity_and_exhausts ... ok
test gui::range::index_viewport::tests::index_viewport_clamps_visible_span_and_offset_fraction ... ok
test gui::range::index_viewport::tests::index_viewport_pans_by_visible_ratio_drag ... ok
test gui::range::index_viewport::tests::index_viewport_projects_absolute_ratio_into_visible_ratio ... ok
test gui::range::index_viewport::tests::index_viewport_projects_and_clips_absolute_ranges ... ok
test gui::range::index_viewport::tests::index_viewport_projects_and_clips_normalized_ranges ... ok
test gui::range::index_viewport::tests::index_viewport_scope_binds_total_and_min_visible_items ... ok
test gui::range::index_viewport::tests::index_viewport_scope_projects_and_updates_without_repeated_domain_args ... ok
test gui::range::index_viewport::tests::index_viewport_sets_offset_and_projects_visible_ratio ... ok
test gui::range::index_viewport::tests::index_viewport_zooms_and_pans_around_visible_anchor ... ok
test gui::range::interval::tests::normalized_range_builds_from_moved_edge_and_fixed_opposite_edge ... ok
test gui::range::interval::tests::normalized_range_drag_tracks_thresholded_movement ... ok
test gui::range::interval::tests::normalized_range_from_fractions_orders_clamps_and_preserves_units ... ok
test gui::range::interval::tests::normalized_range_from_fractions_treats_non_finite_as_zero ... ok
test gui::range::interval::tests::normalized_range_from_milli_preserves_mirror_fields ... ok
test gui::range::interval::tests::normalized_range_moves_one_edge_and_orders_result ... ok
test gui::range::interval::tests::normalized_range_orders_and_clamps_nano_bounds ... ok
test gui::range::interval::tests::normalized_range_shift_preserves_width_and_clamps_to_bounds ... ok
test gui::range::interval::tests::normalized_range_supports_named_parts_construction ... ok
test gui::range::scrollbar::tests::normalized_scrollbar_maps_viewport_to_horizontal_thumb ... ok
test gui::range::scrollbar::tests::normalized_scrollbar_resolves_thumb_pointer_state ... ok
test gui::range::viewport::tests::normalized_viewport_projection_sanitizes_invalid_inputs ... ok
test gui::range::viewport::tests::normalized_viewport_projects_absolute_ratios_into_rect ... ok
test gui::range::scrollbar::tests::normalized_scrollbar_resolves_drag_and_track_click_center ... ok
test gui::range::viewport::tests::normalized_viewport_supports_named_parts_construction ... ok
test gui::range::viewport::tests::normalized_viewport_uses_nanos_only_when_they_match_micro_mirrors ... ok
test gui::repaint::tests::coalescing_repaint_signal_clears_pending_when_queue_fails ... ok
test gui::repaint::tests::coalescing_repaint_signal_queues_one_wakeup_while_pending ... ok
test gui::repaint::tests::repaint_pending_gate_coalesces_duplicate_requests ... ok
test gui::repaint::tests::shared_repaint_signal_noop_when_unset ... ok
test gui::repaint::tests::shared_repaint_signal_replaces_existing_callback ... ok
test gui::repaint::tests::shared_repaint_signal_forwards_request_to_active_callback ... ok
test gui::layout_core::engine::virtualization_tests::performance::fixed_size_virtualized_scroll_avoids_cold_full_list_measurement ... ok
test gui::selection::tests::tri_state_defaults_to_off ... ok
test gui::selection::tests::triage_target_names_generic_three_way_selection ... ok
test gui::retained::tests::retained_vec_clones_share_storage_until_mutation ... ok
test gui::shortcuts::presentation::tests::mac_keeps_command_and_physical_control_distinct ... ok
test gui::selection::tests::selection_set_normalizes_and_supports_sorted_membership ... ok
test gui::shortcuts::presentation::tests::non_mac_alias_combination_preserves_any_only_when_both_are_any ... ok
test gui::shortcuts::presentation::tests::non_mac_command_and_physical_control_share_one_ordered_alias ... ok
test gui::layout_core::engine::virtualization_tests::performance::scroll_virtualization_limits_materialized_nodes_for_large_lists ... ok
test gui::shortcuts::presentation::tests::physical_control_and_any_are_explicit ... ok
test gui::shortcuts::presentation::tests::presenter_uses_semantic_labels_and_platform_modifier_names ... ok
test gui::shortcuts::tests::shortcut_gesture_matches_explicit_and_any_shift_modifiers ... ok
test gui::shortcuts::tests::shortcut_layer_bind_all_routes_equivalent_gestures_to_one_action ... ok
test gui::shortcuts::tests::shortcut_layer_modal_escape_dispatches_escape_and_consumes_misses ... ok
test gui::shortcuts::tests::shortcut_layer_resolves_actions_and_modal_misses ... ok
test gui::shortcuts::tests::shortcut_resolution_constructors_preserve_action_handled_and_chord_state ... ok
test gui::shortcuts::tests::shortcut_resolution_unhandled_has_no_action_or_chord ... ok
test gui::shortcuts::tests::shortcut_stack_stops_at_modal_layer_miss ... ok
test gui::shortcuts::tests::shortcut_stack_resolves_layers_by_priority_and_uses_fallback_on_miss ... ok
test gui::snapshot::tests::visual_snapshot_from_paint_frame_serializes_primitives_and_text ... ok
test gui::svg::icon::tests::cloned_retained_icon_compares_equal ... ok
test gui::svg::icon::tests::svg_with_current_color_injects_root_color_and_fill ... ok
test gui::svg::tests::empty_svg_icon_emits_no_paint ... ok
test gui::svg::icon::tests::tint_cache_reuses_retained_document_for_same_color ... ok
test gui::svg::icon::tests::tint_palette_resolves_state_colors_and_cached_icons ... ok
test gui::text_layout::tests::cache_hit_refreshes_text_line_eviction_order ... ok
test gui::text_layout::tests::centered_line_invalidates_when_font_bounds_or_insets_change ... ok
test gui::svg::tests::svg_icon_appends_retained_svg_primitive ... ok
test gui::svg::tests::svg_icon_try_from_svg_reports_parse_errors ... ok
test gui::text_layout::tests::centered_line_reuses_cached_geometry_for_identical_inputs ... ok
test gui::svg::tests::svg_subset_parser_supports_evenodd_cutouts ... ok
test gui::text_layout::tests::centered_text_baseline_matches_default_optical_alignment ... ok
test gui::svg::tests::svg_subset_parser_applies_group_transforms ... ok
test gui::text_layout::tests::estimated_text_width_for_segments_matches_joined_text_without_allocation ... ok
test gui::text_layout::tests::estimated_text_width_in_range_normalizes_invalid_bounds ... ok
test gui::text_layout::tests::estimated_text_width_uses_character_count_and_padding ... ok
test gui::text_layout::tests::explicit_cache_eviction_keeps_capacity_bounded ... ok
test gui::text_layout::tests::snap_text_baseline_to_pixel_keeps_height_and_rounds_bottom_edge ... ok
test gui::text_layout::tests::text_input_width_policy_sizes_value_completion_and_placeholder ... ok
test gui::text_layout::tests::text_input_width_policy_uses_existing_width_normalization ... ok
test gui::text_layout::tests::top_line_uses_top_edge_after_horizontal_inset ... ok
test gui::types::color::tests::blend_opaque_toward_ignores_source_alpha ... ok
test gui::types::color::tests::with_alpha_if_selects_alpha_from_condition ... ok
test gui::types::geometry::tests::rect_bounds::point_and_rect_finiteness_helpers_reject_invalid_geometry ... ok
test gui::types::geometry::tests::rect_bounds::rect_center_returns_midpoint ... ok
test gui::types::geometry::tests::rect_bounds::rect_clamp_to_limits_rect_to_bounds ... ok
test gui::text_layout::tests::custom_cache_capacity_is_clamped_to_default_limit ... ok
test gui::types::geometry::tests::rect_bounds::rect_clamp_to_returns_empty_bounds_origin_for_disjoint_rect ... ok
test gui::types::geometry::tests::rect_bounds::rect_empty_at_max_returns_max_corner_empty_rect ... ok
test gui::types::geometry::tests::rect_bounds::rect_from_points_normalizes_opposite_corners ... ok
test gui::types::geometry::tests::rect_bounds::rect_from_size_uses_the_logical_origin ... ok
test gui::types::geometry::tests::rect_bounds::rect_from_xy_size_uses_positioned_logical_bounds ... ok
test gui::types::geometry::tests::rect_bounds::rect_horizontal_ratio_span_projects_full_height_sub_rect ... ok
test gui::types::geometry::tests::rect_bounds::rect_intersection_helpers_distinguish_edge_contact_from_positive_overlap ... ok
test gui::types::geometry::tests::rect_bounds::rect_ratio_projection_maps_between_axes_and_local_ratios ... ok
test gui::types::geometry::tests::rect_bounds::rect_ratio_projection_returns_zero_for_invalid_or_empty_axes ... ok
test gui::types::geometry::tests::rect_bounds::rect_union_covers_both_inputs ... ok
test gui::types::geometry::tests::rect_edges::rect_center_strips_clamp_to_rect_dimensions ... ok
test gui::types::geometry::tests::rect_edges::rect_center_strips_resolve_horizontal_and_vertical_axes ... ok
test gui::types::geometry::tests::rect_edges::rect_coordinate_center_strips_shift_inside_bounds ... ok
test gui::types::geometry::tests::rect_edges::rect_edge_strips_clamp_to_rect_dimensions ... ok
test gui::types::geometry::tests::rect_edges::rect_edge_strips_resolve_each_side ... ok
test gui::types::geometry::tests::rect_edges::rect_stroke_aligned_rect_keeps_tiny_rects ... ok
test gui::types::geometry::tests::rect_edges::rect_stroke_aligned_rect_snaps_to_stroke_grid ... ok
test gui::types::geometry::tests::rect_edges::rect_top_right_square_clamps_to_bounds ... ok
test gui::types::geometry::tests::rect_edges::rect_top_right_square_places_square_inside_anchor ... ok
test gui::types::geometry::tests::rect_insets::rect_inset_applies_four_sides_and_clamps_to_rect_edges ... ok
test gui::svg::catalog::tests::every_catalog_icon_parses_and_paints_as_retained_svg ... ok
test gui::types::geometry::tests::rect_insets::rect_inset_horizontal_clamps_to_rect_edges ... ok
test gui::types::geometry::tests::rect_insets::rect_inset_horizontal_saturating_caps_at_half_width ... ok
test gui::types::geometry::tests::rect_insets::rect_inset_symmetric_saturating_supports_independent_axes ... ok
test gui::types::geometry::tests::rect_insets::rect_inset_uniform_saturating_caps_at_half_extents ... ok
test gui::types::geometry::tests::rect_insets::rect_inset_vertical_clamps_to_rect_edges ... ok
test gui::types::geometry::tests::rect_insets::rect_split_at_y_clamps_split_line_to_rect_bounds ... ok
test gui::types::geometry::tests::rect_squares::rect_centered_odd_pixel_square_forces_odd_side ... ok
test gui::types::geometry::tests::rect_squares::rect_centered_odd_pixel_square_normalizes_side_range_inputs ... ok
test gui::types::geometry::tests::rect_squares::rect_centered_pixel_square_clamps_and_snaps_origin ... ok
test gui::types::geometry::tests::rect_squares::rect_centered_pixel_square_normalizes_side_range_inputs ... ok
test gui::types::geometry::tests::rect_squares::rect_centered_square_clamps_side_and_centers ... ok
test gui::types::geometry::tests::rect_squares::rect_corner_squares_anchor_to_each_corner ... ok
test gui::types::geometry::tests::rect_squares::rect_corner_squares_clamp_to_bounds ... ok
test gui::types::geometry::tests::rect_squares::rect_square_around_centers_on_point ... ok
test gui::types::image::tests::image_rgba_exposes_read_only_dimensions_and_pixels ... ok
test gui::types::image::tests::image_rgba_try_new_reports_dimension_overflow ... ok
test gui::undo::tests::coalesced_changes_keep_earliest_snapshot ... ok
test gui::types::image::tests::image_rgba_try_new_reports_length_mismatch ... ok
test gui::undo::tests::registering_new_change_clears_redo_branch ... ok
test gui::undo::tests::unchanged_mutations_are_not_registered ... ok
test gui::undo::tests::undo_history_enforces_capacity ... ok
test gui::undo::tests::undo_history_restores_previous_state_and_redoes_current_state ... ok
test gui::undo::tests::undo_redo_intent_resolves_standard_shortcuts ... ok
test gui::visualization::sampled_curve::tests::push_sampled_curve_stroke_appends_polyline_for_visible_points ... ok
test gui::visualization::sampled_curve::tests::push_sampled_curve_stroke_skips_degenerate_curves ... ok
test gui::visualization::sampled_curve::tests::sampled_curve_area_fill_skips_invalid_baseline_or_single_point_segment ... ok
test gui::visualization::sampled_curve::tests::sampled_curve_area_path_splits_missing_data_without_bridging ... ok
test gui::visualization::sampled_curve::tests::sampled_curve_area_path_closes_against_bottom_baseline ... ok
test gui::visualization::sampled_curve::tests::push_sampled_curve_area_fill_emits_one_gradient_path_at_high_sample_count ... ok
test gui::visualization::tests::canvas::affordances::canvas_selection_affordance_style_builds_group_hit_tests ... ok
test gui::visualization::sampled_curve::tests::sampled_curve_points_clamps_to_bounds_and_skips_invalid_points ... ok
test gui::visualization::tests::canvas::layers::canvas_invalidation_splits_scene_and_interaction_rebuilds ... ok
test gui::visualization::tests::canvas::affordances::canvas_selection_affordance_hit_test_can_check_single_groups ... ok
test gui::visualization::tests::canvas::affordances::canvas_selection_affordance_hit_test_uses_editor_priority_order ... ok
test gui::visualization::tests::canvas::layers::drag_handle_hit_testing_uses_reverse_paint_order_and_enabled_state ... ok
test gui::visualization::tests::canvas::layers::canvas_layer_hit_testing_prefers_topmost_interactive_layer ... ok
test gui::visualization::tests::canvas::affordances::canvas_selection_affordance_styles_build_matching_hit_test_and_paint_parts ... ok
test gui::visualization::tests::canvas::paint_style::canvas_selection_affordance_style_pushes_group_fills ... ok
test gui::visualization::tests::canvas::paint_style::canvas_selection_geometry_pushes_common_affordance_fills ... ok
test gui::visualization::tests::canvas::paint_style::canvas_selection_paint_style_builds_affordance_paint_parts ... ok
test gui::visualization::tests::canvas::paint_style::canvas_selection_paint_style_derives_standard_colors ... ok
test gui::visualization::tests::canvas::resize_handles::horizontal_resize_edge_bracket_rects_project_edge_and_ticks ... ok
test gui::visualization::tests::canvas::resize_handles::horizontal_resize_edge_visual_rect_supports_insets ... ok
test gui::visualization::tests::canvas::resize_handles::horizontal_resize_edges_clamp_to_half_width ... ok
test gui::visualization::tests::canvas::resize_handles::horizontal_resize_handles_prioritize_edges_over_body ... ok
test gui::visualization::tests::canvas::selection_geometry::canvas_selection_body_handle_rect_keeps_narrow_selection_movable ... ok
test gui::visualization::tests::canvas::selection_geometry::canvas_selection_body_handle_rect_projects_inset_top_strip ... ok
test gui::visualization::tests::canvas::selection_geometry::canvas_selection_edge_handles_project_hit_targets ... ok
test gui::visualization::tests::canvas::selection_geometry::canvas_selection_edge_visual_rect_projects_inset_handle ... ok
test gui::visualization::tests::canvas::selection_geometry::canvas_selection_geometry_projects_common_affordances ... ok
test gui::visualization::tests::canvas::selection_geometry::canvas_selection_geometry_projects_viewport_clipped_range ... ok
test gui::visualization::tests::canvas::selection_geometry::canvas_selection_rect_projects_normalized_range ... ok
test gui::visualization::tests::canvas::selection_geometry::canvas_selection_trailing_control_rect_projects_bottom_square ... ok
test gui::visualization::tests::color_ramp::color_ramp_handles_empty_and_duplicate_stops_without_panicking ... ok
test gui::visualization::tests::color_ramp::color_ramp_interpolates_alpha_and_channels ... ok
test gui::visualization::tests::color_ramp::color_ramp_samples_between_normalized_stops ... ok
test gui::visualization::tests::grid::dense_grid_label_layout_projects_row_and_column_gutters ... ok
test gui::visualization::tests::grid::dense_grid_layout_hit_tests_points_and_clamps_outer_edge ... ok
test gui::visualization::tests::grid::dense_grid_layout_projects_cell_rects ... ok
test gui::visualization::tests::grid::dense_grid_layout_rejects_empty_or_invalid_geometry ... ok
test gui::visualization::tests::grid::dense_grid_raster_layout_projects_bottom_up_cells_with_bleed ... ok
test gui::visualization::tests::grid::dense_grid_raster_layout_sanitizes_bleed_and_rejects_invalid_cells ... ok
test gui::visualization::tests::signal::channel_view_mode_distinguishes_combined_and_split_views ... ok
test gui::visualization::tests::signal::signal_chrome_state_preserves_status_reference_and_channel_view ... ok
test gui::visualization::tests::signal::signal_raster_preview_preserves_label_flags_signature_and_image ... ok
test gui::visualization::tests::signal::signal_tool_state_preserves_generic_interaction_flags ... ok
test gui::visualization::tests::spatial::normalized_milli_point_projects_and_clamps_into_rect ... ok
test gui::visualization::tests::spatial::spatial_panel_defaults_to_inactive_empty_points ... ok
test gui::visualization::tests::spatial::point_render_mode_defaults_to_points ... ok
test gui::visualization::tests::spatial::spatial_panel_groups_labels_selection_and_point_data ... ok
test gui::visualization::tests::spatial::spatial_point_preserves_normalized_coordinates_and_id ... ok
test gui::visualization::tests::strip_layout::horizontal_strip_layout_projects_gapped_strips ... ok
test gui::visualization::tests::strip_layout::horizontal_strip_layout_rejects_invalid_or_cramped_geometry ... ok
test gui::visualization::tests::strip_layout::horizontal_strip_layout_hit_tests_visible_strips ... ok
test gui::visualization::tests::strip_layout::horizontal_strip_layout_resolves_insertion_geometry ... ok
test gui::visualization::tests::strip_layout::vertical_strip_stack_layout_projects_bottom_anchored_slots ... ok
test gui::visualization::tests::strip_layout::vertical_strip_stack_layout_projects_top_anchored_slots ... ok
test gui::visualization::tests::strip_layout::vertical_strip_stack_layout_sanitizes_invalid_inputs ... ok
test gui::visualization::tests::timeline::aggregate::timeline_motion_state_aggregates_surface_chrome_tools_and_transport ... ok
test gui::visualization::tests::timeline::aggregate::timeline_surface_state_aggregates_generic_timeline_parts ... ok
test gui::visualization::tests::timeline::axis::timeline_axis_maps_points_inside_projection_span ... ok
test gui::visualization::tests::timeline::axis::timeline_axis_projects_value_ranges_to_full_height_rects ... ok
test gui::visualization::tests::timeline::axis::timeline_axis_projects_visible_values_and_padding ... ok
test gui::visualization::tests::timeline::axis::timeline_axis_supports_unclamped_projection_for_offscreen_items ... ok
test gui::visualization::tests::timeline::edit::geometry::timeline_edit_handle_geometry_clamps_size_to_bounds ... ok
test gui::visualization::tests::timeline::edit::geometry::timeline_edit_preview_builds_standard_geometry_from_visible_selection ... ok
test gui::visualization::tests::timeline::edit::geometry::timeline_edit_preview_iterates_standard_handle_rects ... ok
test gui::visualization::tests::timeline::edit::geometry::timeline_edit_preview_iterates_standard_region_rects ... ok
test gui::visualization::tests::timeline::edit::geometry::timeline_edit_preview_projects_standard_handle_rects ... ok
test gui::visualization::tests::timeline::edit::geometry::timeline_edit_preview_omits_handles_outside_viewport ... ok
test gui::visualization::tests::timeline::edit::geometry::timeline_edit_preview_projects_standard_region_rects ... ok
test gui::visualization::tests::timeline::edit::hit_testing::timeline_edit_handle_standard_order_prioritizes_inner_handles ... ok
test gui::visualization::tests::timeline::edit::hit_testing::timeline_edit_preview_hit_tests_outer_handles_outside_selection_rect ... ok
test gui::visualization::tests::timeline::edit::hit_testing::timeline_edit_preview_standard_handle_at_uses_standard_priority ... ok
test gui::visualization::tests::timeline::edit::paint::timeline_edit_paint_style_derives_standard_colors ... ok
test gui::visualization::tests::timeline::edit::paint::timeline_edit_preview_pushes_standard_handle_fills ... ok
test gui::visualization::tests::timeline::edit::paint::timeline_edit_preview_pushes_standard_region_fills ... ok
test gui::visualization::tests::timeline::edit::paint::timeline_edit_preview_pushes_standard_styled_fills ... ok
test gui::visualization::tests::timeline::edit::ramps::timeline_edit_preview_builds_from_normalized_ramps ... ok
test gui::visualization::tests::timeline::edit::ramps::timeline_edit_preview_skips_ramp_curve_strokes_without_visible_selection ... ok
test gui::visualization::tests::timeline::edit::ramps::timeline_edit_preview_pushes_standard_ramp_curve_strokes ... ok
test gui::visualization::tests::timeline::edit::ramps::timeline_edit_ramp_from_length_has_no_outer_extension ... ok
test gui::visualization::tests::timeline::item::timeline_item_layout_can_fill_lanes_inside_vertical_insets ... ok
test gui::visualization::tests::timeline::item::timeline_item_layout_projects_centered_lane_items ... ok
test gui::visualization::tests::timeline::item::timeline_item_layout_sanitizes_height_and_inset ... ok
test gui::visualization::tests::timeline::lanes::timeline_lane_layout_divides_even_lanes ... ok
test gui::visualization::tests::timeline::lanes::timeline_lane_layout_projects_label_gutter_rects ... ok
test gui::visualization::tests::timeline::lanes::timeline_lane_layout_uses_fixed_height_and_clamps_last_lane ... ok
test gui::visualization::tests::timeline::mapper::timeline_coordinate_mapper_sanitizes_invalid_back_projection_inputs ... ok
test gui::visualization::tests::timeline::mapper::timeline_coordinate_mapper_projects_and_back_projects_micros ... ok
test gui::visualization::tests::timeline::metadata::timeline_edit_preview_preserves_selection_and_handle_positions ... ok
test gui::visualization::tests::timeline::metadata::timeline_feedback_events_preserve_operation_tokens ... ok
test gui::visualization::tests::timeline::metadata::timeline_marker_preview_preserves_range_and_focus_state ... ok
test gui::visualization::tests::timeline::metadata::timeline_presentation_state_preserves_guides_repeat_and_labels ... ok
test gui::visualization::tests::timeline::metadata::timeline_transport_state_preserves_positions_and_resolves_micro_playhead ... ok
test gui::visualization::tests::timeline::metadata::timeline_viewport_defaults_to_full_normalized_range ... ok
test gui::visualization::tests::timeline::metadata::timeline_viewport_from_index_viewport_projects_integer_bounds ... ok
test gui::visualization::tests::timeline::metadata::timeline_viewport_from_parts_preserves_multiresolution_bounds ... ok
test gui::visualization::tests::timeline::panel::timeline_panel_layout_saturates_invalid_or_oversized_chrome ... ok
test gui::visualization::tests::timeline::panel::timeline_panel_layout_splits_header_ruler_and_lanes ... ok
test gui::visualization::tests::timeline::pitch::timeline_pitch_item_layout_can_project_unclamped_note_rects ... ok
test gui::visualization::tests::timeline::pitch::timeline_pitch_item_layout_projects_note_rects ... ok
test gui::visualization::tests::timeline::pitch::timeline_pitch_layout_clamps_pitch_hit_testing_to_visible_rows ... ok
test gui::visualization::tests::timeline::pitch::timeline_pitch_layout_projects_top_down_pitch_rows ... ok
test gui::visualization::tests::timeline::value_marker::timeline_value_marker_layout_can_project_unclamped_positions ... ok
test gui::visualization::tests::value_axis::horizontal_log_value_axis_clamps_values_and_coordinates ... ok
test gui::visualization::tests::timeline::value_marker::timeline_value_marker_layout_projects_marker_geometry ... ok
test gui::visualization::tests::value_axis::horizontal_log_value_axis_projects_positive_values ... ok
test gui::visualization::tests::value_axis::horizontal_log_value_axis_reads_values_from_x_and_ratio ... ok
test gui::visualization::tests::value_axis::horizontal_value_axis_clamps_values_and_coordinates ... ok
test gui::visualization::tests::value_axis::horizontal_log_value_axis_supports_descending_ranges ... ok
test gui::visualization::tests::value_axis::horizontal_value_axis_projects_values ... ok
test gui::visualization::tests::value_axis::horizontal_value_axis_reads_values_from_x ... ok
test gui::visualization::tests::value_axis::horizontal_value_axis_supports_descending_ranges ... ok
test gui::visualization::tests::value_axis::vertical_value_axis_clamps_values_and_coordinates ... ok
test gui::visualization::tests::value_axis::vertical_value_axis_projects_bottom_up_values ... ok
test gui::visualization::tests::value_axis::vertical_value_axis_reads_values_from_y ... ok
test gui::visualization::tests::value_axis::vertical_value_axis_supports_descending_ranges ... ok
test gui::visualization::tests::value_marker::vertical_value_marker_clamps_value_but_allows_offscreen_x ... ok
test gui::visualization::tests::value_marker::vertical_value_marker_projects_stem_and_handle ... ok
test gui::visualization::tests::value_marker::vertical_value_marker_rejects_invalid_geometry ... ok
test gui_runtime::native_vello::embedded::tests::embedded_animation_clock_reports_elapsed_monotonic_time ... ok
test gui_runtime::native_vello::embedded::tests::embedded_vello_accepts_gradient_fill_paths ... ok
test gui_runtime::native_vello::embedded::tests::embedded_vello_accepts_non_retained_custom_surface_fallbacks ... ok
test gui_runtime::native_vello::embedded::tests::embedded_vello_ignores_custom_shaders_without_native_pipeline_inputs ... ok
test gui_runtime::native_vello::embedded::tests::embedded_vello_ignores_gpu_surfaces_fully_covered_by_opaque_suffixes ... ok
test gui_runtime::native_vello::embedded::tests::embedded_vello_ignores_clipped_host_surfaces_outside_viewport ... ok
test gui_runtime::native_vello::embedded::tests::embedded_vello_ignores_custom_surfaces_without_renderable_geometry ... ok
test gui_runtime::native_vello::embedded::tests::embedded_vello_ignores_gpu_surfaces_without_renderable_content ... ok
test gui_runtime::native_vello::embedded::tests::embedded_vello_ignores_host_surfaces_outside_active_clip ... ok
test gui_runtime::native_vello::embedded::tests::embedded_vello_ignores_gpu_surfaces_without_renderable_geometry ... ok
test gui_runtime::native_vello::embedded::tests::embedded_vello_ignores_overflowing_retained_surfaces_hidden_by_active_clip ... ok
test gui_runtime::native_vello::embedded::tests::embedded_vello_ignores_retained_custom_surfaces_covered_by_opaque_suffixes ... ok
test gui_runtime::native_vello::embedded::tests::embedded_vello_ignores_host_surfaces_covered_by_overlay_panel ... ok
test gui_runtime::native_vello::embedded::tests::embedded_vello_ignores_unsupported_surfaces_inside_suppressed_clips ... ok
test gui_runtime::native_vello::embedded::tests::embedded_vello_physical_size_respects_dpi_scale ... ok
test gui_runtime::native_vello::embedded::tests::embedded_vello_rejects_covered_retained_custom_surfaces_that_allow_overflow ... ok
test gui_runtime::native_vello::embedded::tests::embedded_vello_rejects_gpu_surface_partly_covered_by_clipped_opaque_fill ... ok
test gui_runtime::native_vello::embedded::tests::embedded_vello_rejects_gpu_surfaces_with_visible_uncovered_regions ... ok
test gui_runtime::native_vello::embedded::tests::embedded_vello_rejects_renderable_gpu_surfaces_before_rendering ... ok
test gui_runtime::native_vello::embedded::tests::embedded_vello_rejects_retained_custom_surfaces_under_translucent_suffixes ... ok
test gui_runtime::native_vello::embedded::tests::embedded_vello_rejects_retained_host_custom_surfaces_before_rendering ... ok
test gui_runtime::native_vello::embedded::tests::embedded_vello_rejects_zero_sized_retained_custom_surfaces_that_allow_overflow ... ok
test gui_runtime::native_vello::embedded::tests::embedded_vello_rejects_visible_custom_shaders_with_native_pipeline_inputs ... ok
test gui_runtime::native_vello::embedded::tests::offscreen_capture_physical_size_is_deterministic_at_fractional_scale ... ok
test gui_runtime::native_vello::embedded::tests::offscreen_capture_reports_unsupported_surface_primitives_explicitly ... ok
test gui_runtime::native_vello::generic_runtime::adapter::tests::adapter_generation_does_not_wrap_after_exhaustion ... ok
test gui_runtime::native_vello::generic_runtime::adapter::tests::adapter_generation_advances_from_unknown_without_reuse ... ok
test gui_runtime::native_vello::generic_runtime::adapter::tests::atlas_ledger_marks_unknown_generation_or_bytes_unavailable_and_recovers ... ok
test gui_runtime::native_vello::generic_runtime::adapter::tests::atlas_ledger_aggregates_primary_and_auxiliaries_once ... ok
test gui_runtime::native_vello::generic_runtime::adapter::tests::atlas_ledger_keeps_physical_quarantine_across_recovery_and_rebinds_active ... ok
test gui_runtime::native_vello::generic_runtime::adapter::tests::atlas_ledger_fences_wrong_generation_and_same_key_incarnations ... ok
test gui_runtime::native_vello::generic_runtime::adapter::tests::atlas_ledger_prunes_recovery_history_but_keeps_live_quarantine_generation ... ok
test gui_runtime::native_vello::generic_runtime::adapter::tests::atlas_ledger_recovers_after_count_and_byte_overflow ... ok
test gui_runtime::native_vello::generic_runtime::adapter::tests::auxiliary_auto_inherits_every_selected_backend ... ok
test gui_runtime::native_vello::generic_runtime::adapter::tests::custom_shader_ledger_adoption_preserves_old_generation_quarantine_before_rebind ... ok
test gui_runtime::native_vello::generic_runtime::adapter::tests::custom_shader_ledger_aggregates_primary_auxiliary_and_q0_q1_once ... ok
test gui_runtime::native_vello::generic_runtime::adapter::tests::custom_shader_ledger_fences_account_generation_exhaustion_and_reports_empty_vs_absent ... ok
test gui_runtime::native_vello::generic_runtime::adapter::tests::custom_shader_ledger_fences_stale_wrong_and_same_key_tokens ... ok
test gui_runtime::native_vello::generic_runtime::adapter::tests::custom_shader_ledger_propagates_unknown_and_overflow_independently_and_recovers ... ok
test gui_runtime::native_vello::generic_runtime::adapter::tests::custom_shader_ledger_keeps_recovery_quarantine_and_prunes_history ... ok
test gui_runtime::native_vello::generic_runtime::adapter::tests::explicit_auxiliary_backend_requires_exact_or_primary_compatibility ... ok
test gui_runtime::native_vello::generic_runtime::adapter::tests::failed_generation_candidate_leaves_selected_record_unchanged ... ok
test gui_runtime::native_vello::generic_runtime::adapter::tests::generation_capture_and_admission_require_the_exact_known_owner_value ... ok
test gui_runtime::native_vello::generic_runtime::adapter::tests::generation_capture_rejects_an_unselected_owner ... ok
test gui_runtime::native_vello::generic_runtime::adapter::tests::one_owner_witness_admits_current_and_rejects_stale_or_missing_events ... ok
test gui_runtime::native_vello::generic_runtime::adapter::tests::recovery_generation_must_be_strictly_newer_and_known ... ok
test gui_runtime::native_vello::generic_runtime::adapter::tests::missing_render_context_is_reported_as_absent ... ok
test gui_runtime::native_vello::generic_runtime::adapter::tests::render_canvas_upload_candidate_counter_and_bytes_overflow_clear_on_removal ... ok
test gui_runtime::native_vello::generic_runtime::adapter::tests::render_canvas_upload_candidate_plans_keep_no_work_and_unavailable_buckets_separate ... ok
test gui_runtime::native_vello::generic_runtime::adapter::tests::render_canvas_upload_candidate_plans_sum_primary_and_auxiliary_exact_frames_once ... ok
test gui_runtime::native_vello::generic_runtime::adapter::tests::render_canvas_upload_candidate_rebind_resets_old_generation_evidence ... ok
test gui_runtime::native_vello::generic_runtime::adapter::tests::render_canvas_upload_candidate_rejection_preserves_actual_stats_and_no_plan_is_inert ... ok
test gui_runtime::native_vello::generic_runtime::adapter::tests::render_canvas_upload_ledger_propagates_unavailable_and_checked_overflow ... ok
test gui_runtime::native_vello::generic_runtime::adapter::tests::render_canvas_upload_ledger_rebind_resets_generation_and_fences_replacements ... ok
test gui_runtime::native_vello::generic_runtime::adapter::tests::render_canvas_upload_ledger_sums_primary_and_auxiliary_frames_once ... ok
test gui_runtime::native_vello::generic_runtime::adapter::tests::render_surface_creation_error_retains_backend_message ... ok
test gui_runtime::native_vello::generic_runtime::adapter::tests::signal_ledger_aggregates_primary_and_auxiliaries_once ... ok
test gui_runtime::native_vello::generic_runtime::adapter::tests::signal_ledger_keeps_physical_quarantine_across_recovery_and_rebinds_active ... ok
test gui_runtime::native_vello::generic_runtime::adapter::tests::signal_ledger_fences_wrong_generation_and_same_key_incarnations ... ok
test gui_runtime::native_vello::generic_runtime::adapter::tests::signal_ledger_keeps_unknown_bytes_independent_and_recovers ... ok
test gui_runtime::native_vello::generic_runtime::adapter::tests::signal_ledger_recovers_after_count_and_byte_overflow ... ok
test gui_runtime::native_vello::generic_runtime::adapter::tests::signal_profile_default_is_absent_while_empty_ledger_is_zero ... ok
test gui_runtime::native_vello::generic_runtime::automation_export::tests::disabled_exporter_is_noop ... ok
test gui_runtime::native_vello::generic_runtime::auxiliary::bridge::tests::auxiliary_bridge_carries_profile_eligibility_through_frame_handoff ... ok
test gui_runtime::native_vello::generic_runtime::auxiliary::bridge::tests::auxiliary_bridge_hands_off_each_enabled_frame_once_without_stale_state ... ok
test gui_runtime::native_vello::generic_runtime::auxiliary::bridge::tests::auxiliary_bridge_hands_off_gpu_timing_once_through_parent_boundary ... ok
test gui_runtime::native_vello::generic_runtime::auxiliary::bridge::tests::auxiliary_bridge_keeps_frame_diagnostics_disabled_without_capability_work ... ok
test gui_runtime::native_vello::generic_runtime::auxiliary::bridge::tests::auxiliary_bridge_keeps_scheduled_value_until_admission_is_recorded ... ok
test gui_runtime::native_vello::generic_runtime::auxiliary::bridge::command_tests::child_service_replacement_applies_keymaps_and_rejects_old_registry_targets ... ok
test gui_runtime::native_vello::generic_runtime::auxiliary::bridge::tests::auxiliary_bridge_queues_surface_messages_until_drained ... ok
test gui_runtime::native_vello::generic_runtime::auxiliary::bridge::command_tests::child_commands_use_child_scopes_and_forward_once_before_parent_reduction ... ok
test gui_runtime::native_vello::generic_runtime::auxiliary::bridge::command_tests::application_scopes_cross_windows_with_local_precedence_and_stale_target_fencing ... ok
test gui_runtime::native_vello::generic_runtime::automation_export::tests::exporter_writes_changed_snapshot_and_skips_identical_payload ... ok
test application::runtime::threading::tests::single_worker_business_lane_keeps_running_after_task_panic ... ok
test gui_runtime::native_vello::generic_runtime::auxiliary::tests::auxiliary_active_and_inactive_recovery_preserve_dormancy_boundaries ... ok
test gui_runtime::native_vello::generic_runtime::auxiliary::tests::abandoned_auxiliary_input_route_is_vetoed_without_replay ... ok
test gui_runtime::native_vello::generic_runtime::auxiliary::tests::all_auxiliary_input_kinds_and_keyboard_none_outcome_settle_exactly ... ok
test gui_runtime::native_vello::generic_runtime::auxiliary::tests::auxiliary_clear_focus_isolated_by_generation_with_duplicate_widget_ids ... ok
test gui_runtime::native_vello::generic_runtime::auxiliary::tests::auxiliary_discrete_input_requires_active_admitted_materialized_wrapper ... ok
test gui_runtime::native_vello::generic_runtime::auxiliary::tests::auxiliary_completion_maps_identical_child_and_parent_dispositions ... ok
test gui_runtime::native_vello::generic_runtime::auxiliary::tests::auxiliary_completion_mismatch_suppresses_child_and_parent_lower_stage_work ... ok
test gui_runtime::native_vello::generic_runtime::auxiliary::tests::auxiliary_immediate_transient_exceeded_matches_parent_and_defers_sibling_sync ... ok
test gui_runtime::native_vello::generic_runtime::auxiliary::tests::auxiliary_immediate_transient_mismatch_is_stale_without_policy_or_replay ... ok
test gui_runtime::native_vello::generic_runtime::auxiliary::tests::auxiliary_ime_observation_transfers_once_only_after_parent_append ... ok
test gui_runtime::native_vello::generic_runtime::auxiliary::tests::auxiliary_ime_observation_discards_failed_admission_and_replacement_gets_new_identity ... ok
test gui_runtime::native_vello::generic_runtime::auxiliary::tests::auxiliary_focus_requests_preserve_order_and_fail_closed_for_invalid_lifecycle ... ok
test gui_runtime::native_vello::generic_runtime::auxiliary::tests::auxiliary_input_ticket_stays_live_through_parent_reduction ... ok
test gui_runtime::native_vello::generic_runtime::auxiliary::tests::auxiliary_focus_targets_exact_child_after_projection_sync ... ok
test gui_runtime::native_vello::generic_runtime::auxiliary::tests::auxiliary_projection_key_lookup_uses_projected_windows_without_key_clones ... ok
test gui_runtime::native_vello::generic_runtime::auxiliary::tests::auxiliary_redraw_failure_crosses_the_child_event_boundary ... ok
test gui_runtime::native_vello::generic_runtime::auxiliary::tests::auxiliary_immediate_transient_settles_after_parent_reduction_once ... ok
test gui_runtime::native_vello::generic_runtime::auxiliary::tests::auxiliary_parent_handoff_requires_finalization_and_admission ... ok
test gui_runtime::native_vello::generic_runtime::auxiliary::tests::cached_auxiliary_hide_recovery_and_show_rearm_mailbox_dormancy ... ok
test gui_runtime::native_vello::generic_runtime::auxiliary::command_projection_tests::auxiliary_projection_updates_command_service_and_surface_together ... ok
test gui_runtime::native_vello::generic_runtime::auxiliary::tests::deferred_auxiliary_rebuild_failure_falls_back_to_auxiliary_error_without_recovery_cause ... ok
test gui_runtime::native_vello::generic_runtime::auxiliary::tests::deferred_auxiliary_rebuild_failure_preserves_render_device_loss_and_fences_followup ... ok
test gui_runtime::native_vello::generic_runtime::auxiliary::tests::deferred_recovery_rebuilds_two_children_across_opportunities_and_clears_followup ... ok
test gui_runtime::native_vello::generic_runtime::auxiliary::tests::constructed_auxiliary_runner_owns_its_exact_schedule_key ... ok
test gui_runtime::native_vello::generic_runtime::auxiliary::tests::child_outbox_messages_carry_the_auxiliary_generation_owner ... ok
test gui_runtime::native_vello::generic_runtime::auxiliary::tests::continue_now_does_not_arm_parent_deferred_auxiliary_sync ... ok
test gui_runtime::native_vello::generic_runtime::auxiliary::tests::cached_close_hides_reuses_and_does_not_begin_closing ... ok
test gui_runtime::native_vello::generic_runtime::auxiliary::tests::destructive_close_duplicate_is_suppressed_until_the_first_ticket_is_vetoed ... ok
test gui_runtime::native_vello::generic_runtime::auxiliary::tests::destructive_close_while_recovering_preserves_child_cause_and_cancels_only_child_recovery ... ok
test gui_runtime::native_vello::generic_runtime::auxiliary::tests::failed_auxiliary_initialization_propagates_without_appending_child ... ok
test gui_runtime::native_vello::generic_runtime::auxiliary::tests::destructive_close_stages_a_ticket_and_retains_its_message_until_accepted ... ok
test gui_runtime::native_vello::generic_runtime::auxiliary::tests::recovery_opportunity_admits_at_most_one_auxiliary_rebuild ... ok
test gui_runtime::native_vello::generic_runtime::auxiliary::tests::exceeded_auxiliary_resolution_arms_parent_without_parent_redraw_or_wakeup ... ok
test gui_runtime::native_vello::generic_runtime::auxiliary::tests::lazy_finish_veto_retains_recovering_and_rebuild_pending ... ok
test gui_runtime::native_vello::generic_runtime::auxiliary::tests::destructive_close_without_message_still_enters_bounded_retirement ... ok
test gui_runtime::native_vello::generic_runtime::auxiliary::tests::same_key_recreation_is_suppressed_through_removal_sync_only ... ok
test gui_runtime::native_vello::generic_runtime::auxiliary::tests::retiring_auxiliary_is_excluded_from_finish_lifecycle_admission ... ok
test gui_runtime::native_vello::generic_runtime::closing::tests::deadline_cutoff_is_absolute_from_first_admission ... ok
test gui_runtime::native_vello::generic_runtime::auxiliary::tests::maintenance_removes_retiring_child_only_after_gpu_state_is_empty ... ok
test gui_runtime::native_vello::generic_runtime::closing::tests::first_and_duplicate_admission_is_monotonic ... ok
test gui_runtime::native_vello::generic_runtime::closing::tests::immediate_completion_does_not_consume_a_maintenance_opportunity ... ok
test gui_runtime::native_vello::generic_runtime::closing::tests::pending_retirement_consumes_one_bounded_opportunity ... ok
test gui_runtime::native_vello::generic_runtime::closing::tests::recovery_deadline_is_absolute_from_first_admission ... ok
test gui_runtime::native_vello::generic_runtime::auxiliary::tests::whole_run_retirement_reuses_retiring_transition_without_dispatching_close_message ... ok
test gui_runtime::native_vello::generic_runtime::closing::tests::recovery_failure_can_enter_the_existing_closing_budget ... ok
test gui_runtime::native_vello::generic_runtime::closing::tests::recovery_round_trip_preserves_running_lifecycle_without_closing ... ok
test gui_runtime::native_vello::generic_runtime::closing::tests::stopped_transition_is_idempotent_and_cannot_reopen ... ok
test gui_runtime::native_vello::generic_runtime::closing::tests::turn_budget_cutoff_is_at_most_sixteen_opportunities ... ok
test gui_runtime::native_vello::generic_runtime::composited_base::frame::tests::changed_target_replaces_only_with_free_retirement_capacity_and_exact_witness ... ok
test gui_runtime::native_vello::generic_runtime::auxiliary::tests::terminal_convergence_invalidates_auxiliary_lifecycle_owner ... ok
test gui_runtime::native_vello::generic_runtime::composited_base::frame::tests::composited_base_frame_matches_full_surface_descriptor ... ok
test gui_runtime::native_vello::generic_runtime::auxiliary::tests::stale_generation_and_retiring_or_sibling_children_are_not_fallback_targets ... ok
test gui_runtime::native_vello::generic_runtime::auxiliary::tests::terminal_closing_includes_retiring_child_and_skips_closing_child ... ok
test gui_runtime::native_vello::generic_runtime::composited_base::frame::tests::requested_backing_footprint_is_checked_and_never_zero ... ok
test gui_runtime::native_vello::generic_runtime::composited_base::frame::tests::retirement_identity_binds_predecessor_descriptor_and_completion ... ok
test gui_runtime::native_vello::generic_runtime::composited_base::frame::tests::valid_first_target_creates_and_identical_target_reuses_without_creation ... ok
test gui_runtime::native_vello::generic_runtime::composited_base::frame::tests::stale_wrong_unknown_and_exhausted_generation_evidence_is_vetoed ... ok
test gui_runtime::native_vello::generic_runtime::composited_base::tests::composited_base_refreshes_when_dirty_recreated_or_updated ... ok
test gui_runtime::native_vello::generic_runtime::composited_base::tests::present_base_frame_uses_live_path_without_transient_overlays ... ok
test gui_runtime::native_vello::generic_runtime::composited_base::tests::upload_plan_context_and_cache_hit_observation_follow_collection_mode ... ok
test gui_runtime::native_vello::generic_runtime::cpu_frame_fairness::tests::absent_timing_and_interaction_remain_unknown ... ok
test gui_runtime::native_vello::generic_runtime::cpu_frame_fairness::tests::cadence_pressure_keeps_idle_waiting_due_and_unknown_distinct ... ok
test gui_runtime::native_vello::generic_runtime::cpu_frame_fairness::tests::due_lateness_sample_is_none_for_non_due_pressure ... ok
test gui_runtime::native_vello::generic_runtime::cpu_frame_fairness::tests::due_lateness_uses_due_boundary_and_not_next_wake ... ok
test gui_runtime::native_vello::generic_runtime::cpu_frame_fairness::tests::assessment_does_not_change_scheduler_selection_or_composed_deadlines ... ok
test gui_runtime::native_vello::generic_runtime::cpu_frame_fairness::tests::due_lateness_projection_uses_original_boundary_and_latest_turn ... ok
test gui_runtime::native_vello::generic_runtime::cpu_frame_fairness::tests::exact_interaction_and_stage_completion_are_projected_without_a_cpu_sum ... ok
test gui_runtime::native_vello::generic_runtime::cpu_frame_fairness::tests::fairness_counters_saturate_without_wrapping ... ok
test gui_runtime::native_vello::generic_runtime::cpu_frame_fairness::tests::non_successful_interaction_outcomes_remain_unknown ... ok
test gui_runtime::native_vello::generic_runtime::cpu_frame_fairness::tests::fixed_capacity_samples_and_key_slots_do_not_grow ... ok
test gui_runtime::native_vello::generic_runtime::cpu_frame_fairness::tests::pending_redraw_age_stays_separate_from_cadence_pressure ... ok
test gui_runtime::native_vello::generic_runtime::cpu_frame_fairness::tests::observation_enabled_and_disabled_scheduler_traces_are_identical ... ok
test gui_runtime::native_vello::generic_runtime::cpu_frame_fairness::tests::primary_and_auxiliary_due_combinations_remain_distinct ... ok
test gui_runtime::native_vello::generic_runtime::cpu_frame_fairness::tests::removal_and_clear_fence_history_before_reinsertion ... ok
test gui_runtime::native_vello::generic_runtime::cpu_frame_fairness::tests::requested_and_effective_cadences_remain_separate ... ok
test gui_runtime::native_vello::generic_runtime::cpu_frame_fairness::tests::selected_but_not_admitted_remains_unadmitted_after_a_veto ... ok
test gui_runtime::native_vello::generic_runtime::cpu_frame_fairness::tests::simultaneous_due_windows_project_selected_deferred_and_admitted_separately ... ok
test gui_runtime::native_vello::generic_runtime::cpu_frame_fairness::tests::stable_key_reorder_preserves_turn_identity ... ok
test gui_runtime::native_vello::generic_runtime::cpu_frame_fairness::tests::timed_and_pending_redraw_work_flags_remain_distinct_in_samples ... ok
test gui_runtime::native_vello::generic_runtime::cpu_frame_observation::tests::admission_accounting_is_one_record_per_finished_token ... ok
test gui_runtime::native_vello::generic_runtime::cpu_frame_observation::tests::counters_saturate_without_wrapping ... ok
test gui_runtime::native_vello::generic_runtime::cpu_frame_observation::tests::clear_reuses_only_bounded_key_allocation ... ok
test gui_runtime::native_vello::generic_runtime::cpu_frame_observation::tests::failed_and_recovery_frames_never_count_as_presented ... ok
test gui_runtime::native_vello::generic_runtime::cpu_frame_observation::tests::latest_samples_are_bounded_per_stable_key ... ok
test gui_runtime::native_vello::generic_runtime::cpu_frame_observation::tests::observation_key_capacity_omits_overflow_without_projection ... ok
test gui_runtime::native_vello::generic_runtime::cpu_frame_observation::tests::observation_metadata_does_not_select_or_reorder_scheduler_work ... ok
test gui_runtime::native_vello::generic_runtime::cpu_frame_observation::tests::public_projection_is_unavailable_without_a_completed_sample ... ok
test gui_runtime::native_vello::generic_runtime::cpu_frame_observation::tests::public_projection_maps_each_completion_outcome_and_exact_interaction ... ok
test gui_runtime::native_vello::generic_runtime::cpu_frame_observation::tests::recovery_starts_a_fresh_epoch_but_keeps_the_triggering_outcome ... ok
test gui_runtime::native_vello::generic_runtime::cpu_frame_observation::tests::overflow_admissions_remain_untracked_through_every_finish_outcome ... ok
test gui_runtime::native_vello::generic_runtime::cpu_frame_observation::tests::removal_drops_history_and_reinsertion_starts_fresh ... ok
test gui_runtime::native_vello::generic_runtime::cpu_frame_observation::tests::removing_a_key_releases_a_slot_without_transferring_history ... ok
test gui_runtime::native_vello::generic_runtime::cpu_frame_observation::tests::reorder_does_not_move_history_between_stable_keys ... ok
test gui_runtime::native_vello::generic_runtime::cpu_frame_observation::tests::started_but_unpresented_frame_is_incomplete_not_skipped ... ok
test gui_runtime::native_vello::generic_runtime::cpu_frame_observation::tests::tracked_key_records_while_observation_key_capacity_is_full ... ok
test gui_runtime::native_vello::generic_runtime::device::tests::destroyed_device_loss_is_vetoed ... ok
test gui_runtime::native_vello::generic_runtime::cpu_frame_observation::tests::unavailable_timing_is_not_encoded_as_zero ... ok
test gui_runtime::native_vello::generic_runtime::device::tests::device_loss_event_preserves_owned_text_after_source_is_dropped ... ok
test gui_runtime::native_vello::generic_runtime::device::tests::device_loss_proxy_send_failure_is_harmless ... ok
test gui_runtime::native_vello::generic_runtime::device::tests::empty_uncaptured_error_descriptions_use_stable_non_empty_fallback ... ok
test gui_runtime::native_vello::generic_runtime::device::tests::empty_unknown_device_loss_uses_stable_fallback ... ok
test gui_runtime::native_vello::generic_runtime::device::tests::feature_selection_never_requests_unrelated_advertised_features ... ok
test gui_runtime::native_vello::generic_runtime::device::tests::fallback_baseline_request_uses_fallback_advertisement ... ok
test gui_runtime::native_vello::generic_runtime::device::tests::inside_encoder_only_advertisement_stays_on_the_baseline_request ... ok
test gui_runtime::native_vello::generic_runtime::device::tests::metal_uses_baseline_without_timestamp_retry ... ok
test gui_runtime::native_vello::generic_runtime::device::tests::neither_timestamp_feature_stays_on_the_baseline_request ... ok
test gui_runtime::native_vello::generic_runtime::device::tests::surface_acquire_correlation_is_active_only_for_the_current_call ... ok
test gui_runtime::native_vello::generic_runtime::device::tests::target_key_tracks_device_and_format ... ok
test gui_runtime::native_vello::generic_runtime::device::tests::timestamp_only_advertisement_stays_on_the_baseline_request ... ok
test gui_runtime::native_vello::generic_runtime::device::tests::timestamp_request_has_exactly_one_baseline_retry ... ok
test gui_runtime::native_vello::generic_runtime::device::tests::uncaptured_error_event_keeps_only_owned_backend_neutral_evidence ... ok
test gui_runtime::native_vello::generic_runtime::device::tests::uncaptured_error_proxy_send_failure_is_harmless ... ok
test gui_runtime::native_vello::generic_runtime::device::tests::uncaptured_errors_convert_all_backend_categories_to_owned_evidence ... ok
test gui_runtime::native_vello::generic_runtime::device::tests::unknown_device_loss_owns_non_empty_backend_text ... ok
test gui_runtime::native_vello::generic_runtime::device::tests::unsupported_timestamps_use_vello_baseline_without_retry ... ok
test gui_runtime::native_vello::generic_runtime::external_drag::platform::macos::payload::tests::dragging_frame_uses_stable_icon_geometry ... ok
test gui_runtime::native_vello::generic_runtime::external_drag::platform::macos::payload::tests::multi_file_drag_uses_one_shared_file_type_preview_at_every_scale ... ok
test gui_runtime::native_vello::generic_runtime::external_drag::platform::macos::payload::tests::single_file_drag_keeps_file_specific_preview ... ok
test gui_runtime::native_vello::generic_runtime::external_drag::platform::macos::payload::tests::utf8_drag_path_round_trips_without_normalization ... ok
test gui_runtime::native_vello::generic_runtime::external_drag::platform::macos::source::tests::appkit_copy_operation_is_the_only_accepted_terminal_result ... ok
test gui_runtime::native_vello::generic_runtime::external_drag::platform::macos::source::tests::source_advertises_copy_only_and_ignores_modifiers ... ok
test gui_runtime::native_vello::generic_runtime::external_drag::tests::owner_lookup_keeps_controller_local_session_id_collisions_window_scoped ... ok
test gui_runtime::native_vello::generic_runtime::external_drag::tests::owner_lookup_prefers_exact_primary_or_auxiliary_window_id ... ok
test gui_runtime::native_vello::generic_runtime::frame_cadence::tests::normalized_animation_frame_interval_uses_preclamped_fps ... ok
test gui_runtime::native_vello::generic_runtime::frame_cadence::tests::timed_frame_cadence_preserves_the_original_due_boundary_after_a_late_wake ... ok
test gui_runtime::native_vello::generic_runtime::frame_cadence::tests::timed_frame_cadence_drains_and_schedules_next_wake_when_due ... ok
test gui_runtime::native_vello::generic_runtime::frame_cadence::tests::timed_frame_cadence_stays_idle_without_active_animation ... ok
test gui_runtime::native_vello::generic_runtime::frame_cadence::tests::timed_frame_cadence_waits_for_next_frame_deadline ... ok
test gui_runtime::native_vello::generic_runtime::frame_cadence::tests::timed_frame_target_fps_caps_standalone_text_caret_animation ... ok
test gui_runtime::native_vello::generic_runtime::frame_cadence::tests::timed_frame_target_fps_preserves_explicit_animation_caps_with_text_focus ... ok
test gui_runtime::native_vello::generic_runtime::frame_cadence::tests::timed_frame_target_fps_uses_activity_cap_without_exceeding_native_policy ... ok
test gui_runtime::native_vello::generic_runtime::frame_diagnostics_publication::tests::early_take_preserves_the_pending_value_until_observation_is_finalized ... ok
test gui_runtime::native_vello::generic_runtime::frame_diagnostics_publication::tests::a_scheduled_attempt_without_a_value_does_not_block_the_next_direct_value ... ok
test gui_runtime::native_vello::generic_runtime::frame_diagnostics_publication::tests::scheduled_readiness_requires_observation_and_admission_marks ... ok
test gui_runtime::native_vello::generic_runtime::frame_diagnostics_publication::tests::stage_and_take_ready_are_one_slot_and_do_not_retain_stale_values ... ok
test gui_runtime::native_vello::generic_runtime::frame_scheduler::tests::auxiliary_key_mismatch_vetoes_before_payload_release ... ok
test gui_runtime::native_vello::generic_runtime::frame_scheduler::tests::due_auxiliary_is_selected_when_primary_is_idle ... ok
test gui_runtime::native_vello::generic_runtime::frame_scheduler::tests::auxiliary_stale_generation_and_target_vetoes_never_redrain_in_flight_work ... ok
test gui_runtime::native_vello::generic_runtime::frame_scheduler::tests::auxiliary_live_redraw_request_retains_and_resumes_original_deferred_drain ... ok
test gui_runtime::native_vello::generic_runtime::frame_scheduler::tests::due_deadlines_get_a_future_opportunity_without_busy_looping ... ok
test gui_runtime::native_vello::generic_runtime::frame_scheduler::tests::auxiliary_deferred_deadline_target_generation_cancels_without_replay ... ok
test gui_runtime::native_vello::generic_runtime::frame_scheduler::tests::due_selection_uses_original_due_boundary_not_next_wake_order ... ok
test gui_runtime::native_vello::generic_runtime::frame_scheduler::tests::auxiliary_deferred_deadline_adapter_generation_cancels_without_replay ... ok
test gui_runtime::native_vello::generic_runtime::frame_scheduler::tests::earliest_deadline_uses_minimum_composition ... ok
test gui_runtime::native_vello::generic_runtime::frame_scheduler::tests::empty_or_ineligible_demands_have_no_scheduler_fallback ... ok
test gui_runtime::native_vello::generic_runtime::frame_scheduler::tests::every_auxiliary_eligibility_veto_is_dormant ... ok
test gui_runtime::native_vello::generic_runtime::frame_scheduler::tests::focused_auxiliary_caret_uses_shared_cadence_policy ... ok
test gui_runtime::native_vello::generic_runtime::frame_scheduler::tests::fresh_pending_redraw_defers_cadence_and_stale_pending_redraw_reissues ... ok
test gui_runtime::native_vello::generic_runtime::frame_scheduler::tests::inactive_cached_auxiliary_can_maintain_without_visual_eligibility ... ok
test gui_runtime::native_vello::generic_runtime::frame_scheduler::tests::joint_due_key_selects_visual_then_owed_maintenance ... ok
test gui_runtime::native_vello::generic_runtime::frame_scheduler::tests::incomplete_visual_does_not_arm_maintenance_debt ... ok
test gui_runtime::native_vello::generic_runtime::frame_scheduler::tests::key_cursor_survives_insertion_removal_hide_and_compaction ... ok
test gui_runtime::native_vello::generic_runtime::frame_scheduler::tests::maintenance_only_demand_is_selected_once_by_stable_key ... ok
test gui_runtime::native_vello::generic_runtime::frame_scheduler::tests::maintenance_veto_retains_owed_lane_without_busy_loop ... ok
test gui_runtime::native_vello::generic_runtime::frame_scheduler::tests::new_deadline_precedes_unserved_stale_redraw_after_admission ... ok
test gui_runtime::native_vello::generic_runtime::frame_scheduler::tests::in_flight_completion_vetoes_never_fallback_or_clear_owner ... ok
test gui_runtime::native_vello::generic_runtime::frame_scheduler::tests::one_observation_turn_selects_at_most_one_window ... ok
test gui_runtime::native_vello::generic_runtime::frame_scheduler::tests::owed_maintenance_does_not_preempt_another_key_deadline ... ok
test gui_runtime::native_vello::generic_runtime::frame_scheduler::tests::owed_maintenance_survives_bounded_future_deadline_until_due ... ok
test gui_runtime::native_vello::generic_runtime::frame_scheduler::tests::lifecycle_recovery_veto_cancels_retained_owner_without_release ... ok
test gui_runtime::native_vello::generic_runtime::frame_scheduler::tests::fresh_pending_redraw_after_repaint_advancement_defers_the_timed_frame ... ok
test gui_runtime::native_vello::generic_runtime::frame_scheduler::tests::native_input_boundary_finishes_one_exact_deferred_deadline_without_replay ... ok
test gui_runtime::native_vello::generic_runtime::frame_scheduler::tests::primary_deferred_deadline_adapter_generation_cancels_without_replay ... ok
test gui_runtime::native_vello::generic_runtime::frame_scheduler::tests::primary_live_redraw_request_retains_and_resumes_original_deferred_drain ... ok
test gui_runtime::native_vello::generic_runtime::frame_scheduler::tests::production_scheduler_admits_all_current_eligible_windows_beyond_sixteen ... ok
test gui_runtime::native_vello::generic_runtime::frame_scheduler::tests::primary_deferred_deadline_target_generation_cancels_without_replay ... ok
test gui_runtime::native_vello::generic_runtime::frame_scheduler::tests::pure_timed_repaint_adapter_and_target_vetoes_do_not_release_payload ... ok
test gui_runtime::native_vello::generic_runtime::frame_scheduler::tests::pure_pending_redraw_reissue_adapter_and_target_vetoes_preserve_evidence ... ok
test gui_runtime::native_vello::generic_runtime::frame_scheduler::tests::selected_auxiliary_mixed_deadline_uses_exact_key_and_borrowed_generation ... ok
test gui_runtime::native_vello::generic_runtime::frame_scheduler::tests::pure_timed_repaint_without_change_does_not_rebuild_or_drain ... ok
test gui_runtime::native_vello::generic_runtime::frame_scheduler::tests::selected_auxiliary_pure_pending_redraw_reissue_uses_exact_owner_without_frame_work ... ok
test gui_runtime::native_vello::generic_runtime::frame_scheduler::tests::selected_auxiliary_demand_uses_borrowed_generation_and_does_not_merge_again ... ok
test gui_runtime::native_vello::generic_runtime::frame_scheduler::tests::selected_auxiliary_mixed_repaint_and_reissue_use_one_borrowed_owner_bundle ... ok
test gui_runtime::native_vello::generic_runtime::frame_scheduler::tests::selected_auxiliary_pure_timed_repaint_uses_exact_owner_without_frame_drain ... ok
test gui_runtime::native_vello::generic_runtime::frame_scheduler::tests::selected_primary_mixed_deadline_uses_one_owner_bundle_when_repaint_is_due ... ok
test gui_runtime::native_vello::generic_runtime::frame_scheduler::tests::selected_primary_demand_uses_exact_owner_payload_and_does_not_merge_again ... ok
test gui_runtime::native_vello::generic_runtime::frame_scheduler::tests::selected_primary_mixed_repaint_and_reissue_preserve_stronger_work_without_drain ... ok
test gui_runtime::native_vello::generic_runtime::frame_scheduler::tests::selected_primary_pure_pending_redraw_reissue_uses_exact_owner_without_frame_work ... ok
test gui_runtime::native_vello::generic_runtime::frame_scheduler::tests::stable_round_robin_prevents_continuously_due_primary_starvation ... ok
test gui_runtime::native_vello::generic_runtime::frame_scheduler::tests::visual_deadline_outranks_due_maintenance ... ok
test gui_runtime::native_vello::generic_runtime::frame_scheduler::tests::selected_primary_pure_timed_repaint_uses_exact_owner_without_frame_drain ... ok
test gui_runtime::native_vello::generic_runtime::frame_scheduler_policy::tests::canonical_tie_breaking_is_permutation_independent_and_wraps ... ok
test gui_runtime::native_vello::generic_runtime::frame_scheduler_policy::tests::coalescing_policy_keeps_discrete_boundaries_and_terminal_events ... ok
test gui_runtime::native_vello::generic_runtime::frame_scheduler_policy::tests::continuous_work_does_not_block_fairness_eligibility ... ok
test gui_runtime::native_vello::generic_runtime::frame_scheduler_policy::tests::effective_rate_uses_the_lowest_normalized_cap_and_caret_is_30_hz ... ok
test gui_runtime::native_vello::generic_runtime::frame_scheduler_policy::tests::empty_and_ineligible_demands_have_no_fallback_candidate ... ok
test gui_runtime::native_vello::generic_runtime::frame_scheduler_policy::tests::exact_discrete_input_completion_maps_only_exceeded_to_deferral ... ok
test gui_runtime::native_vello::generic_runtime::frame_scheduler_policy::tests::exact_immediate_transient_completion_is_successful_only_when_completed ... ok
test gui_runtime::native_vello::generic_runtime::frame_scheduler_policy::tests::fences_and_due_work_are_required_for_the_two_epoch_guarantee ... ok
test gui_runtime::native_vello::generic_runtime::frame_scheduler_policy::tests::exact_immediate_transient_completion_maps_only_exceeded_to_deferral ... ok
test gui_runtime::native_vello::generic_runtime::frame_scheduler_policy::tests::immediate_transient_feedback_precedes_due_deadline_work ... ok
test gui_runtime::native_vello::generic_runtime::frame_scheduler_policy::tests::ineligible_work_does_not_accumulate_starvation_promotion ... ok
test gui_runtime::native_vello::generic_runtime::frame_scheduler_policy::tests::one_admission_per_epoch_is_tracked_before_a_second_bundle ... ok
test gui_runtime::native_vello::generic_runtime::frame_scheduler_policy::tests::promotion_does_not_preempt_lifecycle_or_discrete_input ... ok
test gui_runtime::native_vello::generic_runtime::frame_scheduler_policy::tests::soft_budget_input_normalizes_effective_fps_before_binding ... ok
test gui_runtime::native_vello::generic_runtime::frame_scheduler_policy::tests::ledger_tracks_all_current_keys_and_retires_stable_keys ... ok
test gui_runtime::native_vello::generic_runtime::frame_scheduler_policy::tests::selection_uses_promotion_priority_deadline_then_stable_round_robin ... ok
test gui_runtime::native_vello::generic_runtime::frame_scheduler_policy::tests::soft_budgets_follow_the_bounded_formula ... ok
test gui_runtime::native_vello::generic_runtime::frame_scheduler_policy::tests::stage_order_is_explicit_and_non_preemptive ... ok
test gui_runtime::native_vello::generic_runtime::frame_scheduler_policy::tests::two_missed_eligible_epochs_promote_ordinary_work_to_deadline ... ok
test gui_runtime::native_vello::generic_runtime::frame_stage_admission::tests::all_scheduler_stage_variants_are_explicit_and_native_stages_are_admitted ... ok
test gui_runtime::native_vello::generic_runtime::frame_stage_admission::tests::begin_uses_exact_identity_and_current_time_as_vetoes ... ok
test gui_runtime::native_vello::generic_runtime::frame_stage_admission::tests::checked_revision_and_generation_exhaustion_veto_without_payload_release ... ok
test gui_runtime::native_vello::generic_runtime::frame_stage_admission::tests::auxiliary_deadline_owner_is_bound_to_its_exact_schedule_key ... ok
test gui_runtime::native_vello::generic_runtime::frame_stage_admission::tests::completion_retains_exact_identity_monotonic_elapsed_and_not_budgeted_status ... ok
test gui_runtime::native_vello::generic_runtime::frame_stage_admission::tests::deadline_bundle_retains_selected_timed_repaint_evidence ... ok
test gui_runtime::native_vello::generic_runtime::frame_stage_admission::tests::deadline_owner_coalesces_exact_pending_frames_and_retains_earliest_due_time ... ok
test gui_runtime::native_vello::generic_runtime::frame_stage_admission::tests::deadline_owner_coalesces_reissue_without_losing_timed_frame_evidence ... ok
test gui_runtime::native_vello::generic_runtime::frame_stage_admission::tests::deadline_owner_coalesces_repaint_and_frame_operations_independently ... ok
test gui_runtime::native_vello::generic_runtime::frame_stage_admission::tests::deferred_drain_fence_transition_cancels_before_new_fence ... ok
test gui_runtime::native_vello::generic_runtime::frame_stage_admission::tests::deferred_drain_resume_mismatch_cancels_without_completion ... ok
test gui_runtime::native_vello::generic_runtime::frame_stage_admission::tests::deferred_drain_retains_owner_until_exact_resume ... ok
test gui_runtime::native_vello::generic_runtime::frame_stage_admission::tests::failed_completion_after_begin_has_no_second_drain_path ... ok
test gui_runtime::native_vello::generic_runtime::frame_stage_admission::tests::generation_and_key_fences_reject_unknown_or_mismatched_work ... ok
test gui_runtime::native_vello::generic_runtime::frame_stage_admission::tests::immediate_transient_completion_returns_exact_budget_status ... ok
test gui_runtime::native_vello::generic_runtime::frame_stage_admission::tests::immediate_transient_budget_breach_counter_saturates_without_vetoing_or_replaying ... ok
test gui_runtime::native_vello::generic_runtime::frame_stage_admission::tests::input_and_transient_breach_counts_are_isolated_on_one_owner ... ok
test gui_runtime::native_vello::generic_runtime::frame_stage_admission::tests::input_budget_classifies_within_equality_and_over_without_vetoing_completion ... ok
test gui_runtime::native_vello::generic_runtime::frame_stage_admission::tests::input_budget_breach_counter_saturates_without_vetoing_or_replaying ... ok
test gui_runtime::native_vello::generic_runtime::frame_stage_admission::tests::invalid_maintenance_witness_preserves_completed_deadline_owner ... ok
test gui_runtime::native_vello::generic_runtime::frame_stage_admission::tests::known_generation_transitions_after_completion_veto_preserve_begun_owner ... ok
test gui_runtime::native_vello::generic_runtime::frame_stage_admission::tests::layout_admission_allows_known_generations_after_projection_completion ... ok
test gui_runtime::native_vello::generic_runtime::frame_stage_admission::tests::layout_admission_rejects_unknown_generations_and_pending_work ... ok
test gui_runtime::native_vello::generic_runtime::frame_stage_admission::tests::layout_completion_marks_older_revision_stale_and_invalidate_clears_it ... ok
test gui_runtime::native_vello::generic_runtime::frame_stage_admission::tests::layout_completion_mismatch_leaves_the_exact_ticket_in_flight ... ok
test gui_runtime::native_vello::generic_runtime::frame_stage_admission::tests::lifecycle_admission_atomically_retires_every_lower_stage_state ... ok
test gui_runtime::native_vello::generic_runtime::frame_stage_admission::tests::lifecycle_invalidation_discards_immediate_transient_evidence_and_count ... ok
test gui_runtime::native_vello::generic_runtime::frame_stage_admission::tests::lifecycle_admission_rejects_unknown_or_exhausted_evidence_and_duplicates ... ok
test gui_runtime::native_vello::generic_runtime::frame_stage_admission::tests::lifecycle_invalidation_discards_input_budget_evidence_and_count ... ok
test gui_runtime::native_vello::generic_runtime::frame_stage_admission::tests::lifecycle_veto_preserves_advanced_fence_and_exact_completion_is_one_shot ... ok
test gui_runtime::native_vello::generic_runtime::frame_stage_admission::tests::maintenance_ticket_is_exact_and_follows_encode_present_stage ... ok
test gui_runtime::native_vello::generic_runtime::frame_stage_admission::tests::newer_pending_revision_replaces_payload_but_never_replaces_in_flight_work ... ok
test gui_runtime::native_vello::generic_runtime::frame_stage_admission::tests::paint_plan_admission_allows_known_generations_after_layout_completion ... ok
test gui_runtime::native_vello::generic_runtime::frame_stage_admission::tests::paint_plan_admission_rejects_unknown_generations_and_pending_work ... ok
test gui_runtime::native_vello::generic_runtime::frame_stage_admission::tests::paint_plan_completion_marks_older_revision_stale_and_invalidate_clears_it ... ok
test gui_runtime::native_vello::generic_runtime::frame_stage_admission::tests::paint_plan_completion_mismatch_leaves_the_exact_ticket_in_flight ... ok
test gui_runtime::native_vello::generic_runtime::frame_stage_admission::tests::projection_completion_mismatch_cannot_replay_or_fallback ... ok
test gui_runtime::native_vello::generic_runtime::frame_stage_admission::tests::repeated_input_breaches_increment_only_the_discrete_count ... ok
test gui_runtime::native_vello::generic_runtime::frame_stage_admission::tests::repeated_input_completion_is_a_mismatch_without_new_evidence ... ok
test gui_runtime::native_vello::generic_runtime::frame_stage_admission::tests::repeated_transient_completion_is_a_mismatch_without_new_evidence ... ok
test gui_runtime::native_vello::generic_runtime::frame_stage_admission::tests::terminal_lifecycle_admission_encodes_absent_adapter_and_retires_lower_stages ... ok
test gui_runtime::native_vello::generic_runtime::frame_stage_admission::tests::terminal_lifecycle_rejects_explicit_unknown_adapter_but_accepts_known ... ok
test gui_runtime::native_vello::generic_runtime::frame_stage_admission::tests::transient_budget_evidence_is_latest_bounded_and_owner_local ... ok
test gui_runtime::native_vello::generic_runtime::frame_stage_admission::tests::unavailable_timing_is_not_budgeted_and_earlier_completion_saturates_elapsed ... ok
test gui_runtime::native_vello::generic_runtime::frame_stage_admission::tests::wrong_budget_ticket_preserves_evidence_and_breach_count ... ok
test gui_runtime::native_vello::generic_runtime::frame_stage_admission::tests::wrong_transient_ticket_preserves_evidence_and_breach_count ... ok
test gui_runtime::native_vello::generic_runtime::frame_state::tests::native_fingerprint_rejects_mismatch_and_conservative_encoding ... ok
test gui_runtime::native_vello::generic_runtime::frame_state::tests::native_fingerprint_changes_for_revision_identity_span_and_target ... ok
test gui_runtime::native_vello::generic_runtime::frame_state::tests::full_encode_reconcile_records_store_and_scene_reuse_preserves_it ... ok
test gui_runtime::native_vello::generic_runtime::frame_state::tests::scaled_scene_cache_reuses_fractional_dpi_scene_until_content_changes ... ok
test gui_runtime::native_vello::generic_runtime::gpu_surface::active_keys::tests::active_keys_reuse_storage_between_frames ... ok
test gui_runtime::native_vello::generic_runtime::gpu_surface::custom_shader::binding::tests::custom_shader_binding_key_changes_when_payload_shape_changes ... ok
test gui_runtime::native_vello::generic_runtime::gpu_surface::custom_shader::binding::tests::custom_shader_binding_key_tracks_payload_lengths ... ok
test gui_runtime::native_vello::generic_runtime::gpu_surface::custom_shader::pipeline::tests::custom_shader_layout_entries_always_start_with_surface_uniforms ... ok
test gui_runtime::native_vello::generic_runtime::frame_state::tests::oversized_text_input_declines_consistently_across_seed_paint_hit_and_ime ... ok
test gui_runtime::native_vello::generic_runtime::gpu_surface::custom_shader::diagnostics::tests::custom_shader_unsupported_diagnostics_count_payload_bytes ... ok
test gui_runtime::native_vello::generic_runtime::gpu_surface::custom_shader::pipeline::tests::custom_shader_layout_entries_include_optional_payload_bindings ... ok
test gui_runtime::native_vello::generic_runtime::gpu_surface::custom_shader::pipeline::tests::custom_shader_layout_entries_include_presentation_uniform_binding_after_storage ... ok
test gui_runtime::native_vello::generic_runtime::gpu_surface::custom_shader::pipeline::tests::custom_shader_pipeline_key_requires_source_and_fragment_entry ... ok
test gui_runtime::native_vello::generic_runtime::gpu_surface::custom_shader::pipeline::tests::custom_shader_pipeline_key_tracks_payload_bindings ... ok
test gui_runtime::native_vello::generic_runtime::gpu_surface::custom_shader::tests::descriptor_selection_ignores_non_custom_shader_surfaces ... ok
test gui_runtime::native_vello::generic_runtime::frame_state::tests::presentation_change_retires_input_geometry_even_when_plan_bytes_are_unchanged ... ok
test gui_runtime::native_vello::generic_runtime::gpu_surface::custom_shader::tests::descriptor_selection_records_unsupported_custom_shader_payloads ... ok
test gui_runtime::native_vello::generic_runtime::gpu_surface::custom_shader::tests::presentation_updates_match_surface_storage_and_byte_shape ... ok
test gui_runtime::native_vello::generic_runtime::frame_state::tests::current_text_input_fence_is_reused_until_plan_replacement ... ok
test gui_runtime::native_vello::generic_runtime::gpu_surface::encoding::tests::summary_bucket_encoding_exposes_min_max_pairs_without_flattening ... ok
test gui_runtime::native_vello::generic_runtime::gpu_surface::encoding::tests::uniform_byte_views_match_uniform_sizes ... ok
test gui_runtime::native_vello::generic_runtime::gpu_surface::gpu_surface_types::composite::tests::composite_binding_key_tracks_pipeline_and_texture_identity ... ok
test gui_runtime::native_vello::generic_runtime::gpu_surface::gpu_surface_types::custom_shader::tests::custom_shader_binding_write_state_caches_immutable_payload_revisions ... ok
test gui_runtime::native_vello::generic_runtime::gpu_surface::gpu_surface_types::custom_shader::tests::custom_shader_binding_write_state_keeps_legacy_payloads_live ... ok
test gui_runtime::native_vello::generic_runtime::gpu_surface::gpu_surface_types::custom_shader::tests::custom_shader_binding_write_state_accepts_newer_descriptor_revisions ... ok
test gui_runtime::native_vello::generic_runtime::gpu_surface::gpu_surface_types::custom_shader::tests::custom_shader_binding_write_state_resets_presentation_for_new_static_generation ... ok
test gui_runtime::native_vello::generic_runtime::gpu_surface::gpu_surface_types::custom_shader::tests::custom_shader_pipeline_key_tracks_payload_binding_shape ... ok
test gui_runtime::native_vello::generic_runtime::gpu_surface::gpu_surface_types::custom_shader::tests::custom_shader_pipeline_key_tracks_shader_stage_contract ... ok
test gui_runtime::native_vello::generic_runtime::gpu_surface::gpu_surface_types::signal::cache_key::tests::signal_buffer_cache_key_keeps_revision_and_level_independent ... ok
test gui_runtime::native_vello::generic_runtime::gpu_surface::gpu_surface_types::signal::cache_key::tests::signal_buffer_cache_key_tracks_immutable_source_identity ... ok
test gui_runtime::native_vello::generic_runtime::gpu_surface::gpu_surface_types::custom_shader::tests::custom_shader_binding_write_state_rejects_stale_descriptor_after_newer_mailbox ... ok
test gui_runtime::native_vello::generic_runtime::gpu_surface::gpu_surface_types::signal::cache_key::tests::signal_buffer_cache_key_tracks_uploaded_bucket_window ... ok
test gui_runtime::native_vello::generic_runtime::gpu_surface::gpu_surface_types::signal::cache_key::tests::signal_gain_preview_key_tracks_preview_parameters ... ok
test gui_runtime::native_vello::generic_runtime::gpu_surface::gpu_surface_types::signal::tests::signal_body_texture_identity_tracks_device_and_body_key ... ok
test gui_runtime::native_vello::generic_runtime::gpu_surface::identity::tests::immutable_arc_replacement_changes_identity_without_payload_scanning ... ok
test gui_runtime::native_vello::generic_runtime::gpu_surface::gpu_surface_types::texture::tests::atlas_texture_identity_tracks_device_revision_and_dimensions ... ok
test gui_runtime::native_vello::generic_runtime::gpu_surface::identity::tests::signal_source_identity_excludes_presentation_but_render_identity_keeps_it ... ok
test gui_runtime::native_vello::generic_runtime::gpu_surface::native_tests::equivalent_custom_shader_tiles_share_one_pipeline_and_isolate_binding_updates ... ignored, requires native GPU adapter and offscreen WGPU rendering
test gui_runtime::native_vello::generic_runtime::gpu_surface::native_tests::legacy_failed_transition_restores_predecessor_resources ... ignored, requires native GPU adapter and offscreen WGPU rendering
test gui_runtime::native_vello::generic_runtime::gpu_surface::native_tests::planned_invalid_wgsl_replacement_preserves_existing_pipeline_and_binding ... ignored, requires native GPU adapter and offscreen WGPU rendering
test gui_runtime::native_vello::generic_runtime::gpu_surface::native_tests::precise_signal::precise_signal_bucket_smoothing_matches_legacy_for_sub_bucket_views ... ignored, requires native GPU adapter and offscreen WGPU rendering
test gui_runtime::native_vello::generic_runtime::gpu_surface::native_tests::precise_signal::precise_signal_window_matches_near_and_large_origins ... ignored, requires native GPU adapter and offscreen WGPU rendering
test gui_runtime::native_vello::generic_runtime::gpu_surface::native_tests::shared_pipeline_transition_renders_one_fresh_surface_and_retires_1024_old_associations ... ignored, requires native GPU adapter and offscreen WGPU rendering
test gui_runtime::native_vello::generic_runtime::gpu_surface::native_tests::vetoed_transition_restores_predecessor_resources_without_accumulation ... ignored, requires native GPU adapter and offscreen WGPU rendering
test gui_runtime::native_vello::generic_runtime::gpu_surface::overlays::tests::vertical_overlay_uniforms_sanitize_invalid_cursor_inputs ... ok
test gui_runtime::native_vello::generic_runtime::gpu_surface::overlays::tests::vertical_overlay_uniforms_order_and_sanitize_ranges ... ok
test gui_runtime::native_vello::generic_runtime::gpu_surface::passes::tests::surface_pixel_extent_rejects_invalid_geometry ... ok
test gui_runtime::native_vello::generic_runtime::gpu_surface::passes::tests::surface_pixel_extent_rounds_positive_layout_size_up ... ok
test gui_runtime::native_vello::generic_runtime::gpu_surface::passes::tests::surface_scissor_rect_rejects_invalid_geometry ... ok
test gui_runtime::native_vello::generic_runtime::gpu_surface::passes::tests::surface_scissor_rect_uses_finite_positive_pixel_bounds ... ok
test gui_runtime::native_vello::generic_runtime::gpu_surface::resources::atlas::tests::gpu_atlas_texture_extent_rejects_empty_or_oversized_dimensions ... ok
test gui_runtime::native_vello::generic_runtime::gpu_surface::resources::atlas::tests::gpu_atlas_texture_extent_rejects_short_long_and_overflowing_payloads ... ok
test gui_runtime::native_vello::generic_runtime::gpu_surface::resources::atlas::tests::gpu_atlas_texture_extent_reports_upload_layout ... ok
test gui_runtime::native_vello::generic_runtime::gpu_surface::resources::cache::tests::accounted_map_keeps_u64_aggregate_overflow_unavailable_until_pruned ... ok
test gui_runtime::native_vello::generic_runtime::gpu_surface::resources::cache::tests::accounted_map_keeps_unknown_footprints_unavailable_until_last_unknown_is_removed ... ok
test gui_runtime::native_vello::generic_runtime::gpu_surface::resources::cache::tests::accounted_map_prune_and_clear_restore_exact_empty_state ... ok
test gui_runtime::native_vello::generic_runtime::gpu_surface::resources::cache::tests::accounted_map_tracks_exact_logical_rgba_texel_bytes_and_replacement ... ok
test gui_runtime::native_vello::generic_runtime::gpu_surface::resources::cache::tests::custom_shader_binding_logical_bytes_track_base_and_all_optional_buffers ... ok
test gui_runtime::native_vello::generic_runtime::gpu_surface::resources::cache::tests::custom_shader_pipeline_associations_reuse_canonical_identity_text ... ok
test gui_runtime::native_vello::generic_runtime::gpu_surface::resources::cache::tests::custom_shader_pipeline_cache_reuses_capacity_across_sequential_replacements ... ok
test gui_runtime::native_vello::generic_runtime::gpu_surface::resources::cache::tests::custom_shader_pipeline_cache_separates_exact_contracts_and_replacements ... ok
test gui_runtime::native_vello::generic_runtime::gpu_surface::resources::cache::tests::custom_shader_pipeline_cache_shares_and_retires_on_final_interest ... ok
test gui_runtime::native_vello::generic_runtime::gpu_surface::resources::cache::tests::custom_shader_pipeline_failure_is_uncached_and_isolated ... ok
test gui_runtime::native_vello::generic_runtime::gpu_surface::custom_shader::tests::custom_shader_frame_requests_reject_distinct_identities_over_text_budget ... ok
test gui_runtime::native_vello::generic_runtime::gpu_surface::resources::cache::tests::custom_shader_preflight_simulates_ordered_association_replacement ... ok
test gui_runtime::native_vello::generic_runtime::gpu_surface::resources::cache::tests::custom_shader_residency_accounting_aggregates_multiple_keys_and_warm_reuse ... ok
test gui_runtime::native_vello::generic_runtime::gpu_surface::resources::cache::tests::custom_shader_residency_accounting_keeps_counts_exact_through_replacement_and_removal ... ok
test gui_runtime::native_vello::generic_runtime::gpu_surface::resources::cache::tests::custom_shader_residency_accounting_keeps_unknown_bytes_local_and_recovers ... ok
test gui_runtime::native_vello::generic_runtime::gpu_surface::resources::cache::tests::custom_shader_residency_accounting_prune_and_clear_restore_present_empty ... ok
test gui_runtime::native_vello::generic_runtime::gpu_surface::resources::cache::tests::custom_shader_preflight_rejects_new_association_at_capacity ... ok
test gui_runtime::native_vello::generic_runtime::gpu_surface::resources::cache::tests::filtered_custom_shader_metadata_keeps_unassociated_pipelines_until_final_prune ... ok
test gui_runtime::native_vello::generic_runtime::gpu_surface::resources::cache::tests::logical_rgba_texel_bytes_uses_checked_u64_math ... ok
test gui_runtime::native_vello::generic_runtime::gpu_surface::resources::cache::tests::signal_resource_accounting_preserves_unknown_bytes_through_prune_and_clear ... ok
test gui_runtime::native_vello::generic_runtime::gpu_surface::resources::cache::tests::signal_resource_accounting_tracks_cold_reuse_replacement_multiple_keys_and_zero ... ok
test gui_runtime::native_vello::generic_runtime::gpu_surface::resources::cache::tests::signal_resource_logical_buffer_overflow_is_unavailable ... ok
test gui_runtime::native_vello::generic_runtime::gpu_surface::resources::cache::tests::signal_resource_logical_bytes_use_checked_arithmetic ... ok
test gui_runtime::native_vello::generic_runtime::gpu_surface::resources::signal::summary::tests::cached_signal_summary_rebuilds_for_new_immutable_content_with_same_revision ... ok
test gui_runtime::native_vello::generic_runtime::gpu_surface::resources::signal::summary::tests::cached_signal_summary_rebuilds_when_revision_changes ... ok
test gui_runtime::native_vello::generic_runtime::gpu_surface::resources::signal::summary::tests::cached_signal_summary_rebuilds_when_source_shape_changes ... ok
test gui_runtime::native_vello::generic_runtime::gpu_surface::resources::signal::summary::tests::cached_signal_summary_reports_builds_and_hits ... ok
test gui_runtime::native_vello::generic_runtime::gpu_surface::resources::signal::summary::tests::cached_signal_summary_reuses_one_source_across_viewport_changes ... ok
test gui_runtime::native_vello::generic_runtime::gpu_surface::resources::signal::tests::signal_body_cache_mismatch_reports_revision_or_content ... ok
test gui_runtime::native_vello::generic_runtime::gpu_surface::signal::tests::retained_summary_validation_rechecks_declared_shape_changes ... ok
test gui_runtime::native_vello::generic_runtime::gpu_surface::signal::tests::retained_summary_validation_rejects_and_caches_malformed_payloads ... ok
test gui_runtime::native_vello::generic_runtime::gpu_surface::resources::cache::tests::custom_shader_pipeline_cache_capacity_rejects_without_retaining_and_recovers ... ok
test gui_runtime::native_vello::generic_runtime::gpu_surface::resources::cache::tests::custom_shader_transition_reuses_one_predecessor_and_restores_after_veto ... ok
test gui_runtime::native_vello::generic_runtime::gpu_surface::signal::tests::signal_preflight_reuses_bucket_data_for_nearby_presentation_updates ... ok
test gui_runtime::native_vello::generic_runtime::gpu_surface::signal::uniforms::tests::signal_gain_preview_uniforms_mark_active_preview ... ok
test gui_runtime::native_vello::generic_runtime::gpu_surface::signal::uniforms::tests::signal_uniforms_group_shape_level_and_gain_preview ... ok
test gui_runtime::native_vello::generic_runtime::gpu_surface::signal::window::tests::signal_bucket_window_clamps_to_summary_bounds ... ok
test gui_runtime::native_vello::generic_runtime::gpu_surface::signal::tests::signal_preflight_reuploads_bucket_data_when_window_or_detail_changes ... ok
test gui_runtime::native_vello::generic_runtime::gpu_surface::signal::window::tests::signal_bucket_window_does_not_pad_beyond_summary_edges ... ok
test gui_runtime::native_vello::generic_runtime::gpu_surface::signal::window::tests::signal_bucket_window_uploads_one_guard_bucket_per_side ... ok
test gui_runtime::native_vello::generic_runtime::gpu_surface::stats::tests::disabled_upload_plan_collection_keeps_candidate_absent ... ok
test gui_runtime::native_vello::generic_runtime::gpu_surface::stats::tests::render_canvas_upload_evidence_overflow_is_sticky_unavailable ... ok
test gui_runtime::native_vello::generic_runtime::gpu_surface::stats::tests::render_canvas_upload_evidence_records_classified_operations_deterministically ... ok
test gui_runtime::native_vello::generic_runtime::gpu_surface::stats::tests::render_stats_track_atlas_texture_cache_activity ... ok
test gui_runtime::native_vello::generic_runtime::gpu_surface::stats::tests::render_stats_track_composite_binding_cache_activity ... ok
test gui_runtime::native_vello::generic_runtime::gpu_surface::tests::custom_shader_post_write_action_failure_aborts_without_legacy_replay ... ok
test gui_runtime::native_vello::generic_runtime::gpu_surface::tests::custom_shader_preflight_records_ordered_actions_without_live_mutation ... ok
test gui_runtime::native_vello::generic_runtime::gpu_surface::tests::custom_shader_preflight_matches_presentation_updates_after_initial_state ... ok
test gui_runtime::native_vello::generic_runtime::gpu_surface::signal::tests::retained_summary_validation_runs_once_per_summary_identity ... ok
test gui_runtime::native_vello::generic_runtime::gpu_surface::custom_shader::tests::custom_shader_frame_requests_share_identity_text_and_preserve_order ... ok
test gui_runtime::native_vello::generic_runtime::gpu_surface::tests::empty_gpu_surface_frame_consumes_begin_and_clears_prior_resources ... ok
test gui_runtime::native_vello::generic_runtime::gpu_surface::tests::gpu_surface_renderer_prunes_every_resource_map_to_active_keys ... ok
test gui_runtime::native_vello::generic_runtime::gpu_surface::tests::gpu_surface_renderer_prunes_inactive_signal_summaries ... ok
test gui_runtime::native_vello::generic_runtime::gpu_surface::tests::gpu_surface_renderer_reuses_occlusion_scratch_storage ... ok
test gui_runtime::native_vello::generic_runtime::gpu_surface::tests::malformed_signal_preflight_vetoes_render_without_live_validation_mutation ... ok
test gui_runtime::native_vello::generic_runtime::gpu_surface::tests::mid_transaction_surface_failures_do_not_publish_active_keys_or_cleanup ... ok
test gui_runtime::native_vello::generic_runtime::gpu_surface::tests::mixed_atlas_unsupported_custom_shader_and_signal_consumes_one_skip_and_prunes ... ok
test gui_runtime::native_vello::generic_runtime::gpu_surface::tests::post_write_veto_skips_later_mixed_surface_families_without_legacy_work ... ok
test gui_runtime::native_vello::generic_runtime::gpu_surface::tests::rejected_upload_plan_selects_legacy_family_path_without_consuming_actions ... ok
test gui_runtime::native_vello::generic_runtime::gpu_surface::tests::render_canvas_preflight_walks_the_ordered_stream_without_live_mutation ... ok
test gui_runtime::native_vello::generic_runtime::gpu_surface::upload_plan::tests::cold_and_warm_atlas_fixtures_match_actual_classification ... ok
test gui_runtime::native_vello::generic_runtime::gpu_surface::tests::signal_preflight_records_ordered_actions_without_live_mutation ... ok
test gui_runtime::native_vello::generic_runtime::gpu_surface::upload_plan::tests::cold_and_warm_custom_shader_fixtures_match_actual_classification ... ok
test gui_runtime::native_vello::generic_runtime::gpu_surface::upload_plan::tests::cold_and_warm_signal_fixtures_match_actual_classification ... ok
test gui_runtime::native_vello::generic_runtime::gpu_surface::upload_plan::tests::custom_shader_actions_are_consumed_once_in_mutation_order ... ok
test gui_runtime::native_vello::generic_runtime::gpu_surface::upload_plan::tests::invalid_context_publishes_no_plan ... ok
test gui_runtime::native_vello::generic_runtime::gpu_surface::upload_plan::tests::mixed_surface_fixture_matches_actual_classification ... ok
test gui_runtime::native_vello::generic_runtime::gpu_surface::upload_plan::tests::no_work_unavailable_and_overflow_are_typed_and_sticky ... ok
test gui_runtime::native_vello::generic_runtime::gpu_surface::upload_plan::tests::preflight_context_or_stream_drift_vetoes_before_action_consumption ... ok
test gui_runtime::native_vello::generic_runtime::gpu_surface::upload_plan::tests::preflight_plan_consumes_ordered_actions_once ... ok
test gui_runtime::native_vello::generic_runtime::gpu_surface::visibility::tests::gpu_surface_visible_suffix_regions_intersect_active_prefix_clips ... ok
test gui_runtime::native_vello::generic_runtime::gpu_surface::visibility::tests::gpu_surface_visible_suffix_regions_keep_full_rect_without_occluders ... ok
test gui_runtime::native_vello::generic_runtime::gpu_surface::visibility::tests::gpu_surface_visible_suffix_regions_remove_later_opaque_panels ... ok
test gui_runtime::native_vello::generic_runtime::gpu_surface::visibility::tests::gpu_surface_visible_suffix_regions_reuse_existing_storage ... ok
test gui_runtime::native_vello::generic_runtime::gpu_surface::visibility::tests::gpu_surface_visible_suffix_regions_skip_covered_clipped_portions ... ok
test gui_runtime::native_vello::generic_runtime::gpu_surface::visibility::tests::gpu_surface_visible_suffix_regions_reuse_scratch_storage ... ok
test gui_runtime::native_vello::generic_runtime::gpu_surface::visibility::tests::gpu_surface_visible_suffix_regions_skip_nonfinite_surface_rects ... ok
test gui_runtime::native_vello::generic_runtime::gpu_surface::visibility::tests::visible_surface_regions_remove_opaque_overlay_rectangles ... ok
test gui_runtime::native_vello::generic_runtime::gpu_timing::tests::delivery_is_exactly_once_and_the_slot_is_reusable ... ok
test gui_runtime::native_vello::generic_runtime::gpu_timing::tests::disabled_and_unsupported_never_reserve_or_do_work ... ok
test gui_runtime::native_vello::generic_runtime::gpu_timing::tests::failed_or_vetoed_frame_cancels_without_a_terminal_sample ... ok
test gui_runtime::native_vello::generic_runtime::gpu_timing::tests::mapped_zero_clock_quarantines_new_admissions_but_admitted_slots_drain ... ok
test gui_runtime::native_vello::generic_runtime::gpu_timing::tests::mapping_and_conversion_outcomes_are_terminal ... ok
test gui_runtime::native_vello::generic_runtime::gpu_timing::tests::missing_correlation_recycles_without_publishing ... ok
test gui_runtime::native_vello::generic_runtime::gpu_timing::tests::nonzero_equal_timestamps_remain_a_valid_zero_duration ... ok
test gui_runtime::native_vello::generic_runtime::gpu_timing::tests::stale_and_duplicate_completion_are_ignored ... ok
test gui_runtime::native_vello::generic_runtime::gpu_timing::tests::replacement_pool_state_retries_clock_admission ... ok
test gui_runtime::native_vello::generic_runtime::gpu_timing::tests::supported_pool_has_four_slots_and_refuses_the_fifth ... ok
test gui_runtime::native_vello::generic_runtime::gpu_timing::tests::timestamp_conversion_rejects_invalid_periods_and_overflow ... ok
test gui_runtime::native_vello::generic_runtime::gpu_timing::tests::timestamp_conversion_uses_wrapping_subtraction ... ok
test gui_runtime::native_vello::generic_runtime::gpu_timing::tests::zero_callbacks_without_a_valid_present_do_not_quarantine_the_clock ... ok
test gui_runtime::native_vello::generic_runtime::ime::metadata_tests::native_receipt_timestamp_reaches_visible_hidden_and_terminal_widget_hooks ... ok
test gui_runtime::native_vello::generic_runtime::ime::tests::disabled_and_read_only_focus_targets_do_not_admit_native_composition ... ok
test gui_runtime::native_vello::generic_runtime::ime::tests::direct_commit_replaces_once_and_disabled_cancels_without_commit ... ok
test gui_runtime::native_vello::generic_runtime::ime::tests::enabled_is_capability_only_and_first_preedit_captures_focused_context ... ok
test gui_runtime::native_vello::generic_runtime::ime::tests::enabled_boundary_permits_fresh_owner_without_committing_retired_text ... ok
test gui_runtime::native_vello::generic_runtime::gpu_surface::tests::mixed_upload_scratch_reuses_capacity_and_decisions_for_100_cycles ... ok
test gui_runtime::native_vello::generic_runtime::ime::tests::external_text_revision_retires_native_owner_without_a_new_start ... ok
test gui_runtime::native_vello::generic_runtime::ime::tests::ime_adapter_capabilities_are_classified_per_known_backend ... ok
test gui_runtime::native_vello::generic_runtime::ime::tests::malformed_native_range_cancels_active_preedit_without_mutation ... ok
test gui_runtime::native_vello::generic_runtime::ime::tests::focused_start_context_uses_current_multibyte_scalar_selection ... ok
test gui_runtime::native_vello::generic_runtime::ime::tests::hidden_preedit_replaces_repeatedly_and_empty_hidden_stays_owner_bound ... ok
test gui_runtime::native_vello::generic_runtime::ime::tests::malformed_native_range_without_active_owner_is_not_routed ... ok
test gui_runtime::native_vello::generic_runtime::ime::tests::malformed_winit_byte_offsets_are_rejected_without_clamping ... ok
test gui_runtime::native_vello::generic_runtime::ime::tests::oversized_transport_is_rejected_before_utf8_range_work_and_fences_continuations ... ok
test gui_runtime::native_vello::generic_runtime::ime::tests::primary_and_auxiliary_runners_share_identical_ime_behavior ... ok
test gui_runtime::native_vello::generic_runtime::ime::tests::stale_native_terminal_cannot_commit_or_cancel_a_new_shared_owner ... ok
test gui_runtime::native_vello::generic_runtime::ime::tests::winit_byte_offsets_convert_to_ordered_scalar_ranges ... ok
test gui_runtime::native_vello::generic_runtime::ime::tests::winit_none_cursor_range_remains_explicitly_hidden ... ok
test gui_runtime::native_vello::generic_runtime::input::key_code::tests::key_code_from_winit_maps_supported_codes ... ok
test gui_runtime::native_vello::generic_runtime::input::key_code::tests::key_code_from_winit_returns_none_for_unsupported_code ... ok
test gui_runtime::native_vello::generic_runtime::input::tests::converted_control_click_preserves_independent_modifiers ... ok
test gui_runtime::native_vello::generic_runtime::input::tests::keyboard_modifiers_projection_preserves_all_physical_combinations ... ok
test gui_runtime::native_vello::generic_runtime::ime::tests::retired_native_preedit_and_commit_do_not_rebind_to_new_focus ... ok
test gui_runtime::native_vello::generic_runtime::input::tests::macos_keypress_keeps_control_distinct_from_command ... ok
test gui_runtime::native_vello::generic_runtime::input::tests::logical_point_from_winit_rejects_nonfinite_or_overflowing_coordinates ... ok
test gui_runtime::native_vello::generic_runtime::input::tests::native_pointer_gesture_conversion_is_platform_scoped ... ok
test gui_runtime::native_vello::generic_runtime::keyboard::commands::tests::focused_editor_permits_explicit_command_repeat_but_composition_blocks_it ... ok
test gui_runtime::native_vello::generic_runtime::keyboard::commands::tests::focused_text_typing_preempts_logical_commands_even_without_a_legacy_key_code ... ok
test gui_runtime::native_vello::generic_runtime::keyboard::commands::tests::layout_remapped_editing_shortcuts_stay_with_the_text_owner ... ok
test gui_runtime::native_vello::generic_runtime::keyboard::commands::tests::native_normalization_keeps_logical_layout_text_and_full_positional_codes_distinct ... ok
test gui_runtime::native_vello::generic_runtime::keyboard::commands::tests::logical_and_physical_commands_reach_the_application_reducer_through_native_routing ... ok
test gui_runtime::native_vello::generic_runtime::keyboard::commands::tests::logical_editing_without_physical_identity_preempts_a_registered_command ... ok
test gui_runtime::native_vello::generic_runtime::keyboard::commands::tests::required_text_policy_distinguishes_editing_from_application_shortcuts ... ok
test gui_runtime::native_vello::generic_runtime::keyboard::repeat::tests::repeated_backspace_and_delete_are_allowed_only_for_text_deletion ... ok
test gui_runtime::native_vello::generic_runtime::keyboard::commands::tests::native_conflicts_are_terminal_but_unmatched_keys_reach_legacy_once ... ok
test gui_runtime::native_vello::generic_runtime::keyboard::tests::logical_shortcut_keypress_from_text_ignores_non_exact_bracket_text ... ok
test gui_runtime::native_vello::generic_runtime::keyboard::tests::logical_shortcut_keypress_from_text_maps_bracket_characters ... ok
test gui_runtime::native_vello::generic_runtime::keyboard::repeat::tests::repeated_navigation_keys_are_throttled_without_repeating_other_shortcuts ... ok
test gui_runtime::native_vello::generic_runtime::keyboard::tests::tab_sequence_latch_covers_every_consumed_disposition ... ok
test gui_runtime::native_vello::generic_runtime::keyboard::commands::tests::native_repeat_uses_the_registered_command_policy ... ok
test gui_runtime::native_vello::generic_runtime::lifecycle::tests::auxiliary_direct_diagnostics_project_the_keyed_parent_fairness_after_finalization ... ok
test gui_runtime::native_vello::generic_runtime::lifecycle::tests::auxiliary_scheduled_diagnostics_project_admission_after_parent_finalization ... ok
test gui_runtime::native_vello::generic_runtime::lifecycle::tests::auxiliary_diagnostics_forward_before_messages_and_preserve_correlation ... ok
test gui_runtime::native_vello::generic_runtime::lifecycle::tests::auxiliary_profile_delivery_uses_auxiliary_profiling_option ... ok
test gui_runtime::native_vello::generic_runtime::lifecycle::tests::auxiliary_scheduled_work_without_synchronous_present_publishes_nothing_until_later_redraw ... ok
test gui_runtime::native_vello::generic_runtime::lifecycle::tests::destructive_auxiliary_close_currentness_veto_is_inert_and_retains_message ... ok
test gui_runtime::native_vello::generic_runtime::lifecycle::tests::exceeded_titlebar_maximize_suppresses_only_native_redraw_request ... ok
test gui_runtime::native_vello::generic_runtime::lifecycle::tests::gpu_timing_completion_is_delivered_only_while_running ... ok
test gui_runtime::native_vello::generic_runtime::lifecycle::tests::idle_maintenance_does_not_create_a_busy_loop_deadline ... ok
test gui_runtime::native_vello::generic_runtime::lifecycle::tests::destructive_auxiliary_close_owner_veto_is_inert_and_retains_message ... ok
test gui_runtime::native_vello::generic_runtime::lifecycle::tests::native_interactive_event_scope_matches_routed_input_and_excludes_maintenance ... ok
test gui_runtime::native_vello::generic_runtime::lifecycle::tests::pending_maintenance_gets_a_bounded_future_opportunity ... ok
test gui_runtime::native_vello::generic_runtime::lifecycle::tests::primary_activity_cap_keeps_requested_cadence_separate_from_effective_schedule ... ok
test gui_runtime::native_vello::generic_runtime::native_cursor::tests::widget_resize_edge_cursors_map_to_directional_native_icons ... ok
test gui_runtime::native_vello::generic_runtime::native_discrete_input_stage::tests::all_four_covered_kinds_share_the_same_exact_owner_boundary ... ok
test gui_runtime::native_vello::generic_runtime::native_discrete_input_stage::tests::lifecycle_stales_input_ticket_without_replay ... ok
test gui_runtime::native_vello::generic_runtime::native_discrete_input_stage::tests::missing_window_resources_or_fenced_target_vetoes_without_owner_mutation ... ok
test gui_runtime::native_vello::generic_runtime::native_discrete_input_stage::tests::invalidate_retires_completed_input_evidence ... ok
test gui_runtime::native_vello::generic_runtime::lifecycle::tests::destructive_auxiliary_close_preflights_owner_retires_before_message_and_completes ... ok
test gui_runtime::native_vello::generic_runtime::native_discrete_input_stage::tests::owner_allows_exact_input_ticket_and_requires_completion ... ok
test gui_runtime::native_vello::generic_runtime::native_discrete_input_stage::tests::pre_route_veto_is_inert_and_wrong_ticket_cannot_clear_owner ... ok
test gui_runtime::native_vello::generic_runtime::lifecycle::tests::destructive_auxiliary_close_does_not_mutate_sibling_or_parent_lifecycle ... ok
test gui_runtime::native_vello::generic_runtime::native_discrete_input_stage::tests::primary_and_auxiliary_keys_cannot_share_an_input_ticket ... ok
test gui_runtime::native_vello::generic_runtime::native_discrete_input_stage::tests::primary_native_and_auxiliary_wrapper_eligibility_vetoes_are_inert ... ok
test gui_runtime::native_vello::generic_runtime::native_discrete_input_stage::tests::unknown_or_non_running_native_evidence_vetoes_admission ... ok
test gui_runtime::native_vello::generic_runtime::native_encode_present::tests::primary_and_auxiliary_stage_owners_share_the_same_ticket_kernel ... ok
test gui_runtime::native_vello::generic_runtime::native_encode_present::tests::snapshot_revisions_are_checked_and_non_repeating ... ok
test gui_runtime::native_vello::generic_runtime::native_encode_present::tests::four_thousand_ninety_six_snapshot_revisions_remain_monotonic ... ok
test gui_runtime::native_vello::generic_runtime::native_encode_present::tests::ticket_binds_stage_packet_generations_lifecycle_path_and_snapshot ... ok
test gui_runtime::native_vello::generic_runtime::native_encode_present::tests::veto_consumes_encode_present_without_recording_success ... ok
test gui_runtime::native_vello::generic_runtime::native_encode_present::tests::wrong_ticket_preserves_the_real_stage_owner ... ok
test gui_runtime::native_vello::generic_runtime::native_file_open::platform::tests::failed_handler_removal_keeps_refcon_backing_alive ... ok
test gui_runtime::native_vello::generic_runtime::native_file_open::platform::tests::file_url_to_path_accepts_localhost_authority ... ok
test gui_runtime::native_vello::generic_runtime::native_file_open::platform::tests::file_url_to_path_decodes_percent_escaped_paths ... ok
test gui_runtime::native_vello::generic_runtime::native_file_open::platform::tests::percent_decode_rejects_truncated_escape ... ok
test gui_runtime::native_vello::generic_runtime::native_file_open::platform::tests::successful_and_repeated_teardown_release_refcon_exactly_once ... ok
test gui_runtime::native_vello::generic_runtime::native_immediate_transient_stage::tests::all_missing_or_stale_evidence_is_inert_without_owner_mutation ... ok
test gui_runtime::native_vello::generic_runtime::native_immediate_transient_stage::tests::completion_wrapper_preserves_exact_budget_status ... ok
test gui_runtime::native_vello::generic_runtime::native_immediate_transient_stage::tests::all_transient_kinds_share_one_exact_owner_boundary ... ok
test gui_runtime::native_vello::generic_runtime::native_immediate_transient_stage::tests::discrete_input_owner_is_never_replaced_by_transient_admission ... ok
test gui_runtime::native_vello::generic_runtime::native_immediate_transient_stage::tests::fixed_transient_burst_has_one_monotonic_ticket_per_event ... ok
test gui_runtime::native_vello::generic_runtime::native_immediate_transient_stage::tests::post_route_completion_mismatch_does_not_replay_or_clear_current_owner ... ok
test gui_runtime::native_vello::generic_runtime::native_immediate_transient_stage::tests::lifecycle_admission_stales_live_transient_without_replay_or_clear ... ok
test gui_runtime::native_vello::generic_runtime::native_immediate_transient_stage::tests::primary_and_auxiliary_keys_never_share_a_transient_ticket ... ok
test gui_runtime::native_vello::generic_runtime::native_immediate_transient_stage::tests::wrong_currentness_and_veto_do_not_route_or_clear_other_owner ... ok
test gui_runtime::native_vello::generic_runtime::native_immediate_transient_stage::tests::wrong_ticket_never_clears_a_new_transient_owner ... ok
test gui_runtime::native_vello::generic_runtime::native_lifecycle_stage::tests::closing_ticket_accepts_absent_adapter_and_unknown_target_exactly ... ok
test gui_runtime::native_vello::generic_runtime::native_lifecycle_stage::tests::closing_ticket_accepts_recovering_and_known_adapter_but_rejects_unknown_some ... ok
test gui_runtime::native_vello::generic_runtime::native_lifecycle_stage::tests::every_finish_evidence_mutation_vetoes_without_clearing_the_owner ... ok
test gui_runtime::native_vello::generic_runtime::native_lifecycle_stage::tests::every_native_evidence_mismatch_vetoes_without_clearing_the_owner ... ok
test gui_runtime::native_vello::generic_runtime::native_lifecycle_stage::tests::exact_completion_is_one_shot_and_identity_is_stale_afterward ... ok
test gui_runtime::native_vello::generic_runtime::native_lifecycle_stage::tests::finish_ticket_accepts_recovering_with_unknown_target_and_absent_resource ... ok
test gui_runtime::native_vello::generic_runtime::native_lifecycle_stage::tests::finish_ticket_rejects_running_source_but_allows_materialized_exact_evidence ... ok
test gui_runtime::native_vello::generic_runtime::native_lifecycle_stage::tests::invalid_finish_shapes_are_rejected_without_clearing_real_owner ... ok
test gui_runtime::native_vello::generic_runtime::native_lifecycle_stage::tests::lifecycle_ticket_accepts_exact_unknown_target_and_absent_resource_evidence ... ok
test gui_runtime::native_vello::generic_runtime::native_lifecycle_stage::tests::recovery_transitions_still_require_known_adapter ... ok
test gui_runtime::native_vello::generic_runtime::native_lifecycle_stage::tests::wrong_completion_or_veto_preserves_the_real_owner ... ok
test gui_runtime::native_vello::generic_runtime::native_lifecycle_stage::tests::wrong_finish_completion_preserves_the_real_owner ... ok
test gui_runtime::native_vello::generic_runtime::native_pointer_ingress::tests::allocator_boundary_issues_last_identity_once_without_reuse ... ok
test gui_runtime::native_vello::generic_runtime::native_pointer_ingress::tests::bounded_devices_reclaim_only_lowest_idle_slot ... ok
test gui_runtime::native_vello::generic_runtime::native_pointer_ingress::tests::contacts_are_fresh_after_terminal_reuse_and_malformed_terminal_cleans_up ... ok
test gui_runtime::native_vello::generic_runtime::native_pointer_ingress::tests::force_is_checked_and_gestures_have_explicit_transport_outcomes ... ok
test gui_runtime::native_vello::generic_runtime::native_pointer_ingress::tests::malformed_terminal_cancels_exact_token_at_last_valid_position ... ok
test gui_runtime::native_vello::generic_runtime::native_pointer_ingress::tests::mouse_contact_is_stable_while_touch_reuse_gets_a_fresh_identity ... ok
test gui_runtime::native_vello::generic_runtime::native_pointer_ingress::tests::pending_and_active_gesture_devices_are_not_idle_eviction_candidates ... ok
test gui_runtime::native_vello::generic_runtime::native_render_target::tests::missing_stale_unknown_and_exhausted_evidence_vetoes ... ok
test gui_runtime::native_vello::generic_runtime::native_render_target::tests::occupied_predecessor_defers_without_consuming_latest_evidence ... ok
test gui_runtime::native_vello::generic_runtime::native_render_target::tests::ordinary_same_size_is_a_noop_before_target_creation_evidence ... ok
test gui_runtime::native_vello::generic_runtime::native_render_target::tests::replacement_preflight_reuses_exact_evidence_until_successor_commits ... ok
test gui_runtime::native_vello::generic_runtime::native_render_target::tests::requested_rgba8_bytes_are_checked ... ok
test gui_runtime::native_vello::generic_runtime::native_render_target::tests::same_size_replacement_is_always_a_noop_without_target_creation_evidence ... ok
test gui_runtime::native_vello::generic_runtime::native_render_target::tests::selected_device_and_completion_generation_mismatches_veto ... ok
test gui_runtime::native_vello::generic_runtime::native_render_target::tests::valid_replacement_advances_only_the_successor_generation ... ok
test gui_runtime::native_vello::generic_runtime::native_resource_maintenance::tests::currentness_requires_every_binding_field ... ok
test gui_runtime::native_vello::generic_runtime::native_resource_maintenance::tests::cursor_cycles_continuous_active_and_quarantine_slots ... ok
test gui_runtime::native_vello::generic_runtime::native_resource_maintenance::tests::selection_is_fixed_slot_and_does_not_fallback ... ok
test gui_runtime::native_vello::generic_runtime::native_semantic_accessibility::macos::tests::active_range_retry_rejects_an_exact_key_with_a_different_normalized_length ... ok
test gui_runtime::native_vello::generic_runtime::native_semantic_accessibility::macos::tests::active_range_retry_requires_exact_key_and_container ... ok
test gui_runtime::native_vello::generic_runtime::native_semantic_accessibility::macos::tests::active_range_staging_rejects_zero_length_cap_and_overflow ... ok
test gui_runtime::native_vello::generic_runtime::native_semantic_accessibility::macos::tests::active_range_staging_replaces_only_the_matching_container ... ok
test gui_runtime::native_vello::generic_runtime::native_semantic_accessibility::macos::tests::active_range_staging_retains_distinct_containers ... ok
test gui_runtime::native_vello::generic_runtime::native_semantic_accessibility::macos::tests::array_attribute_count_prefers_exact_declared_cardinality ... ok
test gui_runtime::native_vello::generic_runtime::native_semantic_accessibility::macos::tests::array_attribute_count_uses_retained_children_for_non_virtual_nodes ... ok
test gui_runtime::native_vello::generic_runtime::native_semantic_accessibility::macos::tests::baseline_refresh_replaces_any_previous_semantic_projection_with_ordinary ... ok
test gui_runtime::native_vello::generic_runtime::native_semantic_accessibility::macos::tests::callback_query_keys_coalesce_and_retry_only_after_deferred ... ok
test gui_runtime::native_vello::generic_runtime::native_semantic_accessibility::macos::tests::bounded_native_value_extraction_rejects_wrong_types_and_overflow ... ok
test gui_runtime::native_vello::generic_runtime::native_semantic_accessibility::macos::tests::checked_range_arithmetic_is_bounded ... ok
test gui_runtime::native_vello::generic_runtime::native_semantic_accessibility::macos::tests::complete_virtual_child_tokens_requires_an_exact_projection ... ok
test gui_runtime::native_vello::generic_runtime::native_semantic_accessibility::macos::tests::custom_zero_cardinality_never_reaches_native_container_view ... ok
test gui_runtime::native_vello::generic_runtime::native_semantic_accessibility::macos::tests::legacy_ax_value_attribute_matching_rejects_embedded_nul_suffixes ... ok
test gui_runtime::native_vello::generic_runtime::native_semantic_accessibility::macos::tests::mismatched_explicit_retry_is_inert_after_accepted_semantic_projection ... ok
test gui_runtime::native_vello::generic_runtime::native_semantic_accessibility::macos::tests::accessibility_children_boundary_preserves_content_view_parent_symmetry ... ok
test gui_runtime::native_vello::generic_runtime::native_semantic_accessibility::macos::tests::modern_accessibility_configuration_failures_are_inert_before_host_attachment ... ok
test gui_runtime::native_vello::generic_runtime::native_semantic_accessibility::macos::tests::modern_accessibility_configuration_is_bidirectional_and_reachable ... ok
test gui_runtime::native_vello::generic_runtime::native_semantic_accessibility::macos::tests::native_accessibility_notifies_when_destroyed_is_registered_with_exact_abi ... ok
test gui_runtime::native_vello::generic_runtime::native_semantic_accessibility::macos::tests::accessibility_children_boundary_requires_exact_supported_root_attachment ... ok
test gui_runtime::native_vello::generic_runtime::native_semantic_accessibility::macos::tests::native_coordinate_conversion_failures_withhold_projection ... ok
test gui_runtime::native_vello::generic_runtime::native_semantic_accessibility::macos::tests::native_ax_value_setter_requires_the_complete_current_numeric_capability ... ok
test gui_runtime::native_vello::generic_runtime::native_semantic_accessibility::macos::tests::native_accessibility_notifies_when_destroyed_is_state_free_through_retirement ... ok
test gui_runtime::native_vello::generic_runtime::native_semantic_accessibility::macos::tests::native_coordinate_conversion_helper_contains_objective_c_exceptions ... ok
test gui_runtime::native_vello::generic_runtime::native_semantic_accessibility::macos::tests::native_focus_selectors_are_registered_with_exact_abi ... ok
test gui_runtime::native_vello::generic_runtime::gpu_surface::native_tests::precise_signal::frozen_legacy_signal_shader_parses_as_wgsl ... ok
test gui_runtime::native_vello::generic_runtime::native_semantic_accessibility::macos::tests::native_focus_projection_preserves_identity_parity_and_notification_deduplication ... ok
test gui_runtime::native_vello::generic_runtime::native_semantic_accessibility::macos::tests::native_focus_withholds_divergent_scene_and_controller_witnesses ... ok
test gui_runtime::native_vello::generic_runtime::native_semantic_accessibility::macos::tests::native_index_of_child_is_immutable_and_handles_borrow_retirement_and_stale_state ... ok
test gui_runtime::native_vello::generic_runtime::native_semantic_accessibility::macos::tests::native_focus_withholds_stale_ambiguous_and_nonordinary_evidence ... ok
test gui_runtime::native_vello::generic_runtime::native_semantic_accessibility::macos::tests::native_index_of_child_is_registered_with_exact_abi_and_dispatches ... ok
test gui_runtime::native_vello::generic_runtime::native_semantic_accessibility::macos::tests::native_index_of_child_uses_direct_positions_and_sparse_logical_indices ... ok
test gui_runtime::native_vello::generic_runtime::native_semantic_accessibility::macos::tests::native_index_of_child_rejects_invalid_or_ambiguous_topology_evidence ... ok
test gui_runtime::native_vello::generic_runtime::native_semantic_accessibility::macos::tests::native_numeric_contract_maps_exact_role_actions_and_abi ... ok
test gui_runtime::native_vello::generic_runtime::native_semantic_accessibility::macos::tests::native_numeric_event_fence_ignores_geometry_and_requires_identity ... ok
test gui_runtime::native_vello::generic_runtime::native_semantic_accessibility::macos::tests::native_nested_separator_publication_preserves_independent_ordering ... ok
test gui_runtime::native_vello::generic_runtime::native_semantic_accessibility::macos::tests::native_numeric_qualification_requires_current_ordinary_materialized_evidence ... ok
test gui_runtime::native_vello::generic_runtime::native_semantic_accessibility::macos::tests::native_publication_commits_attachment_and_layout_only_after_host_success ... ok
test gui_runtime::native_vello::generic_runtime::native_semantic_accessibility::macos::tests::native_publication_failure_is_inert_for_mismatched_and_throwing_hosts ... ok
test gui_runtime::native_vello::generic_runtime::native_semantic_accessibility::macos::tests::native_publication_falls_back_to_ordinary_tree_for_unqualified_separator ... ok
test gui_runtime::native_vello::generic_runtime::native_semantic_accessibility::macos::tests::native_numeric_action_connected_production_seam_updates_value_without_rebuilding_object ... ok
test gui_runtime::native_vello::generic_runtime::native_semantic_accessibility::macos::tests::native_publication_maps_separator_to_axsplitter_and_reuses_identity ... ok
test gui_runtime::native_vello::generic_runtime::native_semantic_accessibility::macos::tests::native_separator_admission_requires_exact_current_materialized_evidence ... ok
test gui_runtime::native_vello::generic_runtime::native_semantic_accessibility::macos::tests::native_publication_uses_modern_numeric_value_and_retains_identity ... ok
test gui_runtime::native_vello::generic_runtime::native_semantic_accessibility::macos::tests::native_tokens_are_continuous_only_for_the_exact_container_fence ... ok
test gui_runtime::native_vello::generic_runtime::native_semantic_accessibility::macos::tests::only_exact_published_or_retained_statuses_keep_semantic_projection ... ok
test gui_runtime::native_vello::generic_runtime::native_semantic_accessibility::macos::tests::positive_cardinality_without_provider_is_vetoed_before_runtime ... ok
test gui_runtime::native_vello::generic_runtime::native_semantic_accessibility::macos::tests::retained_child_ranges_use_sidecar_logical_indices_not_compact_offsets ... ok
test gui_runtime::native_vello::generic_runtime::native_semantic_accessibility::macos::tests::native_retirement_quarantines_objects_when_host_clear_is_unverified ... ok
test gui_runtime::native_vello::generic_runtime::native_semantic_accessibility::macos::tests::retry_decision_rejects_mismatches_without_refreshing_the_complete_set ... ok
test gui_runtime::native_vello::generic_runtime::native_semantic_accessibility::macos::tests::semantic_demands_fail_when_an_active_range_handle_is_missing ... ok
test gui_runtime::native_vello::generic_runtime::native_semantic_accessibility::macos::tests::semantic_demands_preserve_complete_active_range_order_and_bounds ... ok
test gui_runtime::native_vello::generic_runtime::native_semantic_accessibility::macos::tests::throwing_ax_value_objects_are_inert_and_do_not_enqueue_events ... ok
test gui_runtime::native_vello::generic_runtime::native_semantic_accessibility::macos::tests::stable_numeric_value_updates_retain_object_and_deduplicate_notifications ... ok
test gui_runtime::native_vello::generic_runtime::native_semantic_accessibility::macos::tests::unchanged_projection_does_not_emit_a_second_layout_notification ... ok
test gui_runtime::native_vello::generic_runtime::native_semantic_accessibility::macos::tests::zero_cardinality_is_not_a_range_demand ... ok
test gui_runtime::native_vello::generic_runtime::native_visual_packet::tests::consuming_offer_replaces_newest_pending_and_promotes_once ... ok
test gui_runtime::native_vello::generic_runtime::native_visual_packet::tests::invalidation_advances_owner_and_clears_every_slot ... ok
test gui_runtime::native_vello::generic_runtime::native_visual_packet::tests::logical_presentation_capability_is_independent_of_host_visibility ... ok
test gui_runtime::native_vello::generic_runtime::native_visual_packet::tests::newer_offer_revision_is_allocated_before_stale_reissue ... ok
test gui_runtime::native_vello::generic_runtime::native_visual_packet::tests::occluded_finish_retains_and_coalesces_until_one_explicit_reissue ... ok
test gui_runtime::native_vello::generic_runtime::native_visual_packet::tests::ordinary_resize_target_transition_preserves_claimed_packet ... ok
test gui_runtime::native_vello::generic_runtime::native_visual_packet::tests::mailbox_has_fixed_retained_depth ... ok
test gui_runtime::native_vello::generic_runtime::native_visual_packet::tests::owner_and_revision_exhaustion_fail_closed_without_wrap ... ok
test gui_runtime::native_vello::generic_runtime::native_visual_packet::tests::requested_offer_replaces_without_pending_or_second_wakeup ... ok
test gui_runtime::native_vello::generic_runtime::native_visual_packet::tests::requested_recovery_exception_never_admits_unsolicited_fallback ... ok
test gui_runtime::native_vello::generic_runtime::native_visual_packet::tests::requested_veto_clears_packet_and_never_falls_back ... ok
test gui_runtime::native_vello::generic_runtime::native_visual_packet::tests::retirement_advances_owner_and_rejects_late_events ... ok
test gui_runtime::native_vello::generic_runtime::native_visual_packet::tests::retry_keeps_exact_packet_when_no_newer_offer_exists ... ok
test gui_runtime::native_vello::generic_runtime::native_visual_packet::tests::retry_promotes_newer_pending_work_before_same_packet ... ok
test gui_runtime::native_vello::generic_runtime::native_visual_packet::tests::stale_and_wrong_window_events_do_not_consume_current_work ... ok
test gui_runtime::native_vello::generic_runtime::native_visual_packet::tests::stale_owner_event_after_invalidation_cannot_finish_new_work ... ok
test gui_runtime::native_vello::generic_runtime::native_visual_packet::tests::suspension_rejects_offers_and_survives_invalidation_until_resume ... ok
test gui_runtime::native_vello::generic_runtime::native_visual_packet::tests::unsolicited_redraw_is_admitted_only_when_eligible ... ok
test gui_runtime::native_vello::generic_runtime::pointer_click::tests::double_click_preserves_input_timestamp ... ok
test gui_runtime::native_vello::generic_runtime::pointer_click::tests::nearby_repeated_press_routes_as_double_click ... ok
test gui_runtime::native_vello::generic_runtime::pointer_click::tests::single_press_preserves_input_timestamp ... ok
test gui_runtime::native_vello::generic_runtime::pointer_click::tests::stale_distant_or_different_button_press_routes_as_single_press ... ok
test gui_runtime::native_vello::generic_runtime::popup_drag::tests::integrated_titlebar_double_click_toggles_regular_window_maximized_state ... ok
test gui_runtime::native_vello::generic_runtime::popup_drag::tests::integrated_titlebar_drag_requires_unrouted_primary_press ... ok
test gui_runtime::native_vello::generic_runtime::native_semantic_accessibility::macos::tests::qualified_custom_native_consumption_is_passive_and_uses_normalized_bounds ... ok
test gui_runtime::native_vello::generic_runtime::popup_drag::tests::popup_drag_region_requires_unrouted_primary_press_in_top_region ... ok
test gui_runtime::native_vello::generic_runtime::popup_drag::tests::regular_windows_do_not_start_popup_drag ... ok
test gui_runtime::native_vello::generic_runtime::post_gpu_overlay::buffer::tests::vertex_buffer_cache_reuses_matching_capacity_and_device ... ok
test gui_runtime::native_vello::generic_runtime::post_gpu_overlay::buffer::tests::vertex_buffer_capacity_grows_by_powers_of_two ... ok
test gui_runtime::native_vello::generic_runtime::post_gpu_overlay::geometry::tests::icons::polygon_chrome_and_svg_icons_are_replayable ... ok
test gui_runtime::native_vello::generic_runtime::post_gpu_overlay::geometry::tests::icons::clipped_suffix_replay_keeps_opaque_svg_icons_inside_gpu_regions ... ok
test gui_runtime::native_vello::generic_runtime::post_gpu_overlay::geometry::tests::paths::invalid_fill_path_is_not_replayed_as_partial_geometry ... ok
test gui_runtime::native_vello::generic_runtime::post_gpu_overlay::geometry::tests::icons::clipped_suffix_replay_keeps_polygon_fill_and_border ... ok
test gui_runtime::native_vello::generic_runtime::post_gpu_overlay::geometry::tests::paths::opaque_fill_path_skips_gpu_region_replay_but_remains_full_overlay_replay ... ok
test gui_runtime::native_vello::generic_runtime::post_gpu_overlay::geometry::tests::paths::replayable_gradient_fill_path_clips_to_gpu_regions ... ok
test gui_runtime::native_vello::generic_runtime::post_gpu_overlay::geometry::tests::paths::replayable_gradient_fill_path_preserves_alpha_ramp ... ok
test gui_runtime::native_vello::generic_runtime::post_gpu_overlay::geometry::tests::icons::transient_overlay_replay_keeps_polygon_chrome_and_svg_icon_geometry ... ok
test gui_runtime::native_vello::generic_runtime::post_gpu_overlay::geometry::tests::regions::replayable_vertices_in_regions_clip_stroke_edges_to_gpu_regions ... ok
test gui_runtime::native_vello::generic_runtime::post_gpu_overlay::geometry::tests::paths::transformed_gradient_fill_path_samples_in_logical_surface_coordinates ... ok
test gui_runtime::native_vello::generic_runtime::post_gpu_overlay::geometry::tests::regions::replayable_vertices_in_regions_clip_translucent_fills_to_gpu_regions ... ok
test gui_runtime::native_vello::generic_runtime::post_gpu_overlay::geometry::tests::regions::replayable_vertices_in_regions_clip_text_without_changing_paint_run ... ok
test gui_runtime::native_vello::generic_runtime::post_gpu_overlay::geometry::tests::regions::replayable_vertices_in_regions_keep_overlapping_stroke_edges ... ok
test gui_runtime::native_vello::generic_runtime::post_gpu_overlay::geometry::tests::regions::replayable_vertices_in_regions_reject_invalid_region_geometry ... ok
test gui_runtime::native_vello::generic_runtime::post_gpu_overlay::geometry::tests::regions::replayable_vertices_in_regions_skip_opaque_fills_revealed_by_gpu_clipping ... ok
test gui_runtime::native_vello::generic_runtime::post_gpu_overlay::geometry::tests::regions::replayable_vertices_in_regions_skip_unrelated_later_rectangles ... ok
test gui_runtime::native_vello::generic_runtime::post_gpu_overlay::geometry::tests::suffix::replayable_suffix_is_absent_when_no_gpu_surface_exists ... ok
test gui_runtime::native_vello::generic_runtime::post_gpu_overlay::geometry::tests::suffix::replayable_suffix_starts_after_last_gpu_surface ... ok
test gui_runtime::native_vello::generic_runtime::post_gpu_overlay::geometry::tests::vertices::append_replayable_vertices_preserves_existing_vertices ... ok
test gui_runtime::native_vello::generic_runtime::post_gpu_overlay::geometry::tests::vertices::replayable_vertices_batch_fill_and_stroke_rectangles ... ok
test gui_runtime::native_vello::generic_runtime::post_gpu_overlay::geometry::tests::vertices::replayable_vertices_keep_partially_visible_rectangles ... ok
test gui_runtime::native_vello::generic_runtime::post_gpu_overlay::geometry::tests::vertices::replayable_vertices_emit_bitmap_text_for_transient_overlays ... ok
test gui_runtime::native_vello::generic_runtime::post_gpu_overlay::geometry::tests::vertices::replayable_vertices_reject_invalid_target_and_rect_geometry ... ok
test gui_runtime::native_vello::generic_runtime::post_gpu_overlay::geometry::tests::vertices::replayable_vertices_reuses_existing_storage ... ok
test gui_runtime::native_vello::generic_runtime::post_gpu_overlay::geometry::tests::vertices::replayable_vertices_sanitize_invalid_stroke_widths ... ok
test gui_runtime::native_vello::generic_runtime::post_gpu_overlay::geometry::tests::vertices::replayable_vertices_skip_fully_offscreen_rectangles ... ok
test gui_runtime::native_vello::generic_runtime::post_gpu_overlay::geometry::tests::vertices::stroke_rect_edges_emit_four_positive_rects ... ok
test gui_runtime::native_vello::generic_runtime::post_gpu_overlay::geometry::text::glyphs::tests::glyph_rows_preserve_lowercase_shapes_for_overlay_tooltips ... ok
test gui_runtime::native_vello::generic_runtime::post_gpu_overlay::geometry::text::glyphs::tests::glyph_rows_support_tooltip_punctuation ... ok
test gui_runtime::native_vello::generic_runtime::post_gpu_overlay::geometry::text::tests::visible_text_char_count_uses_ascii_width_without_unicode_byte_counting ... ok
test gui_runtime::native_vello::generic_runtime::post_gpu_overlay::pipeline::tests::cached_pipeline_matches_only_same_device_and_format ... ok
test gui_runtime::native_vello::generic_runtime::post_gpu_overlay::vertex::tests::overlay_vertex_bytes_cover_all_vertices ... ok
test gui_runtime::native_vello::generic_runtime::post_gpu_overlay::vertex::tests::overlay_vertices_keep_vertex_buffer_stride_stable ... ok
test gui_runtime::native_vello::generic_runtime::prepared_surface_refresh::tests::completion_requires_the_exact_in_flight_attempt ... ok
test gui_runtime::native_vello::generic_runtime::prepared_surface_refresh::tests::every_native_evidence_fence_stales_the_exact_ticket ... ok
test gui_runtime::native_vello::generic_runtime::prepared_surface_refresh::tests::layout_wrapper_rejects_unknown_or_stale_native_evidence ... ok
test gui_runtime::native_vello::generic_runtime::prepared_surface_refresh::tests::layout_wrapper_reuses_exact_native_evidence_and_revision_fence ... ok
test gui_runtime::native_vello::generic_runtime::prepared_surface_refresh::tests::newer_request_and_resize_evidence_veto_publication ... ok
test gui_runtime::native_vello::generic_runtime::prepared_surface_refresh::tests::owner_allows_one_exact_projection_ticket_and_rejects_overlap ... ok
test gui_runtime::native_vello::generic_runtime::prepared_surface_refresh::tests::paint_plan_wrapper_requires_layout_completion_and_exact_native_evidence ... ok
test gui_runtime::native_vello::generic_runtime::prepared_surface_refresh::tests::paint_plan_wrapper_vetoes_unknown_or_stale_native_evidence ... ok
test gui_runtime::native_vello::generic_runtime::prepared_surface_refresh::tests::ticket_stage_owner_generation_and_attempt_revision_are_exact ... ok
test gui_runtime::native_vello::generic_runtime::prepared_surface_refresh::tests::unknown_generation_or_lifecycle_evidence_vetoes_admission ... ok
test gui_runtime::native_vello::generic_runtime::present::diagnostics::tests::native_frame_diagnostics_use_the_accumulated_refresh_total ... ok
test gui_runtime::native_vello::generic_runtime::present::diagnostics::tests::paint_only_frame_reports_paint_only_without_a_runtime_refresh ... ok
test gui_runtime::native_vello::generic_runtime::recovery::tests::cancellation_before_worker_binding_is_observed_before_parking ... ok
test gui_runtime::native_vello::generic_runtime::recovery::tests::cancellation_marks_and_wakes_a_bound_worker ... ok
test gui_runtime::native_vello::generic_runtime::recovery::tests::candidate_tracker_allows_one_in_flight_candidate ... ok
test gui_runtime::native_vello::generic_runtime::recovery::tests::coordinator_starts_without_an_event_loop_or_global_state ... ok
test gui_runtime::native_vello::generic_runtime::recovery::tests::coordinator_retains_cancelled_episode_until_worker_acknowledges ... ok
test gui_runtime::native_vello::generic_runtime::recovery::tests::future_driver_returns_cancellation_before_polling_or_parking ... ok
test gui_runtime::native_vello::generic_runtime::recovery::tests::future_driver_returns_cancellation_after_pending_progress ... ok
test gui_runtime::native_vello::generic_runtime::recovery::tests::recovery_episode_token_is_private_and_monotonic ... ok
test gui_runtime::native_vello::generic_runtime::render_profile::tests::atlas_profile_projection_keeps_unknown_and_exhausted_serials_absent ... ok
test gui_runtime::native_vello::generic_runtime::render_profile::tests::atlas_profile_projection_preserves_generation_attribution_and_absent_slots ... ok
test gui_runtime::native_vello::generic_runtime::render_profile::tests::composited_base_profile_projection_keeps_unknown_and_exhausted_generation_untrusted ... ok
test gui_runtime::native_vello::generic_runtime::render_profile::tests::composited_base_profile_projection_preserves_counts_and_requested_bytes ... ok
test gui_runtime::native_vello::generic_runtime::render_profile::tests::custom_shader_profile_projection_preserves_active_q0_q1_counts_and_unknown_bytes ... ok
test gui_runtime::native_vello::generic_runtime::render_profile::tests::custom_shader_profile_projection_preserves_unknown_exhausted_and_absent_slots ... ok
test gui_runtime::native_vello::generic_runtime::render_profile::tests::signal_profile_projection_preserves_active_q0_q1_and_unknown_bytes ... ok
test gui_runtime::native_vello::generic_runtime::render_profile::tests::target_profile_projection_preserves_active_q0_q1_evidence ... ok
test gui_runtime::native_vello::generic_runtime::frame_diagnostics_publication::tests::duplicate_staging_is_rejected_in_debug_builds - should panic ... ok
test gui_runtime::native_vello::generic_runtime::render_profile::tests::target_profile_projection_preserves_predecessor_diagnostics ... ok
test gui_runtime::native_vello::generic_runtime::render_profile::tests::target_profile_projection_suppresses_unknown_and_exhausted_generation_serials ... ok
test gui_runtime::native_vello::generic_runtime::renderer_recovery::tests::duplicate_same_generation_is_rejected_after_attempt_recording ... ok
test gui_runtime::native_vello::generic_runtime::renderer_recovery::tests::first_exact_generation_is_admitted ... ok
test gui_runtime::native_vello::generic_runtime::renderer_recovery::tests::failed_candidate_construction_consumes_the_recorded_attempt ... ok
test gui_runtime::native_vello::generic_runtime::renderer_recovery::tests::newer_generation_restores_one_reconstruction_allowance ... ok
test gui_runtime::native_vello::generic_runtime::renderer_recovery::tests::preflight_rejects_every_non_admissible_boundary_before_gpu_setup ... ok
test gui_runtime::native_vello::generic_runtime::renderer_recovery::tests::stale_unknown_and_exhausted_generations_are_rejected ... ok
test gui_runtime::native_vello::generic_runtime::renderer_recovery::tests::target_generation_only_changes_do_not_reset_the_adapter_attempt ... ok
test gui_runtime::native_vello::generic_runtime::retained_paint_segments::admission::native_paint_segment_cache_admission::cold_start_requires_two_beneficial_non_zero_work_reuses ... ok
test gui_runtime::native_vello::generic_runtime::retained_paint_segments::admission::native_paint_segment_cache_admission::disappearance_removes_identity_without_transferring_scores ... ok
test gui_runtime::native_vello::generic_runtime::retained_paint_segments::admission::native_paint_segment_cache_admission::duplicate_epoch_is_idempotent_and_stale_epoch_clears ... ok
test gui_runtime::native_vello::generic_runtime::retained_paint_segments::admission::native_paint_segment_cache_admission::fresh_encoding_lowers_confidence_and_delays_promotion ... ok
test gui_runtime::native_vello::generic_runtime::retained_paint_segments::admission::native_paint_segment_cache_admission::publication_requires_exact_warming_or_admitted_tuple ... ok
test gui_runtime::native_vello::generic_runtime::retained_paint_segments::admission::native_paint_segment_cache_admission::invalid_duplicate_generation_veto_and_unavailable_evidence_clear_batch ... ok
test gui_runtime::native_vello::generic_runtime::retained_paint_segments::admission::native_paint_segment_cache_admission::intermittent_warming_evidence_expires_across_promotion_windows ... ok
test gui_runtime::native_vello::generic_runtime::retained_paint_segments::admission::native_paint_segment_cache_admission::render_query_distinguishes_warming_probe_from_admitted_retained_tuple ... ok
test gui_runtime::native_vello::generic_runtime::retained_paint_segments::admission::native_paint_segment_cache_admission::revision_and_span_changes_never_authorize_reuse ... ok
test gui_runtime::native_vello::generic_runtime::retained_paint_segments::admission::native_paint_segment_cache_admission::short_low_benefit_burst_does_not_demote_admitted_state ... ok
test gui_runtime::native_vello::generic_runtime::retained_paint_segments::admission::native_paint_segment_cache_admission::sustained_low_benefit_demotes_deterministically ... ok
test gui_runtime::native_vello::generic_runtime::retained_paint_segments::admission::native_paint_segment_cache_admission::target_generation_change_clears_before_accepting_new_generation ... ok
test gui_runtime::native_vello::generic_runtime::retained_paint_segments::admission::native_paint_segment_cache_admission::capacity_and_counters_saturate_without_growth ... ok
test gui_runtime::native_vello::generic_runtime::retained_paint_segments::admission::native_paint_segment_cache_admission::zero_work_reuse_never_admits ... ok
test gui_runtime::native_vello::generic_runtime::retained_paint_segments::benefit::tests::committed_mixed_assembly_records_reuse_and_fresh_segments_atomically ... ok
test gui_runtime::native_vello::generic_runtime::retained_paint_segments::benefit::tests::full_encode_records_fresh_work_and_exact_segment_count_delta ... ok
test gui_runtime::native_vello::generic_runtime::retained_paint_segments::benefit::tests::latest_frame_projection_is_exact_and_epoch_monotonic ... ok
test gui_runtime::native_vello::generic_runtime::retained_paint_segments::benefit::tests::malformed_or_mixed_generation_evidence_clears_without_partial_publish ... ok
test gui_runtime::native_vello::generic_runtime::retained_paint_segments::benefit::tests::veto_repair_is_fresh_work_and_never_successful_reuse ... ok
test gui_runtime::native_vello::generic_runtime::retained_paint_segments::selection::tests::cold_selection_is_full_scene_without_assembly ... ok
test gui_runtime::native_vello::generic_runtime::retained_paint_segments::tests::complete_admission_preserves_plan_order_and_exact_matches ... ok
test gui_runtime::native_vello::generic_runtime::retained_paint_segments::selection::tests::scene_fence_mismatch_forces_fresh_fallback ... ok
test gui_runtime::native_vello::generic_runtime::retained_paint_segments::tests::duplicate_identity_and_generation_mismatch_clear ... ok
test gui_runtime::native_vello::generic_runtime::retained_paint_segments::tests::eligibility_classifier_admits_no_partial_candidate_on_late_failure ... ok
test gui_runtime::native_vello::generic_runtime::retained_paint_segments::tests::eligibility_classifier_builds_exact_plan_and_reports_fresh_reasons ... ok
test gui_runtime::native_vello::generic_runtime::retained_paint_segments::tests::eligibility_classifier_builds_four_ordered_retained_entries ... ok
test gui_runtime::native_vello::generic_runtime::retained_paint_segments::tests::eligibility_classifier_falls_back_for_conservative_and_structural_evidence ... ok
test gui_runtime::native_vello::generic_runtime::retained_paint_segments::tests::eligibility_classifier_keeps_unrelated_entries_for_local_fresh_reasons ... ok
test gui_runtime::native_vello::generic_runtime::retained_paint_segments::tests::eligibility_classifier_falls_back_for_identity_generation_and_safety_failures ... ok
test gui_runtime::native_vello::generic_runtime::retained_paint_segments::tests::eligibility_classifier_keeps_unrelated_entries_when_one_revision_changes ... ok
test gui_runtime::native_vello::generic_runtime::retained_paint_segments::tests::eligibility_classifier_rejects_empty_non_conservative_evidence ... ok
test gui_runtime::native_vello::generic_runtime::retained_paint_segments::tests::eligibility_classifier_routes_shifted_current_spans_without_vetoing_retention ... ok
test gui_runtime::native_vello::generic_runtime::retained_paint_segments::benefit::tests::recent_window_expires_deterministically_without_growth ... ok
test gui_runtime::native_vello::generic_runtime::retained_paint_segments::tests::exact_fingerprint_changes_replace_and_absent_entries_evict ... ok
test gui_runtime::native_vello::generic_runtime::retained_paint_segments::tests::invalid_observation_clears_atomically ... ok
test gui_runtime::native_vello::generic_runtime::retained_paint_segments::tests::fixed_capacity_admits_maximum_dense_observation ... ok
test gui_runtime::native_vello::generic_runtime::retained_paint_segments::tests::unavailable_holes_trailing_extras_and_conservative_clear ... ok
test gui_runtime::native_vello::generic_runtime::retained_paint_segments::tests::unknown_exhausted_and_invalid_spans_clear ... ok
test gui_runtime::native_vello::generic_runtime::retained_paint_segments::tests::unsafe_fields_clear_without_partial_admission ... ok
test gui_runtime::native_vello::generic_runtime::retained_paint_segments::tests::valid_empty_and_removal_clear_store ... ok
test gui_runtime::native_vello::generic_runtime::route_outcome::tests::resize_surface_work_upgrades_after_refresh_or_scene_rebuild ... ok
test gui_runtime::native_vello::generic_runtime::route_outcome::tests::route_outcome_covers_every_frame_work_variant ... ok
test gui_runtime::native_vello::generic_runtime::route_outcome::tests::route_outcome_exit_dominates_frame_work ... ok
test gui_runtime::native_vello::generic_runtime::route_outcome::tests::route_outcome_frame_work_distinguishes_paint_only_from_scene_rebuild ... ok
test gui_runtime::native_vello::generic_runtime::route_outcome::tests::route_outcome_merge_escalates_to_single_strongest_frame_work ... ok
test gui_runtime::native_vello::generic_runtime::route_outcome::tests::route_outcome_merge_preserves_broadest_surface_refresh_scope ... ok
test gui_runtime::native_vello::generic_runtime::route_outcome::tests::route_outcome_merge_preserves_surface_refresh_when_rebuilds_scene ... ok
test gui_runtime::native_vello::generic_runtime::route_outcome::tests::route_outcome_merge_preserves_the_strongest_input_disposition ... ok
test gui_runtime::native_vello::generic_runtime::route_outcome::tests::route_outcome_resize_and_exit_escalate_above_render_work ... ok
test gui_runtime::native_vello::generic_runtime::runner::tests::activation_cannot_clear_acquisition_occlusion_during_recovery ... ok
test gui_runtime::native_vello::generic_runtime::runner::tests::auxiliary_runner_omits_parent_fairness_ledger ... ok
test gui_runtime::native_vello::generic_runtime::runner::tests::atlas_ledger_syncs_post_cache_mutation_and_clear_at_profile_boundary ... ok
test gui_runtime::native_vello::generic_runtime::runner::tests::atlas_residency_refresh_reregisters_a_rejected_live_token ... ok
test gui_runtime::native_vello::generic_runtime::runner::tests::custom_shader_residency_refresh_reregisters_a_rejected_live_token ... ok
test gui_runtime::native_vello::generic_runtime::runner::tests::custom_shader_ledger_syncs_post_cache_mutation_and_clear_at_profile_boundary ... ok
test gui_runtime::native_vello::generic_runtime::runner::tests::deferred_redraw_markers_respect_existing_redraw_ownership ... ok
test gui_runtime::native_vello::generic_runtime::runner::tests::closing_set_is_staged_before_any_window_phase_or_wrapper_mutation ... ok
test gui_runtime::native_vello::generic_runtime::runner::tests::disabled_immediate_transient_budget_binds_authoritative_input_budget ... ok
test gui_runtime::native_vello::generic_runtime::runner::tests::diagnostics_and_profiling_do_not_change_input_policy_mapping ... ok
test gui_runtime::native_vello::generic_runtime::runner::tests::disabled_input_binds_current_input_budget_and_records_missing_completion_clock ... ok
test gui_runtime::native_vello::generic_runtime::runner::tests::diagnostics_disabled_staging_does_not_create_publication_state ... ok
test gui_runtime::native_vello::generic_runtime::runner::tests::due_admitted_auxiliary_selection_round_robins ... ok
test gui_runtime::native_vello::generic_runtime::runner::tests::exhausted_other_fence_has_no_scheduler_retry_until_target_rearm ... ok
test gui_runtime::native_vello::generic_runtime::runner::tests::explicit_occlusion_overrides_acquisition_latch_for_activation ... ok
test gui_runtime::native_vello::generic_runtime::runner::tests::finish_auxiliary_failure_preserves_original_recovery_cause_without_replay ... ok
test gui_runtime::native_vello::generic_runtime::runner::tests::due_retiring_auxiliary_turn_leaves_normal_maintenance_due ... ok
test gui_runtime::native_vello::generic_runtime::runner::tests::frame_profiling_delivers_successful_present_profiles_even_without_sequence ... ok
test gui_runtime::native_vello::generic_runtime::runner::tests::missing_primary_adapter_vetoes_packet_and_clears_recovery_wake ... ok
test gui_runtime::native_vello::generic_runtime::runner::tests::native_closing_ticket_accepts_recovering_without_requiring_adapter_or_target ... ok
test gui_runtime::native_vello::generic_runtime::runner::tests::gpu_timing_is_opt_in_to_frame_profiling_and_observer_for_primary_and_auxiliary ... ok
test gui_runtime::native_vello::generic_runtime::runner::tests::native_closing_fences_runner_admission_predicates ... ok
test gui_runtime::native_vello::generic_runtime::runner::tests::native_closing_ticket_binds_absent_adapter_and_unknown_target ... ok
test gui_runtime::native_vello::generic_runtime::runner::tests::finish_stages_primary_and_unmaterialized_auxiliary_before_phase_mutation ... ok
test gui_runtime::native_vello::generic_runtime::runner::tests::native_lifecycle_ticket_binds_shared_generation_and_exact_window_state ... ok
test gui_runtime::native_vello::generic_runtime::runner::tests::overdue_recovery_completion_is_not_admissible ... ok
test gui_runtime::native_vello::generic_runtime::runner::tests::native_recovery_completion_preserves_controller_closing_veto ... ok
test gui_runtime::native_vello::generic_runtime::runner::tests::native_recovery_round_trip_fences_without_terminal_cause ... ok
test gui_runtime::native_vello::generic_runtime::runner::tests::parent_admission_boundary_marks_fairness_before_cursor_progresses ... ok
test gui_runtime::native_vello::generic_runtime::runner::tests::parent_fairness_history_uses_existing_removal_and_recovery_fences ... ok
test gui_runtime::native_vello::generic_runtime::runner::tests::preterminal_prepare_rejection_vetoes_staged_attempt_without_mutation ... ok
test gui_runtime::native_vello::generic_runtime::runner::tests::preterminal_auxiliary_admission_failure_vetoes_primary_and_stays_inert ... ok
test gui_runtime::native_vello::generic_runtime::runner::tests::preterminal_primary_admission_failure_is_inert_without_retry ... ok
test gui_runtime::native_vello::generic_runtime::runner::tests::preterminal_complete_set_currentness_vetoes_without_terminal_mutation ... ok
test gui_runtime::native_vello::generic_runtime::runner::tests::preterminal_recovery_veto_preserves_cause_for_fresh_admission ... ok
test gui_runtime::native_vello::generic_runtime::runner::tests::primary_discrete_input_requires_live_materialized_native_window ... ok
test gui_runtime::native_vello::generic_runtime::runner::tests::primary_finish_admission_rejects_unmaterialized_evidence ... ok
test gui_runtime::native_vello::generic_runtime::runner::tests::primary_direct_redraw_publishes_once_after_staging ... ok
test gui_runtime::native_vello::generic_runtime::runner::tests::primary_ime_adapter_observation_publishes_once_at_admission_boundary ... ok
test gui_runtime::native_vello::generic_runtime::runner::tests::primary_publication_projects_finalized_cpu_observation ... ok
test gui_runtime::native_vello::generic_runtime::runner::tests::primary_scheduled_route_time_flush_publishes_after_admission_record ... ok
test gui_runtime::native_vello::generic_runtime::runner::tests::primary_route_time_flush_publishes_once_after_staging ... ok
test gui_runtime::native_vello::generic_runtime::native_semantic_accessibility::macos::tests::ffi_boundary_contains_panics ... ok
test gui_runtime::native_vello::generic_runtime::runner::tests::primary_scheduler_quiesces_without_current_stored_adapter_generation ... ok
test gui_runtime::native_vello::generic_runtime::runner::tests::profiling_off_suppresses_profile_publication ... ok
test gui_runtime::native_vello::generic_runtime::runner::tests::recovering_shutdown_preserves_original_render_device_loss_cause ... ok
test gui_runtime::native_vello::generic_runtime::runner::tests::repeated_closing_preparation_is_inert_for_owner_budget_and_cause ... ok
test gui_runtime::native_vello::generic_runtime::runner::tests::retiring_auxiliary_opportunity_has_no_window_demand_but_keeps_exact_wait_deadline ... ok
test gui_runtime::native_vello::generic_runtime::runner::tests::retiring_auxiliary_late_wake_does_not_rearm_without_a_retiring_child ... ok
test gui_runtime::native_vello::generic_runtime::runner::tests::retiring_auxiliary_deadline_tracks_pending_completion_then_one_drop ... ok
test gui_runtime::native_vello::generic_runtime::runner::tests::retiring_auxiliary_deadline_is_due_now_rearmed_and_cleared_by_one_turn ... ok
test gui_runtime::native_vello::generic_runtime::runner::tests::running_shutdown_records_supplied_failure_cause_once ... ok
test gui_runtime::native_vello::generic_runtime::runner::tests::stopped_runner_cannot_resume_normal_admission ... ok
test gui_runtime::native_vello::generic_runtime::runner::tests::signal_residency_refresh_reregisters_a_rejected_live_token ... ok
test gui_runtime::native_vello::generic_runtime::runner::tests::retiring_auxiliary_pending_deadline_does_not_fire_early ... ok
test gui_runtime::native_vello::generic_runtime::runner::tests::terminal_convergence_invalidates_primary_lifecycle_owner ... ok
test gui_runtime::native_vello::generic_runtime::runner_state::tests::abandoned_native_resource_publication_reservation_preserves_active_state ... ok
test gui_runtime::native_vello::generic_runtime::runner_state::tests::atlas_residency_projection_preserves_bundle_generations_and_absent_slots ... ok
test gui_runtime::native_vello::generic_runtime::runner::tests::retiring_auxiliary_opportunity_shares_one_turn_across_multiple_children ... ok
test gui_runtime::native_vello::generic_runtime::runner::tests::visibility_intent_survives_recovery_concealment_and_reapplies_after_success ... ok
test gui_runtime::native_vello::generic_runtime::runner_state::tests::completed_native_resource_reclaims_quarantine_capacity ... ok
test gui_runtime::native_vello::generic_runtime::runner_state::tests::consecutive_timeout_retry_is_one_shot_until_success_or_target_transition ... ok
test gui_runtime::native_vello::generic_runtime::runner_state::tests::custom_shader_residency_projection_preserves_bundle_generations_and_empty_slots ... ok
test gui_runtime::native_vello::generic_runtime::runner_state::tests::custom_shader_residency_slots_are_absent_before_native_resource_publication ... ok
test gui_runtime::native_vello::generic_runtime::runner::tests::unknown_callback_adapter_generation_uses_the_same_requested_veto ... ok
test gui_runtime::native_vello::generic_runtime::runner_state::tests::disabled_native_input_diagnostics_do_not_create_state ... ok
test gui_runtime::native_vello::generic_runtime::runner_state::tests::full_native_resource_publication_preserves_rejected_input_and_active_state ... ok
test gui_runtime::native_vello::generic_runtime::runner_state::tests::ime_cursor_area_cache_republishes_after_movement_invalidity_and_identity_changes ... ok
test gui_runtime::native_vello::generic_runtime::runner_state::tests::fresh_window_gpu_state_is_quarantined_as_one_owned_entry ... ok
test gui_runtime::native_vello::generic_runtime::runner_state::tests::ime_cursor_area_cache_republishes_when_native_dpi_changes_under_fixed_target_generation ... ok
test gui_runtime::native_vello::generic_runtime::runner_state::tests::ime_cursor_area_cache_suppresses_repeats_only_after_recording_a_call ... ok
test gui_runtime::native_vello::generic_runtime::runner_state::tests::native_frame_sequence_exhaustion_does_not_wrap_or_reuse ... ok
test gui_runtime::native_vello::generic_runtime::runner_state::tests::native_frame_sequence_starts_at_one_and_increments_without_reuse ... ok
test gui_runtime::native_vello::generic_runtime::runner_state::tests::native_input_arrival_is_consumed_once_after_successful_presentation ... ok
test gui_runtime::native_vello::generic_runtime::runner_state::tests::native_input_arrival_is_latest_wins ... ok
test gui_runtime::native_vello::generic_runtime::runner_state::tests::native_input_arrival_is_retained_until_successful_presentation ... ok
test gui_runtime::native_vello::generic_runtime::runner_state::tests::native_input_latency_saturates_when_presentation_clock_is_earlier ... ok
test gui_runtime::native_vello::generic_runtime::runner_state::tests::native_input_sequence_allocator_exhaustion_is_checked_and_permanent ... ok
test gui_runtime::native_vello::generic_runtime::runner_state::tests::native_input_sequence_allocators_are_independent_per_runner_domain ... ok
test gui_runtime::native_vello::generic_runtime::runner_state::tests::native_resource_publication_quarantines_the_old_complete_bundle_as_one_entry ... ok
test gui_runtime::native_vello::generic_runtime::runner_state::tests::native_resource_quarantine_refuses_capacity_overflow_without_dropping_input ... ok
test gui_runtime::native_vello::generic_runtime::runner_state::tests::native_window_diagnostic_identity_allocator_starts_at_one_and_increments ... ok
test gui_runtime::native_vello::generic_runtime::runner_state::tests::native_window_diagnostic_identity_allocator_exhaustion_does_not_wrap_or_reuse ... ok
test gui_runtime::native_vello::generic_runtime::runner_state::tests::native_window_diagnostic_identity_stays_fixed_in_timing_state ... ok
test gui_runtime::native_vello::generic_runtime::runner_state::tests::native_window_resources_start_unpublished_and_without_stale_gpu_state ... ok
test gui_runtime::native_vello::generic_runtime::runner_state::tests::occluded_surface_does_not_consume_timeout_retry_permission ... ok
test gui_runtime::native_vello::generic_runtime::runner_state::tests::one_turn_cannot_drop_fenced_predecessor_and_ordinary_resource ... ok
test gui_runtime::native_vello::generic_runtime::runner_state::tests::other_recovery_retry_is_one_fresh_requested_packet_only ... ok
test gui_runtime::native_vello::generic_runtime::runner_state::tests::pending_native_resource_is_retained_without_drop ... ok
test gui_runtime::native_vello::generic_runtime::runner_state::tests::retiring_native_resource_moves_active_into_quarantine_without_dropping_pending_work ... ok
test gui_runtime::native_vello::generic_runtime::runner_state::tests::retiring_native_resource_reports_empty_only_after_one_bounded_drop ... ok
test gui_runtime::native_vello::generic_runtime::runner_state::tests::retiring_native_resource_retains_active_when_quarantine_is_full ... ok
test gui_runtime::native_vello::generic_runtime::runner_state::tests::signal_residency_projection_preserves_bundle_generations_and_absent_slots ... ok
test gui_runtime::native_vello::generic_runtime::runner_state::tests::signal_residency_slots_are_absent_before_native_resource_publication ... ok
test gui_runtime::native_vello::generic_runtime::runner_state::tests::surface_recovery_counters_saturate_and_convert ... ok
test gui_runtime::native_vello::generic_runtime::runner_state::tests::target_generation_does_not_wrap_after_exhaustion ... ok
test gui_runtime::native_vello::generic_runtime::runner_state::tests::target_generation_fences_initial_resize_dpi_and_unknown_recovery ... ok
test gui_runtime::native_vello::generic_runtime::runner_state::tests::target_residency_projection_keeps_active_q0_q1_order_and_independent_evidence ... ok
test gui_runtime::native_vello::generic_runtime::runner_state::tests::target_residency_slots_are_absent_before_native_resource_publication ... ok
test gui_runtime::native_vello::generic_runtime::runner_state::tests::target_residency_snapshot_counts_one_owned_texture_for_known_nonzero_config ... ok
test gui_runtime::native_vello::generic_runtime::runner_state::tests::target_residency_snapshot_reports_checked_rgba8_multiplication_overflow ... ok
test gui_runtime::native_vello::generic_runtime::runner_state::tests::target_residency_snapshot_reports_zero_dimensions_as_unavailable ... ok
test gui_runtime::native_vello::generic_runtime::runner_state::tests::zero_sized_lost_and_outdated_targets_defer_without_retry_permission ... ok
test gui_runtime::native_vello::generic_runtime::runtime_helpers::gpu_surface_regions::tests::gpu_surface_interaction_region_collection_reuses_existing_buffer ... ok
test gui_runtime::native_vello::generic_runtime::runtime_helpers::gpu_surface_regions::tests::gpu_surface_interaction_region_collection_reuses_scratch_buffers ... ok
test gui_runtime::native_vello::generic_runtime::runtime_helpers::gpu_surface_regions::tests::gpu_surface_interaction_regions_keep_full_region_without_intersecting_occluders ... ok
test gui_runtime::native_vello::generic_runtime::runtime_helpers::gpu_surface_regions::tests::gpu_surface_interaction_regions_reject_nonfinite_geometry ... ok
test gui_runtime::native_vello::generic_runtime::runtime_helpers::gpu_surface_regions::tests::gpu_surface_interaction_regions_respect_active_prefix_clips ... ok
test gui_runtime::native_vello::generic_runtime::runtime_helpers::gpu_surface_regions::tests::gpu_surface_interaction_regions_skip_opaque_later_panels ... ok
test gui_runtime::native_vello::generic_runtime::runtime_helpers::gpu_surface_regions::tests::gpu_surface_interaction_regions_skip_surfaces_outside_active_prefix_clips ... ok
test gui_runtime::native_vello::generic_runtime::runtime_helpers::input::tests::native_scroll_conversion_negates_once_for_lines_and_pixels ... ok
test gui_runtime::native_vello::generic_runtime::runtime_helpers::input::tests::native_wheel_sample_preserves_line_units_sign_phase_and_metadata ... ok
test gui_runtime::native_vello::generic_runtime::runtime_helpers::input::tests::native_wheel_sample_preserves_pixel_units_dpi_sign_and_all_phases ... ok
test gui_runtime::native_vello::generic_runtime::runtime_helpers::input::tests::native_wheel_sample_rejects_nonfinite_exact_evidence ... ok
test gui_runtime::native_vello::generic_runtime::runtime_helpers::input::tests::negative_native_wheel_raises_knob_after_logical_conversion ... ok
test gui_runtime::native_vello::generic_runtime::runtime_helpers::input::tests::scroll_delta_to_logical_sanitizes_nonfinite_native_values ... ok
test gui_runtime::native_vello::generic_runtime::runtime_helpers::profile::tests::render_profile_flag_uses_shared_truthy_parser ... ok
test gui_runtime::native_vello::generic_runtime::runtime_helpers::rect_occlusion::tests::intersect_rect_omits_edge_touching_rects ... ok
test gui_runtime::native_vello::generic_runtime::runtime_helpers::rect_occlusion::tests::visible_rects_after_occlusion_into_reuses_output_storage ... ok
test gui_runtime::native_vello::generic_runtime::runtime_helpers::rect_occlusion::tests::visible_rects_after_occlusion_remove_middle_rect ... ok
test gui_runtime::native_vello::generic_runtime::runtime_helpers::surface_occlusion::tests::surface_occlusion_policy_requires_exact_opacity_when_requested ... ok
test gui_runtime::native_vello::generic_runtime::runtime_helpers::surface_occlusion::tests::surface_occlusion_plan_reuses_preprocessing_storage ... ok
test gui_runtime::native_vello::generic_runtime::runtime_helpers::surface_occlusion::tests::surface_occlusion_regions_clip_overlay_panels ... ok
test gui_runtime::native_vello::generic_runtime::runtime_helpers::surface_occlusion::tests::surface_occlusion_regions_ignore_translucent_fills ... ok
test gui_runtime::native_vello::generic_runtime::runtime_helpers::surface_occlusion::tests::surface_occlusion_regions_index_clipped_opaque_fill_batches ... ok
test gui_runtime::native_vello::generic_runtime::runtime_helpers::surface_occlusion::tests::surface_occlusion_preprocessing_visits_each_paint_primitive_once ... ok
test gui_runtime::native_vello::generic_runtime::runtime_helpers::surface_occlusion::tests::surface_occlusion_regions_into_reuses_existing_storage ... ok
test gui_runtime::native_vello::generic_runtime::runtime_helpers::surface_occlusion::tests::surface_occlusion_regions_respect_nested_clip_intersections ... ok
test gui_runtime::native_vello::generic_runtime::runtime_helpers::surface_occlusion::tests::surface_occlusion_regions_treat_empty_active_clip_as_fully_hidden ... ok
test gui_runtime::native_vello::generic_runtime::runtime_wakeup::tests::request_without_installed_proxy_does_not_leave_wakeup_pending ... ok
test gui_runtime::native_vello::generic_runtime::runtime_wakeup::tests::skipped_request_does_not_mark_wakeup_pending ... ok
test gui_runtime::native_vello::generic_runtime::scene::artifact_feasibility::tests::default_observation_is_bounded_and_conservative ... ok
test gui_runtime::native_vello::generic_runtime::scene::cache::tests::retained_frame_cache_default_presizes_standard_storage ... ok
test gui_runtime::native_vello::generic_runtime::scene::cache::tests::retained_frame_cache_disabled_policy_does_not_allocate_storage ... ok
test gui_runtime::native_vello::generic_runtime::scene::cache::tests::retained_frame_cache_evicts_oldest_entry_without_shifting_storage ... ok
test gui_runtime::native_vello::generic_runtime::scene::cache::tests::retained_frame_cache_hit_refreshes_eviction_recency ... ok
test gui_runtime::native_vello::generic_runtime::scene::cache::tests::retained_frame_cache_most_recent_hit_keeps_entry_order ... ok
test gui_runtime::native_vello::generic_runtime::scene::cache::tests::retained_frame_cache_policy_can_disable_storage ... ok
test gui_runtime::native_vello::generic_runtime::scene::cache::tests::retained_frame_cache_presizes_storage_from_policy ... ok
test gui_runtime::native_vello::generic_runtime::scene::cache::tests::retained_frame_cache_recent_non_tail_hit_moves_to_back ... ok
test gui_runtime::native_vello::generic_runtime::scene::cache::tests::retained_frame_cache_replaces_most_recent_matching_geometry_in_place ... ok
test gui_runtime::native_vello::generic_runtime::scene::clip::tests::containing_nested_clip_is_redundant ... ok
test gui_runtime::native_vello::generic_runtime::scene::clip::tests::invalid_clip_suppresses_nested_frames_until_balanced ... ok
test gui_runtime::native_vello::generic_runtime::scene::clip::tests::narrowing_nested_clip_still_pushes_and_updates_effective_clip ... ok
test gui_runtime::native_vello::generic_runtime::scene::clip::tests::nested_clip_under_redundant_frame_uses_same_active_ancestor ... ok
test gui_runtime::native_vello::generic_runtime::scene::cache::tests::retained_frame_stats_count_media_primitives ... ok
test gui_runtime::native_vello::generic_runtime::scene::clip::tests::scene_clip_state_suppresses_invalid_clip_until_matching_end ... ok
test gui_runtime::native_vello::generic_runtime::scene::clip::tests::unmatched_clip_end_is_explicit ... ok
test gui_runtime::native_vello::generic_runtime::scene::frame::tests::paintable_circle_rejects_nonfinite_or_empty_geometry ... ok
test gui_runtime::native_vello::generic_runtime::scene::frame::tests::paintable_gradient_rejects_invalid_rect_or_points ... ok
test gui_runtime::native_vello::generic_runtime::scene::image::tests::image_transform_rejects_nonfinite_or_empty_geometry ... ok
test gui_runtime::native_vello::generic_runtime::scene::shape::geometry::tests::kurbo_path_conversion_rejects_empty_or_nonfinite_commands ... ok
test gui_runtime::native_vello::generic_runtime::scene::shape::geometry::tests::polygon_and_polyline_paths_reject_invalid_points ... ok
test gui_runtime::native_vello::generic_runtime::scene::shape::geometry::tests::paintable_stroke_width_rejects_empty_or_nonfinite_widths ... ok
test gui_runtime::native_vello::generic_runtime::scene::text::tests::encode_text_defaults_missing_baseline_to_font_size_and_clamps_negative_width ... ok
test gui_runtime::native_vello::generic_runtime::scene::text::tests::encode_text_preserves_align_baseline_and_width_contract ... ok
test gui_runtime::native_vello::generic_runtime::scene::text_input::geometry::tests::caret_rect_ignores_hidden_caret_color ... ok
test gui_runtime::native_vello::generic_runtime::scene::svg::tests::svg_transform_rejects_nonfinite_or_empty_geometry ... ok
test gui_runtime::native_vello::generic_runtime::scene::text_input::geometry::tests::caret_rect_is_clamped_inside_cramped_text_input_bounds ... ok
test gui_runtime::native_vello::generic_runtime::scene::text_input::geometry::tests::selection_rect_rejects_invalid_offsets_and_geometry ... ok
test gui_runtime::native_vello::generic_runtime::scene::text_input::geometry::tests::caret_size_clamps_to_cramped_text_input_bounds ... ok
test gui_runtime::native_vello::generic_runtime::scene::text_input::geometry::tests::caret_size_rejects_invalid_text_input_geometry ... ok
test gui_runtime::native_vello::generic_runtime::scene::text_input::geometry::tests::selection_rect_remains_visible_for_cramped_text_input_bounds ... ok
test gui_runtime::native_vello::generic_runtime::scene::focused_text_input_tests::focused_text_input_caret_area_requires_exactly_one_focused_input ... ok
test gui_runtime::native_vello::generic_runtime::scene::text_input::geometry::tests::text_input_geometry_requires_renderable_font_and_rect ... ok
test gui_runtime::native_vello::generic_runtime::scene::focused_text_input_tests::seeded_text_inputs_feed_ime_and_pointer_from_one_current_fence ... ok
test gui_runtime::native_vello::generic_runtime::scene::text_input::tests::focused_text_input_caret_area_projects_empty_text ... ok
test gui_runtime::native_vello::generic_runtime::scene::text_input::tests::zero_alpha_caret_color_skips_native_caret_geometry ... ok
test gui_runtime::native_vello::generic_runtime::scene::text_input_selection::tests::selection_bytes_clamp_to_text_and_expand_active_selection ... ok
test gui_runtime::native_vello::generic_runtime::scene::text_input::tests::focused_text_input_caret_area_ignores_hidden_caret_alpha ... ok
test gui_runtime::native_vello::generic_runtime::scene::text_input_selection::tests::selection_bytes_preserve_utf8_boundaries ... ok
test gui_runtime::native_vello::generic_runtime::scene::text_runs::tests::clear_preserves_overflow_storage_for_next_paint_plan ... ok
test gui_runtime::native_vello::generic_runtime::scene::text_runs::tests::clear_resets_inline_and_overflow_runs_for_reuse ... ok
test gui_runtime::native_vello::generic_runtime::scene::text_runs::tests::text_run_buffer_reports_overflow_only_after_inline_capacity ... ok
test gui_runtime::native_vello::generic_runtime::scene_texture::tests::backend_result_error_maps_to_stable_frame_render_display ... ok
test gui_runtime::native_vello::generic_runtime::scene_texture::tests::frame_render_error_owns_backend_message_and_has_stable_display ... ok
test gui_runtime::native_vello::generic_runtime::scene_texture::tests::only_the_private_boundary_failure_can_be_unwrapped_for_recovery ... ok
test gui_runtime::native_vello::generic_runtime::scene_texture::tests::failed_scene_texture_render_does_not_commit_dirty_state ... ok
test gui_runtime::native_vello::generic_runtime::scene::text_input::tests::focused_text_input_caret_area_clamps_long_text_and_rejects_malformed_geometry ... ok
test gui_runtime::native_vello::generic_runtime::scene_texture::tests::renderer_panic_boundary_returns_success_and_invokes_once ... ok
test gui_runtime::native_vello::generic_runtime::native_semantic_accessibility::macos::tests::native_index_of_child_ffi_boundary_uses_nsnotfound_for_panic ... ok
test gui_runtime::native_vello::generic_runtime::scene_texture::tests::successful_scene_texture_render_commits_existing_success_behavior ... ok
test gui_runtime::native_vello::generic_runtime::submission_completion::tests::captured_pending_completion_survives_a_successor_rearm ... ok
test gui_runtime::native_vello::generic_runtime::submission_completion::tests::completed_submission_can_arm_the_next_callback ... ok
test gui_runtime::native_vello::generic_runtime::submission_completion::tests::completion_predicate_is_monotonic_across_later_successors ... ok
test gui_runtime::native_vello::generic_runtime::submission_completion::tests::completion_predicate_vetoes_generation_sequence_and_overflow_evidence ... ok
test gui_runtime::native_vello::generic_runtime::submission_completion::tests::exhausted_completion_identity_is_not_retirement_evidence ... ok
test gui_runtime::native_vello::generic_runtime::submission_completion::tests::first_submission_registers_one_callback ... ok
test gui_runtime::native_vello::generic_runtime::submission_completion::tests::indeterminate_submission_arms_a_fence_without_becoming_successful ... ok
test gui_runtime::native_vello::generic_runtime::submission_completion::tests::indeterminate_submission_coalesces_with_pending_work_and_requires_rearm ... ok
test gui_runtime::native_vello::generic_runtime::submission_completion::tests::indeterminate_submission_rearms_after_completed_prior_work ... ok
test gui_runtime::native_vello::generic_runtime::submission_completion::tests::never_and_completed_captures_remain_satisfied_through_successors ... ok
test gui_runtime::native_vello::generic_runtime::submission_completion::tests::never_submitted_witness_is_immediately_eligible ... ok
test gui_runtime::native_vello::generic_runtime::submission_completion::tests::pre_capture_coalescing_requires_the_checked_next_callback ... ok
test gui_runtime::native_vello::generic_runtime::submission_completion::tests::satisfied_capture_survives_later_successor_allocation_exhaustion ... ok
test gui_runtime::native_vello::generic_runtime::submission_completion::tests::stale_and_duplicate_callback_completion_is_rejected ... ok
test gui_runtime::native_vello::generic_runtime::submission_completion::tests::submissions_coalesce_while_pending_and_require_rearm ... ok
test gui_runtime::native_vello::generic_runtime::surface::backend::tests::backend_instance_creation_stays_in_the_adapter_boundary ... ok
test gui_runtime::native_vello::generic_runtime::surface::backend::tests::native_gpu_backend_policy_maps_to_wgpu_backends ... ok
test gui_runtime::native_vello::generic_runtime::surface::tests::current_surface_texture_mapping_keeps_occlusion_and_correlates_only_oom_validation ... ok
test gui_runtime::native_vello::generic_runtime::surface::tests::native_initialization_error_maps_each_production_stage_with_owned_message ... ok
test gui_runtime::native_vello::generic_runtime::surface::viewport::tests::native_surface_resize_detects_only_real_physical_size_changes ... ok
test gui_runtime::native_vello::generic_runtime::surface::viewport::tests::native_surface_viewport_uses_logical_size_for_current_dpi_scale ... ok
test gui_runtime::native_vello::generic_runtime::surface_size::tests::render_surface_pixel_size_projects_logical_target_size ... ok
test gui_runtime::native_vello::generic_runtime::tests::event_routing::canvas::generic_canvas_can_receive_keyboard_focus_and_text_input ... ok
test gui_runtime::native_vello::generic_runtime::tests::event_routing::canvas::generic_canvas_receives_wheel_before_scroll_fallback ... ok
test gui_runtime::native_vello::generic_runtime::tests::event_routing::drag_drop::delivery::captured_release_preserves_one_timestamp_for_drop_and_release ... ok
test gui_runtime::native_vello::generic_runtime::tests::event_routing::drag_drop::delivery::captured_release_routes_pointer_drop_to_widget_under_release_point ... ok
test gui_runtime::native_vello::generic_runtime::tests::event_routing::drag_drop::hover_routing::captured_drag_handle_does_not_route_pointer_move_to_hovered_widget ... ok
test gui_runtime::native_vello::generic_runtime::tests::event_routing::drag_drop::hover_routing::captured_drag_hover_message_requests_scene_rebuild_without_hover_change ... ok
test application::view_node::virtual_layout::tests::lowering_panic_is_a_typed_rejection ... ok
test gui_runtime::native_vello::generic_runtime::tests::event_routing::drag_drop::hover_routing::captured_drag_routes_pointer_move_to_drop_target_after_surface_refresh ... ok
test application::view_node::virtual_layout::tests::custom_widget_scene_overlay_and_floating_outputs_are_rejected ... ok
test gui_runtime::native_vello::generic_runtime::tests::event_routing::drag_drop::hover_routing::captured_drag_routes_pointer_move_to_hovered_drop_target ... ok
test gui_runtime::native_vello::generic_runtime::tests::event_routing::drag_drop::retained_hover::exclusive_capture_refresh_clears_retained_hover_on_other_widgets ... ok
test gui_runtime::native_vello::generic_runtime::tests::event_routing::host::focused_text_input_backspace_preempts_host_shortcuts ... ok
test gui_runtime::native_vello::generic_runtime::tests::event_routing::host::focused_text_input_routes_all_scalars_from_one_text_event ... ok
test gui_runtime::native_vello::generic_runtime::tests::event_routing::host::focused_text_input_tab_routes_completion_before_host_shortcuts ... ok
test gui_runtime::native_vello::generic_runtime::scene_texture::tests::static_renderer_panic_is_caught_as_owned_text ... ok
test gui_runtime::native_vello::generic_runtime::tests::event_routing::host::focused_text_input_typing_preempts_host_shortcuts ... ok
test gui_runtime::native_vello::generic_runtime::tests::event_routing::host::generic_core_routes_text_edit_commands_only_to_text_inputs ... ok
test application::view_node::virtual_layout::tests::custom_widget_retained_identity_forms_are_rejected ... ok
test gui_runtime::native_vello::generic_runtime::tests::event_routing::host::generic_core_routes_pointer_and_key_input_to_host_messages ... ok
test gui_runtime::native_vello::generic_runtime::tests::event_routing::host::generic_core_routes_second_nearby_press_as_double_click ... ok
test gui_runtime::native_vello::generic_runtime::tests::event_routing::host::refresh_restores_focused_canvas_without_emitting_host_focus_message ... ok
test gui_runtime::native_vello::generic_runtime::tests::event_routing::host::second_press_falls_back_to_normal_press_when_widget_ignores_double_click ... ok
test gui_runtime::native_vello::generic_runtime::tests::event_routing::host::native_focused_text_input_tab_completion_preempts_sequential_traversal ... ok
test gui_runtime::native_vello::generic_runtime::tests::event_routing::host::nested_button_activation_survives_surface_refresh_between_press_and_release ... ok
test gui_runtime::native_vello::generic_runtime::tests::event_routing::host::handled_shortcut_text_does_not_enter_newly_focused_text_input ... ok
test gui_runtime::native_vello::generic_runtime::tests::event_routing::keyboard::direct_text_edit_route_preserves_timestamp ... ok
test gui_runtime::native_vello::generic_runtime::tests::event_routing::keyboard::direct_physical_key_route_preserves_modifier_and_repeat_metadata ... ok
test gui_runtime::native_vello::generic_runtime::tests::event_routing::keyboard::direct_physical_key_route_preserves_one_timestamp ... ok
test gui_runtime::native_vello::generic_runtime::tests::event_routing::keyboard::focused_native_capture_preserves_metadata_bypasses_host_and_owner_cancels ... ok
test gui_runtime::native_vello::generic_runtime::tests::event_routing::keyboard::focused_text_input_enter_and_tab_preserve_native_key_metadata ... ok
test gui_runtime::native_vello::generic_runtime::tests::event_routing::keyboard::logical_deletion_fallback_preserves_modifier_and_repeat_metadata ... ok
test gui_runtime::native_vello::generic_runtime::tests::event_routing::keyboard::handled_native_host_shortcut_does_not_reach_focused_widget ... ok
test gui_runtime::native_vello::generic_runtime::tests::event_routing::keyboard::native_admitted_tab_repeat_and_matching_release_do_not_reach_new_focus ... ok
test gui_runtime::native_vello::generic_runtime::tests::event_routing::keyboard::native_captured_release_uses_generic_owner_and_preserves_native_modifiers ... ok
test gui_runtime::native_vello::generic_runtime::tests::event_routing::keyboard::native_direct_and_synthetic_focused_key_paths_are_equivalent ... ok
test gui_runtime::native_vello::generic_runtime::tests::event_routing::keyboard::native_focus_loss_clears_tab_sequence_latch ... ok
test gui_runtime::native_vello::generic_runtime::tests::event_routing::keyboard::native_shift_tab_traverses_backward_and_latches_direction ... ok
test gui_runtime::native_vello::generic_runtime::tests::event_routing::keyboard::native_physical_key_release_routes_once_with_metadata ... ok
test gui_runtime::native_vello::generic_runtime::tests::event_routing::keyboard::native_unclaimed_initial_tab_falls_back_once_without_latching ... ok
test gui_runtime::native_vello::generic_runtime::tests::event_routing::keyboard::native_command_control_and_alt_tab_bypass_sequential_focus_traversal ... ok
test gui_runtime::native_vello::generic_runtime::tests::event_routing::keyboard::semantic_commands::semantic_commands_never_steal_a_captured_focused_key_sequence ... ok
test gui_runtime::native_vello::generic_runtime::tests::event_routing::keyboard::printable_text_fanout_reuses_one_timestamp_for_every_character ... ok
test gui_runtime::native_vello::generic_runtime::tests::event_routing::keyboard::semantic_commands::text_owned_metadata_key_reaches_the_widget_without_a_host_shortcut_pass ... ok
test gui_runtime::native_vello::generic_runtime::tests::event_routing::keyboard::unsupported_or_unfocused_key_release_is_not_routed ... ok
test gui_runtime::native_vello::generic_runtime::tests::event_routing::keyboard::native_terminal_tab_dispositions_consume_repeat_and_matching_release ... ok
test gui_runtime::native_vello::generic_runtime::scene_texture::tests::owned_renderer_panic_is_retained_after_payload_lifetime_ends ... ok
test gui_runtime::native_vello::generic_runtime::tests::event_routing::repaint::generic_core_preserves_dpi_override_commands_from_widget_routing ... ok
test gui_runtime::native_vello::generic_runtime::tests::event_routing::repaint::generic_core_drains_command_repaint_requests_after_routing ... ok
test gui_runtime::native_vello::generic_runtime::scene_texture::tests::opaque_renderer_panic_uses_deterministic_fallback ... ok
test gui_runtime::native_vello::generic_runtime::tests::event_routing::scroll::app_virtual_list_subrow_wheel_scroll_stays_runtime_local ... ok
test gui_runtime::native_vello::generic_runtime::tests::event_routing::scroll::app_virtual_list_row_crossing_wheel_scroll_requests_surface_refresh ... ok
test gui_runtime::native_vello::generic_runtime::tests::event_routing::scroll::retained_virtual_list_window_defers_wheel_reprojection_until_overscan_is_exhausted ... ok
test gui_runtime::native_vello::generic_runtime::tests::event_routing::scroll::retained_virtual_list_window_refreshes_before_a_partial_trailing_row_is_exposed ... ok
test gui_runtime::native_vello::generic_runtime::tests::event_routing::scroll::scroll_area_scrollbar_drag_requests_interactive_surface_refresh ... ok
test gui_runtime::native_vello::generic_runtime::tests::event_routing::scroll::scrollbar_drag_state_survives_view_refresh_after_offset_message ... ok
test gui_runtime::native_vello::generic_runtime::tests::event_routing::scroll::native_scrollbar_drag_coalesces_to_latest_position_until_redraw ... ok
test gui_runtime::native_vello::generic_runtime::tests::event_routing::scroll::native_scrollbar_release_flushes_pending_drag_position ... ok
test gui_runtime::native_vello::generic_runtime::tests::event_routing::scroll::scrollbar_drag_presents_new_virtual_list_rows_after_far_jump ... ok
test gui_runtime::native_vello::generic_runtime::tests::event_routing::scroll::native_scrollbar_queue_retains_actual_bar_owner_identity ... ok
test gui_runtime::native_vello::generic_runtime::tests::event_routing::scroll::native_wheel_over_virtual_list_coalesces_until_redraw ... ok
test gui_runtime::native_vello::generic_runtime::tests::gpu_surface_runtime::fast_paths::drag::active_runtime_drag_moves_through_transient_overlay_without_scene_rebuild ... ok
test gui_runtime::native_vello::generic_runtime::tests::gpu_surface_runtime::fast_paths::drag::active_runtime_drag_can_transfer_to_external_drag ... ok
test gui_runtime::native_vello::generic_runtime::tests::gpu_surface_runtime::fast_paths::drag::focus_loss_cleans_native_pointer_state_before_external_drag_launch ... ok
test gui_runtime::native_vello::generic_runtime::tests::event_routing::scroll::scrollbar_drag_surface_refresh_rebuilds_immediately_while_captured ... ok
test gui_runtime::native_vello::generic_runtime::tests::gpu_surface_runtime::fast_paths::drag::macos_command_modifier_can_launch_external_drag_before_app_switch ... ok
test gui_runtime::native_vello::generic_runtime::tests::event_routing::scroll::wheel_scroll_surface_refresh_rebuilds_immediately ... ok
test gui_runtime::native_vello::generic_runtime::tests::gpu_surface_runtime::fast_paths::drag::focus_regain_after_external_drag_reissues_coalesced_redraw ... ok
test gui_runtime::native_vello::generic_runtime::tests::gpu_surface_runtime::fast_paths::drag::pending_external_drag_waits_for_native_terminal_result ... ok
test gui_runtime::native_vello::generic_runtime::tests::gpu_surface_runtime::fast_paths::hover::native_gpu_hover_fast_path_is_disabled_during_pointer_capture ... ok
test gui::layout_core::virtual_layout::materialization::tests::active_and_recyclable_slots_stay_within_hard_cap_and_active_keys_are_unique ... ok
test gui_runtime::native_vello::generic_runtime::tests::gpu_surface_runtime::fast_paths::hover::native_gpu_hover_fast_path_respects_active_top_pointer_widget ... ok
test gui_runtime::native_vello::generic_runtime::tests::gpu_surface_runtime::fast_paths::hover::leaving_native_gpu_hover_still_routes_next_widget_move ... ok
test gui_runtime::native_vello::generic_runtime::tests::event_routing::scroll::wheel_scroll_presents_new_virtual_list_rows_after_far_jump ... ok
test gui_runtime::native_vello::generic_runtime::tests::gpu_surface_runtime::fast_paths::hover::native_gpu_hover_hides_native_cursor_until_surface_exit ... ok
test gui_runtime::native_vello::generic_runtime::tests::gpu_surface_runtime::fast_paths::hover::normal_scene_rebuild_clips_gpu_hover_interaction_regions ... ok
test gui_runtime::native_vello::generic_runtime::tests::gpu_surface_runtime::fast_paths::hover::native_gpu_hover_fast_path_respects_passive_top_pointer_widget ... ok
test gui_runtime::native_vello::generic_runtime::tests::gpu_surface_runtime::fast_paths::hover::native_container_gesture_blocks_hover_and_late_wheel_replay ... ok
test gui_runtime::native_vello::generic_runtime::tests::gpu_surface_runtime::fast_paths::paint_only::native_routed_paint_only_pointer_move_skips_scene_rebuild ... ok
test gui_runtime::native_vello::generic_runtime::tests::gpu_surface_runtime::fast_paths::plain_surface::plain_gpu_surface_does_not_opt_into_runtime_fast_paths ... ok
test gui_runtime::native_vello::generic_runtime::tests::gpu_surface_runtime::fast_paths::wheel::gpu_surface_fast_path_respects_horizontal_capability_and_zero_delta ... ok
test gui_runtime::native_vello::generic_runtime::tests::gpu_surface_runtime::fast_paths::pointer_move::gpu_surface_pointer_move_fast_path_only_within_cached_surface ... ok
test gui_runtime::native_vello::generic_runtime::tests::gpu_surface_runtime::hover_cursor_policy::lookup::gpu_surface_lookup_selects_topmost_visible_hover_surface ... ok
test gui_runtime::native_vello::generic_runtime::tests::gpu_surface_runtime::hover_cursor_policy::lookup::gpu_surface_lookup_skips_empty_surface_rects ... ok
test gui_runtime::native_vello::generic_runtime::tests::gpu_surface_runtime::fast_paths::wheel::gpu_surface_wheel_fast_path_reports_deferred_refresh_work ... ok
test gui_runtime::native_vello::generic_runtime::tests::gpu_surface_runtime::hover_cursor_policy::lookup::gpu_surface_lookup_skips_nonfinite_surface_rects_and_positions ... ok
test gui_runtime::native_vello::generic_runtime::tests::gpu_surface_runtime::hover_cursor_policy::lookup::gpu_surface_lookup_skips_unrenderable_surface_content ... ok
test gui_runtime::native_vello::generic_runtime::tests::gpu_surface_runtime::fast_paths::pointer_move::gpu_surface_pointer_move_fast_path_is_disabled_during_pointer_capture ... ok
test gui_runtime::native_vello::generic_runtime::tests::gpu_surface_runtime::hover_cursor_policy::overlay::native_hover_cursor_clears_stale_overlay_for_invalid_geometry ... ok
test gui_runtime::native_vello::generic_runtime::tests::gpu_surface_runtime::hover_cursor_policy::overlay::native_hover_cursor_updates_single_runtime_overlay_in_place ... ok
test gui_runtime::native_vello::generic_runtime::tests::gpu_surface_runtime::hover_cursor_policy::overlay::native_hover_cursor_updates_topmost_surface_and_clears_stale_cursors ... ok
test gui_runtime::native_vello::generic_runtime::tests::gpu_surface_runtime::signal_summary::gpu_signal_shader_does_not_cap_gain_preview ... ok
test gui_runtime::native_vello::generic_runtime::tests::gpu_surface_runtime::hover_overlay::clear::native_gpu_hover_preserves_app_owned_vertical_overlays ... ok
test gui_runtime::native_vello::generic_runtime::tests::gpu_surface_runtime::hover_overlay::update::native_gpu_hover_collapses_duplicate_cursor_overlays ... ok
test gui_runtime::native_vello::generic_runtime::tests::gpu_surface_runtime::hover_overlay::clear::native_gpu_hover_clear_hides_cached_cursor_without_rebuild ... ok
test gui_runtime::native_vello::generic_runtime::tests::gpu_surface_runtime::hover_overlay::rebuild::native_gpu_hover_survives_scene_rebuilds ... ok
test gui_runtime::native_vello::generic_runtime::tests::gpu_surface_runtime::hover_overlay::update::native_gpu_hover_skips_unchanged_cached_overlay ... ok
test gui_runtime::native_vello::generic_runtime::tests::gpu_surface_runtime::signal_summary::gpu_signal_shader_groups_projection_parameters ... ok
test gui_runtime::native_vello::generic_runtime::tests::gpu_surface_runtime::signal_summary::gpu_signal_shader_has_no_summary_sample_scan_loop ... ok
test gui_runtime::native_vello::generic_runtime::tests::gpu_surface_runtime::hover_overlay::update::native_gpu_hover_updates_cached_overlay_without_refreshing_surface ... ok
test gui_runtime::native_vello::generic_runtime::tests::gpu_surface_runtime::signal_summary::gpu_signal_shader_previews_outer_fade_extensions_as_crossfades ... ok
test gui_runtime::native_vello::generic_runtime::tests::gpu_surface_runtime::signal_summary::gpu_signal_shader_keeps_raw_carrier_nearest_bucket_and_reuses_precomputed_bands ... ok
test gui_runtime::native_vello::generic_runtime::tests::gpu_surface_runtime::signal_summary::gpu_signal_shader_smooths_colored_bands_only_within_one_physical_pixel ... ok
test gui_runtime::native_vello::generic_runtime::tests::gpu_surface_runtime::signal_summary::gpu_signal_shader_smooths_high_band_center_neighbors ... ok
test gui_runtime::native_vello::generic_runtime::tests::gpu_surface_runtime::signal_summary::gpu_signal_shader_keeps_waveform_bands_visually_distinct ... ok
test gui_runtime::native_vello::generic_runtime::tests::gpu_surface_runtime::signal_summary::gpu_signal_shader_uses_physical_width_and_nearest_lod_boundaries ... ok
test gui_runtime::native_vello::generic_runtime::tests::gpu_surface_runtime::signal_summary::signal_summary_pyramid_preserves_band_min_max_and_level_selection ... ok
test gui_runtime::native_vello::generic_runtime::tests::gpu_surface_runtime::signal_summary::gpu_signal_shader_uses_summary_sampling_without_looped_sample_scan ... ok
test gui_runtime::native_vello::generic_runtime::tests::gpu_surface_runtime::signal_summary::gpu_signal_shader_uses_raw_peak_to_shape_colored_bands ... ok
test gui_runtime::native_vello::generic_runtime::tests::gpu_surface_runtime::wheel_coalescing::deferred_scroll_routes_message_without_refreshing_surface_until_requested ... ok
test gui_runtime::native_vello::generic_runtime::tests::gpu_surface_runtime::wheel_coalescing::deferred_scroll_fallback_requests_interactive_surface_refresh ... ok
test gui_runtime::native_vello::generic_runtime::tests::gpu_surface_runtime::wheel_coalescing::focus_loss_discards_coalesced_input_without_retaining_frame_work ... ok
test gui_runtime::native_vello::generic_runtime::tests::gpu_surface_runtime::wheel_coalescing::deferred_wheel_refresh_preserves_typed_scope_until_frame_preparation ... ok
test gui_runtime::native_vello::generic_runtime::tests::gpu_surface_runtime::wheel_coalescing::fixed_alternating_transient_burst_keeps_owner_and_coalescers_bounded ... ok
test gui_runtime::native_vello::generic_runtime::tests::gpu_surface_runtime::wheel_coalescing::queued_gpu_surface_wheel_keeps_reversed_diagonal_horizontal_delta_out_of_vertical_axis ... ok
test gui_runtime::native_vello::generic_runtime::tests::gpu_surface_runtime::wheel_coalescing::queued_gpu_surface_wheel_flushes_one_coalesced_update ... ok
test gui_runtime::native_vello::generic_runtime::tests::gpu_surface_runtime::wheel_coalescing::queued_gpu_surface_wheel_keeps_newest_sample_metadata ... ok
test gui_runtime::native_vello::generic_runtime::tests::gpu_surface_runtime::wheel_coalescing::queued_gpu_surface_wheel_flushes_before_switching_semantic_axis ... ok
test gui_runtime::native_vello::generic_runtime::tests::event_routing::scroll::native_scrollbar_drag_keeps_virtual_list_rows_rendered_across_repeated_flushes ... ok
test gui_runtime::native_vello::generic_runtime::tests::gpu_surface_runtime::wheel_coalescing::queued_scroll_container_wheel_keeps_newest_sample_metadata ... ok
test gui_runtime::native_vello::generic_runtime::tests::native_pointer::external_drag_finalize_waits_for_transient_completion ... ok
test gui_runtime::native_vello::generic_runtime::tests::native_pointer::canceled_coalesced_wheel_does_not_retain_synthetic_lifecycle_work ... ok
test gui_runtime::native_vello::generic_runtime::tests::gpu_surface_runtime::wheel_coalescing::queued_gpu_surface_wheel_refreshes_scroll_fallback_immediately ... ok
test gui_runtime::native_vello::generic_runtime::tests::native_pointer::initial_native_focus_does_not_report_focus_regained ... ok
test gui_runtime::native_vello::generic_runtime::tests::gpu_surface_runtime::wheel_coalescing::queued_gpu_surface_wheel_commits_ordinary_virtual_scroll_scene_before_present ... ok
test gui_runtime::native_vello::generic_runtime::tests::native_pointer::macos_control_left_release_keeps_latched_button_during_capture ... ok
test gui_runtime::native_vello::generic_runtime::tests::native_pointer::macos_command_left_without_control_remains_primary ... ok
test gui_runtime::native_vello::generic_runtime::tests::native_pointer::macos_control_left_latch_survives_interleaved_physical_buttons ... ok
test gui_runtime::native_vello::generic_runtime::tests::native_pointer::macos_control_left_is_one_latched_secondary_gesture ... ok
test gui_runtime::native_vello::generic_runtime::tests::native_pointer::macos_focus_loss_clears_effective_pointer_gesture_latch ... ok
test gui_runtime::native_vello::generic_runtime::tests::native_pointer::native_changed_scroll_container_vertical_dominant_diagonal_drops_horizontal ... ok
test gui_runtime::native_vello::generic_runtime::tests::gpu_surface_runtime::wheel_coalescing::coalesced_wheel_then_pointer_move_retargets_hover_after_virtual_rows_refresh ... ok
test gui_runtime::native_vello::generic_runtime::tests::native_pointer::native_changed_scroll_container_horizontal_dominant_diagonal_drops_vertical ... ok
test gui_runtime::native_vello::generic_runtime::tests::native_pointer::macos_physical_right_remains_secondary_without_control_consumption ... ok
test gui_runtime::native_vello::generic_runtime::tests::native_pointer::native_changed_scroll_container_tied_diagonal_selects_vertical ... ok
test gui_runtime::native_vello::generic_runtime::tests::native_pointer::macos_secondary_double_click_uses_converted_button_identity ... ok
test gui_runtime::native_vello::generic_runtime::tests::native_pointer::native_focus_regained_notifies_host_and_routes_its_command ... ok
test gui_runtime::native_vello::generic_runtime::tests::native_pointer::native_keypress_update_snapshot_uses_hover_cursor_without_mouse_press ... ok
test gui_runtime::native_vello::generic_runtime::tests::native_pointer::native_phaseful_scroll_container_burst_coalesces_delta_and_metadata ... ok
test gui_runtime::native_vello::generic_runtime::tests::native_pointer::native_focus_loss_modifier_reset_delivers_no_timestamp_and_clears_native_state ... ok
test gui_runtime::native_vello::generic_runtime::tests::native_pointer::native_phaseful_scroll_container_flushes_before_switching_axis ... ok
test gui_runtime::native_vello::generic_runtime::tests::native_pointer::native_mouse_drag_transfers_capture_and_retires_the_exact_contact_token ... ok
test gui_runtime::native_vello::generic_runtime::tests::native_pointer::native_phaseful_wheel_dispatches_exact_sample_without_coalescing ... ok
test gui_runtime::native_vello::generic_runtime::tests::native_pointer::native_phaseful_managed_wheel_stays_exact_across_hit_target_changes ... ok
test gui_runtime::native_vello::generic_runtime::tests::native_pointer::native_direct_wheel_preserves_effective_modifiers_and_timestamp ... ok
test gui_runtime::native_vello::generic_runtime::tests::native_pointer::native_phaseful_scroll_retains_exact_sequence_after_pending_compatibility_flush ... ok
test gui_runtime::native_vello::generic_runtime::tests::native_pointer::native_pointer_enter_reasserts_default_cursor_when_cache_is_default ... ok
test gui_runtime::native_vello::generic_runtime::tests::native_pointer::native_pointer_double_click_delivers_captured_timestamp_to_widget_input ... ok
test gui_runtime::native_vello::generic_runtime::tests::native_pointer::native_pointer_first_move_reasserts_default_cursor_when_cache_is_default ... ok
test gui_runtime::native_vello::generic_runtime::tests::native_pointer::native_pointer_diagnostics_report_hit_target_and_capture_state ... ok
test gui_runtime::native_vello::generic_runtime::tests::native_pointer::native_pointer_focus_loss_clears_retained_widget_hover ... ok
test gui_runtime::native_vello::generic_runtime::tests::native_pointer::native_pointer_harness_exercises_gpu_hover_fast_path_before_press ... ok
test gui_runtime::native_vello::generic_runtime::tests::native_pointer::native_pointer_harness_drops_mouse_input_without_cursor ... ok
test gui_runtime::native_vello::generic_runtime::tests::native_pointer::native_pointer_harness_focus_loss_clears_native_pointer_state ... ok
test gui_runtime::native_vello::generic_runtime::tests::native_pointer::native_pointer_harness_routes_wheel_with_modifiers ... ok
test gui_runtime::native_vello::generic_runtime::tests::native_pointer::native_pointer_harness_uses_physical_to_logical_cursor_conversion ... ok
test gui_runtime::native_vello::generic_runtime::tests::native_pointer::native_pointer_modifiers_changed_delivers_one_captured_timestamp_to_widget_input ... ok
test gui_runtime::native_vello::generic_runtime::tests::native_pointer::native_pointer_harness_routes_cursor_and_mouse_to_runner_state ... ok
test gui_runtime::native_vello::generic_runtime::tests::native_pointer::native_pointer_move_delivers_captured_timestamp_and_normalized_modifiers ... ok
test gui_runtime::native_vello::generic_runtime::tests::native_pointer::native_pointer_press_delivers_one_captured_timestamp_to_widget_input ... ok
test gui_runtime::native_vello::generic_runtime::tests::native_pointer::native_pointer_harness_refreshes_scroll_area_wheel_surface_interactively ... ok
test gui_runtime::native_vello::generic_runtime::tests::native_pointer::native_pointer_release_delivers_one_captured_timestamp_to_widget_input ... ok
test gui_runtime::native_vello::generic_runtime::tests::native_pointer::native_scrollbar_drag_flushes_newest_position_and_sample_metadata ... ok
test gui_runtime::native_vello::generic_runtime::tests::native_pointer::native_pointer_repeated_hover_move_reasserts_default_cursor_when_cache_is_default ... ok
test gui_runtime::native_vello::generic_runtime::tests::native_pointer::native_text_pointer_affinity_commits_for_pressed_drag_move ... ok
test gui_runtime::native_vello::generic_runtime::tests::native_pointer::native_scrollbar_queue_flushes_original_identity_after_contact_reuse ... ok
test gui_runtime::native_vello::generic_runtime::tests::native_pointer::native_text_pointer_affinity_commits_only_for_current_target_and_text_source ... ok
test gui_runtime::native_vello::generic_runtime::tests::native_pointer::native_text_pointer_affinity_ignores_discarded_hover_and_release_carets ... ok
test gui_runtime::native_vello::generic_runtime::tests::native_pointer::native_pointer_press_flushes_coalesced_scroll_before_click_routing ... ok
test gui_runtime::native_vello::generic_runtime::tests::native_pointer::native_text_pointer_drag_uses_exclusive_grapheme_boundaries ... ok
test gui_runtime::native_vello::generic_runtime::tests::native_pointer::native_scrollbar_drag_flushes_when_redraw_is_starved ... ok
test gui_runtime::native_vello::generic_runtime::tests::pointer_motion::paint_only::ordinary_interactive_row_hover_stays_off_model_refresh_after_enter ... ok
test gui_runtime::native_vello::generic_runtime::tests::pointer_motion::paint_only::paint_only_pointer_move_overlay_skips_scene_rebuild_after_hover_enters ... ok
test gui_runtime::native_vello::generic_runtime::tests::native_pointer::native_wheel_flushes_coalesced_scroll_when_redraw_is_starved ... ok
test gui_runtime::native_vello::generic_runtime::tests::pointer_motion::redraw::adjacent_tree_row_hover_transition_clears_previous_row_and_rebuilds_scene ... ok
test gui_runtime::native_vello::generic_runtime::tests::pointer_motion::redraw::captured_pointer_move_surface_refresh_respects_interactive_cadence ... ok
test gui_runtime::native_vello::generic_runtime::tests::pointer_motion::redraw::captured_pointer_move_message_marks_interactive_refresh_for_resizes ... ok
test gui_runtime::native_vello::generic_runtime::tests::pointer_motion::redraw::deferred_pointer_move_refresh_invalidates_scene_texture ... ok
test gui_runtime::native_vello::generic_runtime::tests::native_pointer::scroll_coalescing_preserves_modifier_sensitive_wheel_ownership ... ok
test gui_runtime::native_vello::generic_runtime::tests::pointer_motion::redraw::local_pointer_move_state_inside_same_widget_requests_redraw ... ok
test gui_runtime::native_vello::generic_runtime::tests::pointer_motion::redraw::disclosure_and_tree_row_hover_transitions_clear_previous_target ... ok
test gui_runtime::native_vello::generic_runtime::tests::pointer_motion::redraw::deferred_pointer_move_repaint_refreshes_before_scene_rebuild ... ok
test gui_runtime::native_vello::generic_runtime::tests::pointer_motion::redraw::pointer_move_message_inside_same_widget_still_requests_redraw ... ok
test gui_runtime::native_vello::generic_runtime::tests::pointer_motion::redraw::pointer_move_messages_defer_surface_refresh_until_redraw_after_hover_enters ... ok
test gui_runtime::native_vello::generic_runtime::tests::pointer_motion::redraw::pointer_move_inside_same_widget_does_not_request_redundant_redraw ... ok
test gui_runtime::native_vello::generic_runtime::tests::pointer_motion::redraw::stationary_drag_handle_hover_advances_at_runtime_deadline ... ok
test gui_runtime::native_vello::generic_runtime::tests::runtime_core::generic_core_can_enable_layout_debug_before_first_frame ... ok
test gui_runtime::native_vello::generic_runtime::tests::runtime_core::generic_core_empty_runtime_wakeup_does_not_need_redraw ... ok
test gui_runtime::native_vello::generic_runtime::tests::native_pointer::native_wheel_flushes_stale_coalesced_scroll_before_new_wheel_input ... ok
test gui_runtime::native_vello::generic_runtime::tests::pointer_motion::redraw::native_runner_tree_row_hover_transition_rebuilds_visible_paint_plan ... ok
test gui_runtime::native_vello::generic_runtime::tests::pointer_motion::redraw::pointer_move_preserves_typed_refresh_scope ... ok
test gui_runtime::native_vello::generic_runtime::tests::runtime_core::generic_core_keeps_paint_only_runtime_frames_off_scene_rebuild_path ... ok
test gui_runtime::native_vello::generic_runtime::tests::runtime_core::generic_core_publishes_rebuilt_and_reused_segment_observations ... ok
test gui_runtime::native_vello::generic_runtime::tests::runtime_core::generic_core_rebuilds_cached_base_paint_plan_after_environment_veto ... ok
test gui_runtime::native_vello::generic_runtime::tests::runtime_core::generic_core_reuses_cached_base_paint_plan_after_exact_refresh ... ok
test gui_runtime::native_vello::generic_runtime::tests::runtime_core::generic_core_rebuilds_native_base_plan_when_auto_scroll_visibility_changes ... ok
test gui_runtime::native_vello::generic_runtime::tests::scene_cache::artifact_feasibility_rejects_later_fill_that_inherits_style_or_transform ... ok
test gui_runtime::native_vello::generic_runtime::tests::scene_cache::collector_fresh_evidence_reaches_classifier_without_aggregate_fallback ... ok
test gui_runtime::native_vello::generic_runtime::tests::pointer_motion::redraw::native_runner_virtual_tree_row_hover_transition_rebuilds_visible_paint_plan ... ok
test gui_runtime::native_vello::generic_runtime::tests::gpu_surface_runtime::signal_summary::gpu_signal_shader_parses_as_wgsl ... ok
test gui_runtime::native_vello::generic_runtime::tests::scene_cache::generic_paint_plan_encodes_to_vello_scene ... ok
test gui_runtime::native_vello::generic_runtime::tests::scene_cache::late_retained_assembly_veto_leaves_frame_scene_untouched ... ok
test gui_runtime::native_vello::generic_runtime::tests::scene_cache::mixed_assembly_commits_changed_resource_free_segment_and_matches_current_oracle ... ok
test gui_runtime::native_vello::generic_runtime::tests::scene_cache::mixed_assembly_malformed_present_artifact_vetoes_without_mutating_frame ... ok
test gui_runtime::native_vello::generic_runtime::tests::scene_cache::mixed_assembly_dense_exact_residents_all_reuse ... ok
test gui_runtime::native_vello::generic_runtime::tests::scene_cache::mixed_assembly_fresh_encodes_sparse_hole_and_commits_execution_plan ... ok
test gui_runtime::native_vello::generic_runtime::tests::scene_cache::mixed_assembly_unsupported_sparse_hole_vetoes_without_mutating_frame ... ok
test gui_runtime::native_vello::generic_runtime::tests::scene_cache::other_surface_fence_clears_native_target_state_without_consuming_frame_work ... ok
test gui_runtime::native_vello::generic_runtime::tests::scene_cache::retained::hits::retained_custom_surface_cache_keeps_multiple_stable_surfaces ... ok
test gui_runtime::native_vello::generic_runtime::tests::scene_cache::retained::hits::retained_custom_surface_cache_skips_unchanged_bridge_render ... ok
test gui_runtime::native_vello::generic_runtime::tests::scene_cache::mixed_assembly_zero_resident_store_fresh_encodes_every_entry ... ok
test gui_runtime::native_vello::generic_runtime::tests::scene_cache::retained::miss::retained_custom_surface_miss_is_counted_as_fallback ... ok
test gui_runtime::native_vello::generic_runtime::tests::scene_cache::retained::invalidation::retained_custom_surface_cache_rejects_current_dirty_descriptor ... ok
test gui_runtime::native_vello::generic_runtime::tests::scene_cache::retained::invalidation::retained_custom_surface_cache_invalidates_dirty_descriptor_key ... ok
test gui_runtime::native_vello::generic_runtime::tests::scene_cache::retained::volatile::retained_custom_surface_cache_rejects_volatile_descriptor ... ok
test gui_runtime::native_vello::generic_runtime::tests::scene_cache::retained_scene_assembly_matches_authoritative_encoding_in_plan_order ... ok
test gui_runtime::native_vello::generic_runtime::tests::scene_cache::runner_warms_artifacts_before_admission_aware_retained_assembly ... ok
test gui_runtime::native_vello::generic_runtime::tests::scene_cache::retained_scene_assembly_and_lookup_veto_context_provenance_mismatch ... ok
test gui_runtime::native_vello::generic_runtime::tests::scene_cache::render_selection_intersects_admission_and_sparse_residency ... ok
test gui_runtime::native_vello::generic_runtime::tests::scene_cache::retained_scene_assembly_vetoes_mixed_and_missing_artifacts ... ok
test gui_runtime::native_vello::generic_runtime::tests::scene_cache::scene_artifact_materialization_accepts_one_typed_candidate_with_full_equality ... ok
test gui_runtime::native_vello::generic_runtime::tests::scene_cache::scene_artifact_materialization_projection_keeps_zero_resident_cardinality ... ok
test gui_runtime::native_vello::generic_runtime::tests::scene_cache::scene_artifact_materialization_accepts_mixed_retained_and_fresh_order ... ok
test gui_runtime::native_vello::generic_runtime::tests::scene_cache::scene_artifact_materialization_rejects_corrupt_scalar_checkpoint_without_slicing ... ok
test gui_runtime::native_vello::generic_runtime::tests::scene_cache::scene_artifact_materialization_projection_preserves_original_sparse_slots ... ok
test gui_runtime::native_vello::generic_runtime::tests::scene_cache::scene_artifact_materialization_rejects_duplicate_identity ... ok
test gui_runtime::native_vello::generic_runtime::tests::scene_cache::scene_artifact_materialization_rejects_payload_mutation_and_encoding_mismatch ... ok
test gui_runtime::native_vello::generic_runtime::tests::scene_cache::scene_artifact_materialization_rejects_missing_and_extra_payloads_atomically ... ok
test gui_runtime::native_vello::generic_runtime::tests::scene_cache::scene_artifact_materialization_projection_keeps_atomic_store_rejection ... ok
test gui_runtime::native_vello::generic_runtime::tests::scene_cache::scene_artifact_materialization_rejects_unsafe_and_fallback_evidence ... ok
test gui_runtime::native_vello::generic_runtime::tests::scene_cache::scene_artifact_materialization_rejects_nonzero_flags_open_clips_and_resources ... ok
test gui::layout_core::virtual_layout::materialization::tests::lifecycle_unwind_poison_survives_caught_panic ... ok
test gui_runtime::native_vello::generic_runtime::tests::scene_cache::scene_artifact_payload_selection_corruption_is_rejected_by_authoritative_materialization ... ok
test gui_runtime::native_vello::generic_runtime::tests::scene_cache::scene_artifact_materialization_rejects_identity_span_generation_and_revision_mismatch ... ok
test gui_runtime::native_vello::generic_runtime::tests::scene_cache::scene_artifact_payload_selection_missing_store_falls_back_to_fresh_encoding ... ok
test gui_runtime::native_vello::generic_runtime::tests::scene_cache::scene_artifact_payload_selection_reuses_matching_stored_artifact ... ok
test gui_runtime::native_vello::generic_runtime::tests::scene_cache::scene_artifact_payload_selection_metadata_mismatch_falls_back_to_fresh_encoding ... ok
test gui_runtime::native_vello::generic_runtime::tests::scene_cache::scene_artifact_store_clears_after_dpi_change_without_unbound_target_promotion ... ok
test gui_runtime::native_vello::generic_runtime::tests::scene_cache::scene_artifact_store_installs_valid_candidate ... ok
test gui_runtime::native_vello::generic_runtime::tests::scene_cache::scene_artifact_sparse_hole_misses_lookup_and_vetoes_retained_assembly ... ok
test gui_runtime::native_vello::generic_runtime::tests::scene_cache::scene_artifact_store_allows_zero_resident_nonzero_cardinality ... ok
test gui_runtime::native_vello::generic_runtime::tests::scene_cache::scene_encoding_counts_gpu_surfaces_without_projecting_interactions ... ok
test gui_runtime::native_vello::generic_runtime::tests::scene_cache::scene_artifact_store_keeps_mixed_candidates_in_plan_order ... ok
test gui_runtime::native_vello::generic_runtime::tests::scene_cache::scene_artifact_store_clears_for_empty_and_fallback_materializations ... ok
test gui_runtime::native_vello::generic_runtime::tests::scene_cache::scene_encoding_elides_containing_nested_clip_but_keeps_draw_content ... ok
test gui_runtime::native_vello::generic_runtime::tests::scene_cache::scene_encoding_flushes_text_before_later_non_text_primitives ... ok
test gui_runtime::native_vello::generic_runtime::tests::scene_cache::scene_encoding_marks_clip_closed_after_gpu_anchor_as_inherited ... ok
test gui_runtime::native_vello::generic_runtime::tests::scene_cache::scene_encoding_observes_finite_self_contained_segment_bounds ... ok
test gui_runtime::native_vello::generic_runtime::tests::scene_cache::scene_artifact_store_preserves_sparse_plan_indices_without_compaction ... ok
test gui_runtime::native_vello::generic_runtime::tests::scene_cache::scene_text_run_buffer_presizes_overflow_storage ... ok
test gui_runtime::native_vello::generic_runtime::tests::timing::animation::generic_core_is_repaint_driven_when_host_reports_no_animation ... ok
test gui_runtime::native_vello::generic_runtime::tests::scene_cache::scene_artifact_store_rejects_zero_cardinality_with_resident_slot ... ok
test gui_runtime::native_vello::generic_runtime::tests::timing::animation::generic_core_preserves_animation_when_host_requests_it ... ok
test gui_runtime::native_vello::generic_runtime::tests::scene_cache::scene_encoding_widens_unclipped_text_and_tracks_clip_isolation ... ok
test gui_runtime::native_vello::generic_runtime::tests::timing::animation::generic_core_turns_text_caret_animation_into_scene_rebuild_redraw ... ok
test gui_runtime::native_vello::generic_runtime::tests::timing::animation::generic_core_turns_message_free_animation_into_paint_only_redraw ... ok
test gui_runtime::native_vello::generic_runtime::tests::timing::animation::generic_runtime_clamps_animation_frame_interval ... ok
test gui_runtime::native_vello::generic_runtime::tests::scene_cache::scene_text_input_consumes_the_seeded_snapshot_and_fails_closed_without_one ... ok
test gui_runtime::native_vello::generic_runtime::tests::timing::overlay_diagnostics::empty_overlay_paint_skips_app_and_runtime_overlay_callbacks ... ok
test gui_runtime::native_vello::generic_runtime::tests::timing::overlay_diagnostics::active_virtual_layout_vetoes_prepared_admission_and_materializes_combined_refresh ... ok
test gui_runtime::native_vello::generic_runtime::tests::timing::overlay_diagnostics::admitted_gpu_candidate_does_not_replay_combined_projection ... ok
test gui_runtime::native_vello::generic_runtime::tests::timing::overlay_diagnostics::eligibility_observation_precedes_encode_without_changing_scene_counters ... ok
test gui_runtime::native_vello::generic_runtime::tests::timing::overlay_diagnostics::explicit_frame_diagnostics_capability_enables_callback_work ... ok
test gui_runtime::native_vello::generic_runtime::tests::timing::overlay_diagnostics::bare_bridge_environment_promotes_deferred_paint_only_once_and_reuses_unchanged_source ... ok
test gui_runtime::native_vello::generic_runtime::tests::timing::overlay_diagnostics::environment_change_vetoes_exact_scene_reuse_and_reencodes ... ok
test gui_runtime::native_vello::generic_runtime::tests::timing::overlay_diagnostics::exact_scene_refresh_reuses_encoded_scene_and_preserves_derived_state ... ok
test gui_runtime::native_vello::generic_runtime::tests::timing::overlay_diagnostics::explicit_transient_overlay_capability_runs_custom_bridge_callback ... ok
test gui_runtime::native_vello::generic_runtime::tests::timing::overlay_diagnostics::minimal_bridge_skips_frame_diagnostics_callback_work ... ok
test gui_runtime::native_vello::generic_runtime::tests::timing::overlay_diagnostics::native_candidate_source_change_vetoes_without_replay_or_active_mutation ... ok
test gui_runtime::native_vello::generic_runtime::tests::timing::overlay_diagnostics::interaction_candidate_is_vetoed_when_appearance_drifts_before_publish ... ok
test gui_runtime::native_vello::generic_runtime::tests::timing::overlay_diagnostics::invalidated_native_target_vetoes_exact_scene_reuse ... ok
test gui_runtime::native_vello::generic_runtime::tests::timing::overlay_diagnostics::full_prepared_refresh_accepts_a_legitimate_appearance_change ... ok
test gui_runtime::native_vello::generic_runtime::tests::timing::overlay_diagnostics::native_stale_interaction_gate_discards_without_replay ... ok
test gui_runtime::native_vello::generic_runtime::tests::timing::overlay_diagnostics::native_interaction_publication_reuses_plan_and_skips_full_runtime_work ... ok
test gui_runtime::native_vello::generic_runtime::tests::timing::overlay_diagnostics::native_unchanged_some_environment_keeps_exact_fast_path ... ok
test gui_runtime::native_vello::generic_runtime::scene::text_input::tests::focused_text_input_caret_geometry_preserves_bidi_affinity ... ok
test gui_runtime::native_vello::generic_runtime::tests::timing::overlay_diagnostics::native_text_input_scale_direction_and_dpi_follow_one_runtime_paragraph_authority ... ok
test gui_runtime::native_vello::generic_runtime::tests::timing::overlay_diagnostics::native_sampled_application_environment_changes_match_forced_full_twins ... ok
test gui_runtime::native_vello::generic_runtime::tests::timing::overlay_diagnostics::ordinary_retained_surface_rebuild_does_not_clone_populated_cache ... ok
test gui_runtime::native_vello::generic_runtime::tests::timing::overlay_diagnostics::native_tree_row_environment_refresh_keeps_text_physical_geometry_and_dpi_boundary ... ok
test gui_runtime::native_vello::generic_runtime::tests::timing::overlay_diagnostics::post_projection_layout_veto_discards_without_running_active_refresh_tail ... ok
test gui_runtime::native_vello::generic_runtime::tests::timing::overlay_diagnostics::prepared_native_controlled_clamp_precedes_visible_nearest_request ... ok
test gui_runtime::native_vello::generic_runtime::tests::timing::overlay_diagnostics::prepared_native_refresh_commits_controlled_and_request_scroll_state_once ... ok
test gui_runtime::native_vello::generic_runtime::tests::timing::overlay_diagnostics::prepared_native_controlled_axes_publish_without_initial_or_request ... ok
test gui_runtime::native_vello::generic_runtime::tests::timing::overlay_diagnostics::prepared_native_scroll_gate_veto_preserves_active_state_before_retry ... ok
test gui_runtime::native_vello::generic_runtime::tests::timing::overlay_diagnostics::prepared_native_veto_does_not_consume_candidate_only_reveal_generation ... ok
test gui_runtime::native_vello::generic_runtime::tests::timing::overlay_diagnostics::prepared_plan_admission_encodes_once_without_a_second_plan_build ... ok
test gui_runtime::native_vello::generic_runtime::tests::timing::overlay_diagnostics::prepared_refresh_dispatches_replacement_terminal_after_scene_admission ... ok
test gui_runtime::native_vello::generic_runtime::tests::timing::overlay_diagnostics::retired_interaction_candidate_drops_after_native_publication_diagnostics ... ok
test gui_runtime::native_vello::generic_runtime::scene::text_input::tests::focused_text_input_caret_area_projects_unicode_and_selection_caret ... ok
test gui_runtime::native_vello::generic_runtime::tests::timing::overlay_diagnostics::prepared_refresh_vetoes_source_some_to_none_and_catalog_replacement_before_publication ... ok
test gui_runtime::native_vello::generic_runtime::tests::timing::overlay_diagnostics::prepared_refresh_orders_projection_candidate_layout_publication_scene_and_terminal ... ok
test gui_runtime::native_vello::generic_runtime::tests::timing::overlay_diagnostics::transient_overlay_hint_skips_empty_app_overlay_callback ... ok
test gui_runtime::native_vello::generic_runtime::tests::timing::resize::command_resize_reason_survives_deferred_surface_resize ... ok
test gui_runtime::native_vello::generic_runtime::tests::timing::resize::deferred_auxiliary_sync_tracks_interactive_rebuild_deferral ... ok
test gui_runtime::native_vello::generic_runtime::tests::timing::overlay_diagnostics::prepared_refresh_veto_keeps_the_combined_refresh_fallback ... ok
test gui_runtime::native_vello::generic_runtime::tests::timing::overlay_diagnostics::standalone_scene_rebuild_without_exact_refresh_reencodes ... ok
test gui_runtime::native_vello::generic_runtime::tests::timing::overlay_diagnostics::stale_native_evidence_drops_held_candidate_without_publication_or_replay ... ok
test gui_runtime::native_vello::generic_runtime::tests::timing::resize::deferred_scene_rebuild_marks_pending_without_surface_refresh ... ok
test gui_runtime::native_vello::generic_runtime::tests::timing::resize::deferred_interactive_scene_rebuild_is_flushed_before_paint ... ok
test gui_runtime::native_vello::generic_runtime::tests::timing::resize::deferred_surface_resize_keeps_latest_nonzero_size ... ok
test gui_runtime::native_vello::generic_runtime::tests::timing::resize::deferred_interactive_scene_rebuild_refreshes_surface_once_before_paint ... ok
test gui_runtime::native_vello::generic_runtime::tests::timing::resize::deferred_refresh_with_subpixel_resize_reports_resize_and_rebuild ... ok
test gui_runtime::native_vello::generic_runtime::tests::timing::resize::dirty_resize_frame_uses_composited_present_path ... ok
test gui_runtime::native_vello::generic_runtime::tests::timing::resize::native_resize_event_waits_for_confirmed_resize_before_reporting_frame_work ... ok
test gui_runtime::native_vello::generic_runtime::tests::timing::resize::deferred_viewport_resize_is_applied_at_scene_rebuild_boundary ... ok
test gui_runtime::native_vello::generic_runtime::tests::timing::resize::dpi_change_after_admission_veto_preserves_fenced_target_evidence ... ok
test gui_runtime::native_vello::generic_runtime::tests::timing::resize::other_failure_fences_native_target_without_reconfiguring_zero_size_surface ... ok
test gui_runtime::native_vello::generic_runtime::tests::timing::resize::same_size_recovery_preserves_target_boundary_and_reissues_once ... ok
test gui_runtime::native_vello::generic_runtime::tests::timing::resize::surface_acquire_policy_distinguishes_recovery_and_fence_states ... ok
test gui_runtime::native_vello::generic_runtime::tests::timing::resize::repeated_target_fences_are_idempotent ... ok
test gui_runtime::native_vello::generic_runtime::tests::timing::resize::unsolicited_recovery_drop_reissues_one_packet ... ok
test gui_runtime::native_vello::generic_runtime::tests::timing::resize::successful_acquisition_after_other_fence_promotes_fresh_target_generation ... ok
test gui_runtime::native_vello::generic_runtime::tests::timing::resize::unbound_resources_preserve_pending_resize_without_native_work_or_retry ... ok
test gui_runtime::native_vello::generic_runtime::tests::timing::resize::window_resize_events_coalesce_until_redraw_boundary ... ok
test gui_runtime::native_vello::generic_runtime::tests::timing::resize::subpixel_equivalent_resize_updates_viewport_without_relayout ... ok
test gui_runtime::native_vello::generic_runtime::tests::timing::resize::subpixel_equivalent_deferred_resize_reuses_encoded_scene ... ok
test gui_runtime::native_vello::generic_runtime::tests::timing::route_frames::auxiliary_message_route_does_not_admit_a_second_due_timed_frame ... ok
test gui_runtime::native_vello::generic_runtime::tests::timing::route_frames::coalesced_timeout_retry_keeps_pending_frame_work ... ok
test gui_runtime::native_vello::generic_runtime::tests::timing::route_frames::auxiliary_route_time_stale_redraw_commits_once_to_parent_observation ... ok
test gui_runtime::native_vello::generic_runtime::tests::timing::route_frames::due_frame_animation_waits_behind_fresh_pending_redraw ... ok
test gui_runtime::native_vello::generic_runtime::tests::timing::route_frames::exceeded_route_does_not_reissue_a_stale_pending_redraw ... ok
test gui_runtime::native_vello::generic_runtime::tests::timing::route_frames::coalesced_routed_redraws_keep_strongest_frame_work ... ok
test gui_runtime::native_vello::generic_runtime::tests::timing::route_frames::frame_diagnostics_availability_is_cached_at_runner_start ... ok
test gui_runtime::native_vello::generic_runtime::tests::timing::route_frames::deferred_exceeded_rebuild_is_consumed_once_at_the_later_boundary ... ok
test gui_runtime::native_vello::generic_runtime::tests::timing::route_frames::exceeded_visual_primary_waits_for_presentation_before_native_requests ... ok
test gui_runtime::native_vello::generic_runtime::tests::timing::route_frames::exceeded_input_leaves_due_deadline_for_the_later_native_boundary ... ok
test gui_runtime::native_vello::generic_runtime::tests::timing::route_frames::frame_wait_deadline_suppresses_retry_without_current_adapter_bundle ... ok
test gui_runtime::native_vello::generic_runtime::tests::timing::route_frames::interactive_scene_rebuilds_are_capped_to_frame_cadence ... ok
test gui_runtime::native_vello::generic_runtime::tests::timing::route_frames::frame_diagnostics_redraw_requests_skip_tracking_without_observer ... ok
test gui_runtime::native_vello::generic_runtime::tests::timing::route_frames::native_resize_redraw_waits_for_confirmed_frame_work ... ok
test gui_runtime::native_vello::generic_runtime::tests::timing::route_frames::pending_redraw_elapsed_tracks_present_age ... ok
test gui_runtime::native_vello::generic_runtime::tests::timing::route_frames::hover_redraws_do_not_reset_timed_animation_deadline ... ok
test gui_runtime::native_vello::generic_runtime::tests::timing::route_frames::pending_redraw_requests_are_reissued_when_input_starves_present ... ok
test gui_runtime::native_vello::generic_runtime::tests::timing::route_frames::pending_redraw_frame_work_merges_stronger_direct_request ... ok
test gui_runtime::native_vello::generic_runtime::tests::timing::route_frames::primary_and_auxiliary_redraw_observations_finalize_once_per_stable_key ... ok
test gui_runtime::native_vello::generic_runtime::tests::timing::route_frames::pointer_routes_do_not_overrun_timed_frame_cadence ... ok
test gui_runtime::native_vello::generic_runtime::tests::timing::route_frames::exceeded_input_defers_all_visual_route_work_but_not_exit_or_noop ... ok
test gui_runtime::native_vello::generic_runtime::tests::timing::route_frames::pointer_routes_skip_animation_poll_before_native_frame_cadence_is_due ... ok
test gui_runtime::native_vello::generic_runtime::tests::timing::route_frames::route_time_redraw_flush_waits_for_stale_request ... ok
test gui_runtime::native_vello::generic_runtime::tests::timing::route_frames::pointer_routes_drain_due_frame_message_animation ... ok
test gui_runtime::native_vello::generic_runtime::tests::timing::route_frames::timeout_and_other_retries_share_one_transient_permit ... ok
test gui_runtime::native_vello::generic_runtime::tests::timing::route_frames::two_exceeded_inputs_keep_both_completions_in_one_bounded_visual_state ... ok
test gui_runtime::native_vello::generic_runtime::tests::timing::route_frames::pointer_move_outcome_drain_keeps_frame_animation_moving ... ok
test gui_runtime::native_vello::generic_runtime::tests::timing::route_frames::stale_pending_redraw_does_not_block_due_frame_animation ... ok
test gui_runtime::native_vello::generic_runtime::tests::timing::run_report::current_primary_device_loss_witness_admits_only_current_owner ... ok
test gui_runtime::native_vello::generic_runtime::tests::timing::route_frames::unbound_native_resources_suppress_redraw_reissue_but_retain_frame_work ... ok
test gui_runtime::native_vello::generic_runtime::tests::timing::run_report::native_initialization_stage_display_and_error_display_are_stable ... ok
test gui_runtime::native_vello::generic_runtime::tests::timing::run_report::render_device_error_kind_and_display_are_stable ... ok
test gui_runtime::native_vello::generic_runtime::tests::timing::run_report::initialization_terminal_cause_preserves_first_failure_over_later_causes ... ok
test gui_runtime::native_vello::generic_runtime::tests::timing::run_report::frame_render_error_display_is_stable_and_preserves_first_cause ... ok
test gui_runtime::native_vello::generic_runtime::tests::timing::run_report::terminal_cause_admission_predicates_block_later_initialization_work ... ok
test gui_runtime::native_vello::generic_runtime::tests::timing::run_report::render_device_loss_display_is_stable_and_preserves_first_cause ... ok
test gui_runtime::native_vello::generic_runtime::tests::timing::run_report::render_device_loss_terminal_cause_blocks_later_initialization_work ... ok
test gui_runtime::native_vello::generic_runtime::tests::timing::run_report::result_resolution_preserves_ordinary_close_and_event_loop_errors_without_terminal_cause ... ok
test gui_runtime::native_vello::generic_runtime::tests::timing::run_report::render_device_error_terminal_cause_blocks_later_initialization_work ... ok
test gui_runtime::native_vello::generic_runtime::tests::timing::run_report::render_device_error_takes_first_cause_precedence_over_other_terminal_failures ... ok
test gui_runtime::native_vello::generic_runtime::tests::window_environment::accessibility_snapshot_updates_are_routed_only_for_changed_causes ... ok
test gui_runtime::native_vello::generic_runtime::tests::timing::run_report::terminal_cause_recording_is_first_write_wins_and_take_is_one_shot ... ok
test gui_runtime::native_vello::generic_runtime::tests::window_environment::dpi_change_updates_native_scale_but_defers_environment_rebuild ... ok
test gui_runtime::native_vello::generic_runtime::tests::timing::run_report::terminal_cause_takes_precedence_over_successful_or_failed_event_loop_result ... ok
test gui_runtime::native_vello::generic_runtime::tests::window_environment::dpi_target_transition_rearms_timeout_retry_between_timeout_attempts ... ok
test gui_runtime::native_vello::generic_runtime::tests::window_policy::active_normal_window_reveals_without_redundant_activation ... ok
test gui_runtime::native_vello::generic_runtime::tests::window_policy::focused_popup_activation_is_explicit ... ok
test gui_runtime::native_vello::generic_runtime::tests::window_policy::foreground_switch_during_startup_defers_activation_until_user_returns ... ok
test gui_runtime::native_vello::generic_runtime::tests::window_policy::foreground_transition_to_application_keeps_activation_pending ... ok
test gui_runtime::native_vello::generic_runtime::tests::window_policy::generic_native_window_applies_floating_popup_policy ... ok
test gui_runtime::native_vello::generic_runtime::tests::window_policy::generic_native_window_applies_ordinary_position ... ok
test gui_runtime::native_vello::generic_runtime::tests::window_policy::generic_native_window_can_hide_prewarmed_popup_after_first_present ... ok
test gui_runtime::native_vello::generic_runtime::tests::window_policy::generic_native_window_can_prewarm_hidden_popup_surfaces ... ok
test gui_runtime::native_vello::generic_runtime::tests::window_policy::generic_native_window_can_remain_hidden_after_surface_setup ... ok
test gui_runtime::native_vello::generic_runtime::tests::window_environment::dpi_target_transition_rearms_other_retry_between_other_attempts ... ok
test gui_runtime::native_vello::generic_runtime::tests::window_environment::queued_window_environment_changes_defer_one_coalesced_refresh_and_rebuild ... ok
test gui_runtime::native_vello::generic_runtime::tests::window_policy::generic_native_window_reveals_popups_after_surface_setup ... ok
test gui_runtime::native_vello::generic_runtime::tests::window_policy::generic_native_window_reveals_after_surface_setup ... ok
test gui_runtime::native_vello::generic_runtime::tests::window_policy::generic_native_window_uses_configured_drag_and_drop_policy ... ok
test gui_runtime::native_vello::generic_runtime::tests::window_policy::hidden_normal_window_never_selects_delayed_activation ... ok
test gui_runtime::native_vello::generic_runtime::tests::window_policy::late_activation_after_foreground_switch_stays_fenced ... ok
test gui_runtime::native_vello::generic_runtime::tests::window_policy::nonfocused_and_prewarmed_popups_remain_passive ... ok
test gui_runtime::native_vello::generic_runtime::tests::window_policy::generic_native_window_starts_hidden_during_surface_setup ... ok
test gui_runtime::native_vello::generic_runtime::tests::window_policy::normal_window_reopen_activation_is_steady_state_only_and_coalesces ... ok
test gui_runtime::native_vello::generic_runtime::tests::window_policy::normal_window_delays_activation_until_surface_reveal ... ok
test gui_runtime::native_vello::generic_runtime::tests::window_policy::pending_activation_is_canceled_after_foreground_switch ... ok
test gui_runtime::native_vello::generic_runtime::tests::window_policy::popup_and_passive_activation_never_enter_normal_window_steady_state ... ok
test gui_runtime::native_vello::generic_runtime::tests::window_policy::requested_activation_waits_for_active_confirmation ... ok
test gui_runtime::native_vello::generic_runtime::tests::window_policy::timed_out_activation_requires_explicit_reopen_intent ... ok
test gui_runtime::native_vello::generic_runtime::window_environment::tests::accessibility_snapshot_delta_only_reports_changed_causes ... ok
test gui_runtime::native_vello::generic_runtime::tests::scene_cache::scene_artifact_store_rejects_invalid_input_and_clears_stale_artifacts ... ok
test gui_runtime::native_vello::generic_runtime::window_environment::tests::monitor_fingerprint_includes_stable_monitor_facts ... ok
test gui_runtime::native_vello::runtime_config::tests::present_mode_candidates_use_normalized_frame_rate_policy ... ok
test gui_runtime::native_vello::startup::tests::startup_artifact_reports_deferred_refresh_after_first_present ... ok
test gui_runtime::native_vello::text_edit::boundary::tests::clamp_to_char_boundary_snaps_inside_multibyte_characters_backward ... ok
test gui_runtime::native_vello::text_edit::layout::cursor_stops::tests::cursor_stop_lookup_falls_back_from_non_finite_positions ... ok
test gui_runtime::native_vello::text_edit::layout::cursor_stops::tests::cursor_stop_lookup_uses_last_stop_before_missing_byte ... ok
test gui_runtime::native_vello::text_edit::tests::editor_state_clamps_stale_offsets_to_text_boundaries ... ok
test gui_runtime::native_vello::text_edit::layout::cursor_stops::tests::visible_cursor_stops_replace_invalid_positions_with_origin ... ok
test gui_runtime::native_vello::text_edit::tests::text_field_layout_rejects_invalid_font_size_before_cache_work ... ok
test gui_runtime::native_vello::text_edit::tests::snapshot_text_field_layout_rejects_mismatched_contract_inputs ... ok
test gui_runtime::native_vello::text_edit::tests::build_text_field_layout_uses_one_full_layout_pass ... ok
test gui_runtime::native_vello::text_edit::tests::aligned_text_field_layout_projects_physical_alignment_into_caret_geometry ... ok
test gui_runtime::native_vello::text_edit::tests::text_field_layout_resolves_local_x_for_exact_bytes_and_fallbacks ... ok
test gui_runtime::native_vello::text_edit::tests::text_field_layout_resolves_caret_offsets_without_second_layout_pass ... ok
test gui_runtime::native_vello::text_edit::tests::snapshot_text_field_layout_reuses_supplied_arc_without_renderer_layout ... ok
test gui_runtime::native_vello::text_renderer::cache::atom::tests::byte_budget_evicts_least_recently_used_atoms ... ok
test gui_runtime::native_vello::text_renderer::cache::atom::tests::consecutive_atom_cache_hits_coalesce_recency_queue_entry ... ok
test gui_runtime::native_vello::text_renderer::cache::atom::tests::intern_text_reuses_cached_atom_and_tracks_hits ... ok
test gui_runtime::native_vello::text_renderer::cache::atom::tests::oversized_atom_bypasses_cache_without_retained_bytes ... ok
test gui_runtime::native_vello::text_renderer::cache::tests::cached_layout_hits_report_glyph_diagnostics_for_current_frame ... ok
test gui_runtime::native_vello::text_renderer::cache::tests::consecutive_layout_cache_touches_coalesce_recency_queue_entry ... ok
test gui_runtime::native_vello::text_edit::tests::text_field_layout_sanitizes_invalid_available_width ... ok
test gui_runtime::native_vello::text_renderer::cache::tests::cached_face_indices_remain_valid_when_font_stack_appends ... ok
test gui_runtime::native_vello::text_renderer::cache::tests::oversized_view_is_returned_complete_without_becoming_unbounded_cache_state ... ok
test gui_runtime::native_vello::text_renderer::cache::tests::view_cache_counts_shared_shaped_geometry_once_near_budget ... ok
test gui_runtime::native_vello::text_renderer::cache::tests::paragraph_presentation_partitions_shapes_and_reuses_previous_locale ... ok
test gui_runtime::native_vello::text_renderer::cache::tests::shape_cache_is_reused_while_width_views_reproject_independently ... ok
test gui_runtime::native_vello::text_renderer::font::tests::face_specific_lookup_does_not_cross_fallback_faces ... ok
test gui_runtime::native_vello::text_renderer::cache::tests::width_and_view_cache_eviction_obeys_entry_and_byte_budgets ... ok
test gui_runtime::native_vello::text_renderer::font::tests::invalid_font_bytes_are_rejected_before_renderer_use ... ok
test gui_runtime::native_vello::text_renderer::font::tests::path_faces_load_lazily_after_embedded_faces_and_keep_deduped_order ... ok
test gui_runtime::native_vello::text_renderer::font::tests::preferred_font_paths_are_checked_before_fallbacks ... ok
test gui_runtime::native_vello::text_renderer::font::tests::invalid_candidates_are_skipped_before_the_first_valid_path_face ... ok
test gui_runtime::native_vello::text_renderer::font::tests::test_font_stack_keeps_stable_face_indices_when_appending ... ok
test gui_runtime::native_vello::text_renderer::layout::tests::forced_compatibility_keeps_two_face_glyphs_in_their_selected_runs ... ok
test gui_runtime::native_vello::text_renderer::layout::tests::combining_grapheme_is_one_caret_cell_and_one_replacement ... ok
test gui_runtime::native_vello::text_renderer::cache::tests::layout_cache_hit_queue_compacts_after_repeated_reuse ... ok
test gui_runtime::native_vello::text_renderer::layout::tests::hard_break_layout_is_single_line_but_keeps_complete_boundary_metadata ... ok
test gui_runtime::native_vello::text_renderer::layout::tests::line_break_records_keep_crlf_and_terminal_boundaries ... ok
test gui_runtime::native_vello::text_renderer::layout::tests::isolated_fixture_scripts_shape_with_explicit_rustybuzz_script ... ok
test gui_runtime::native_vello::text_renderer::layout::tests::no_font_keeps_deterministic_geometry_without_drawable_glyphs ... ok
test gui_runtime::native_vello::text_renderer::layout::tests::mixed_scripts_are_itemized_at_grapheme_boundaries_with_context ... ok
test gui_runtime::native_vello::text_renderer::layout::tests::mixed_direction_keeps_logical_boundaries_and_visual_geometry ... ok
test gui_runtime::native_vello::text_renderer::renderability::tests::text_run_renderability_accepts_staged_scene_text_runs ... ok
test gui_runtime::native_vello::text_renderer::renderability::tests::text_run_renderability_rejects_non_finite_geometry ... ok
test gui_runtime::native_vello::text_renderer::layout::tests::shaped_fixture_uses_rustybuzz_clusters_and_ordered_faces ... ok
test gui_runtime::native_vello::text_renderer::tests::empty_layout_preserves_terminal_cursor_stop ... ok
test gui_runtime::native_vello::text_renderer::tests::native_pointer_affinity_resets_to_downstream ... ok
test gui_runtime::native_vello::text_renderer::tests::retained_text_input_snapshot_prepares_one_bounded_current_plan_entry ... ok
test gui_runtime::native_vello::text_renderer::cache::atom::tests::hit_queue_compacts_after_repeated_reuse ... ok
test gui_runtime::native_vello::text_renderer::tests::retained_text_input_snapshot_replacement_updates_byte_accounting ... ok
test gui_runtime::native_vello::text_renderer::tests::oversized_text_input_snapshot_is_declined_before_publication ... ok
test gui_runtime::native_vello::text_renderer::tests::retained_text_input_snapshots_evict_by_exact_byte_accounting ... ok
test gui_runtime::native_vello::text_renderer::tests::retained_text_input_snapshots_evict_least_recently_used_entries_at_entry_limit ... ok
test gui_runtime::native_vello::text_renderer::tests::retained_text_input_snapshot_reuses_arc_after_transient_view_reset ... ok
test gui_runtime::native_vello::text_renderer::cache::atom::tests::eviction_drops_old_entries_once_capacity_is_exceeded ... ok
test gui_runtime::native_vello::text_renderer::tests::text_input_snapshot_fence_allocator_is_monotonic_and_checked ... ok
test gui_runtime::native_vello::text_renderer::tests::retained_text_input_snapshots_keep_admitted_current_plan_values_and_invalidate_old_fences ... ok
test gui_runtime::native_vello::text_renderer::tests::stale_text_input_snapshot_lookup_cannot_clear_current_fence ... ok
test gui_runtime::options::text::tests::embedded_font_shared_bytes_reuses_storage ... ok
test runtime::bridge::animation::tests::runtime_animation_activity_carries_optional_frame_rate_policy ... ok
test gui_runtime::native_vello::text_renderer::tests::visible_glyph_segments_follow_face_boundaries_and_clip_width ... ok
test runtime::bridge::animation::tests::runtime_animation_activity_keeps_frame_messages_bound_to_paint_frames ... ok
test runtime::bridge::animation::tests::runtime_animation_activity_merge_preserves_fastest_capped_source ... ok
test runtime::bridge::animation::tests::runtime_animation_activity_merge_keeps_uncapped_source_uncapped ... ok
test runtime::bridge::animation::tests::runtime_animation_activity_merges_message_and_paint_demands ... ok
test runtime::bridge::animation::tests::runtime_animation_activity_preserves_capped_frame_messages_with_uncapped_paint ... ok
test runtime::bridge::animation::tests::runtime_animation_activity_uses_named_demands_for_policy ... ok
test runtime::bridge::auxiliary::tests::auxiliary_windows_can_cache_on_close ... ok
test runtime::bridge::capabilities::tests::frame_gpu_timing_is_opt_in_and_delivered_through_its_own_capability ... ok
test runtime::bridge::auxiliary::tests::auxiliary_windows_destroy_on_close_by_default ... ok
test runtime::bridge::capabilities::tests::native_ime_adapter_observation_is_opt_in_and_delivered_once_by_the_caller ... ok
test runtime::command::query::tests::business_task_priority_finds_worker_effect_in_batch ... ok
test gui_runtime::native_vello::text_renderer::tests::stale_input_lookup_cannot_clear_current_fence_entries ... ok
test runtime::command::query::tests::business_task_priority_finds_worker_stream_in_batch ... ok
test runtime::command::query::tests::owner_coalesced_stream_commands_require_fresh_surface_before_dispatch ... ok
test runtime::command::query::tests::layout_dependent_commands_require_fresh_surface_before_dispatch ... ok
test runtime::command::query::tests::owner_latest_worker_commands_require_fresh_surface_before_dispatch ... ok
test runtime::command::query::tests::owner_ordered_stream_commands_require_fresh_surface_before_dispatch ... ok
test gui_runtime::native_vello::text_renderer::tests::text_input_snapshot_rejects_changed_logical_alignment_and_font ... ok
test runtime::command::repaint::tests::invalidation_round_trips_optional_repaint_scope ... ok
test runtime::command::repaint::tests::revisions_choose_the_narrowest_safe_scope ... ok
test runtime::command::tests::after_latest_accepts_non_send_mapper_for_ui_turn_execution ... ok
test runtime::command::tests::after_accepts_non_send_message_and_mapper_for_ui_turn_execution ... ok
test runtime::command::tests::batch_collapses_single_command_groups ... ok
test runtime::command::tests::batch_drops_empty_commands_and_preserves_message_order ... ok
test runtime::command::tests::batch_flattens_exact_single_nested_command_group ... ok
test runtime::command::tests::batch_flattens_nested_command_groups ... ok
test runtime::command::tests::dpi_scale_commands_request_surface_repaint_without_flattening_messages ... ok
test runtime::command::tests::drag_session_command_uses_available_drag_surfaces ... ok
test runtime::command::tests::drag_with_external_batches_preview_before_external_payload ... ok
test runtime::command::tests::external_drag_completion_accepts_ui_local_capture_and_message ... ok
test runtime::command::tests::message_flattening_into_reuses_output_storage ... ok
test runtime::command::tests::message_flattening_preserves_nested_message_order ... ok
test runtime::command::tests::message_flattening_reserve_helper_treats_hint_as_target_capacity ... ok
test runtime::command::tests::message_flattening_reserves_only_recursive_immediate_messages ... ok
test runtime::command::tests::paint_only_requests_are_detected_through_nested_batches ... ok
test runtime::command::tests::repaint_requests_are_detected_through_nested_batches ... ok
test runtime::command::tests::repaint_scope_merges_nested_batches_with_surface_winning ... ok
test runtime::command::tests::repaint_scope_orders_revision_backed_stages_by_required_work ... ok
test runtime::command::tests::shader_presentation_uniform_updates_are_not_immediate_messages ... ok
test runtime::command::tests::shader_presentation_uniform_updates_request_paint_only ... ok
test runtime::command::tests::window_size_commands_request_surface_repaint_without_flattening_messages ... ok
test runtime::controller::accessibility::tests::focused_different_widget_owner_blocks_before_focus_transfer ... ok
test runtime::controller::accessibility::tests::focus_veto_is_rejected_without_invoking_numeric_policy ... ok
test runtime::controller::accessibility::tests::incumbent_owner_blocks_before_focus_transfer ... ok
test gui_runtime::native_vello::text_renderer::font::tests::embedded_faces_are_loaded_in_order_and_candidates_remain_pending ... ok
test runtime::controller::accessibility::tests::same_generation_unknown_target_is_classified_as_unknown ... ok
test runtime::controller::accessibility::tests::stale_authority_is_rejected_before_focus_or_widget_mutation ... ok
test runtime::controller::accessibility::tests::unmaterialized_authority_is_rejected_before_focus_or_widget_mutation ... ok
test runtime::controller::accessibility::tests::generic_semantic_boundary_reuses_numeric_typed_lifecycle_and_text_action_name ... ok
test runtime::controller::accessibility::tests::removed_materialized_target_is_classified_as_removed ... ok
test runtime::controller::accessibility::tests::accepted_action_preserves_typed_local_outcome_and_maps_once ... ok
test runtime::controller::automation_compositor::tests::conflicting_overlap_rejects_atomically ... ok
test runtime::controller::automation_compositor::tests::custom_coordinate_space_is_rejected_before_insertion ... ok
test runtime::controller::automation_compositor::tests::exact_overlap_coalesces_once ... ok
test runtime::controller::automation_compositor::tests::final_uniqueness_audit_rejects_preexisting_duplicate_descendants_atomically ... ok
test runtime::controller::automation_compositor::tests::anchor_failures_include_missing_duplicate_nested_and_wrong_parent ... ok
test runtime::controller::automation_compositor::tests::global_id_collision_rejects_but_exact_wrapper_displacement_is_allowed ... ok
test runtime::controller::automation_compositor::tests::key_index_and_duplicate_index_failures_are_typed ... ok
test runtime::controller::automation_compositor::tests::materialized_wrapper_replacement_preserves_exact_child_position ... ok
test runtime::controller::automation_compositor::tests::no_virtual_input_preserves_ordinary_snapshot ... ok
test runtime::controller::automation_compositor::tests::mismatched_registration_fence_rejects_cross_range_union ... ok
test runtime::controller::automation_compositor::tests::payload_root_failures_reject_without_partial_tree ... ok
test runtime::controller::automation_compositor::tests::logical_composition_replaces_materialized_wrapper_and_appends_unmaterialized_leaf ... ok
test runtime::controller::automation_compositor::tests::reversed_range_input_has_deterministic_union_order ... ok
test runtime::controller::automation_compositor::tests::unstable_equality_is_rejected_before_tree_mutation ... ok
test runtime::controller::accessibility::tests::numeric_actions_do_not_interrupt_container_gesture_capture ... ok
test runtime::controller::auxiliary_focus::tests::child_focus_request_uses_existing_veto_and_focus_loss_cleanup_path ... ok
test runtime::controller::auxiliary_focus::tests::auxiliary_clear_focus_does_not_clear_parent_focus ... ok
test runtime::controller::auxiliary_focus::tests::application_focus_command_remains_parent_local ... ok
test runtime::controller::auxiliary_focus::tests::auxiliary_focus_does_not_mutate_parent_focus_and_preserves_command_order ... ok
test runtime::controller::clipboard::tests::clipboard_replaces_by_generation_and_clears_only_on_shutdown ... ok
test runtime::controller::clipboard::tests::clipboard_value_bounds_are_rejected_before_slot_replacement ... ok
test runtime::controller::commands::outcome::tests::merging_refresh_outcomes_only_marks_the_result_applied_when_all_work_was_applied ... ok
test runtime::controller::auxiliary_focus::tests::retiring_auxiliary_generation_discards_queued_focus_requests ... ok
test runtime::controller::commands::outcome::tests::typed_refresh_does_not_narrow_an_implicit_surface_fallback ... ok
test runtime::controller::commands::tests::batching::runtime_batched_command_drains_reuse_pending_scratch_storage ... ok
test runtime::controller::commands::tests::batching::runtime_batched_command_remainders_reuse_command_storage ... ok
test runtime::controller::commands::tests::batching::runtime_command_batch_defers_flattening_batches_beyond_drain_budget ... ok
test runtime::controller::commands::tests::batching::runtime_command_batch_preserves_order_and_keeps_remainder ... ok
test runtime::controller::commands::tests::batching::runtime_command_batch_reuses_output_storage_for_small_drains ... ok
test runtime::controller::commands::tests::batching::runtime_message_batch_preserves_order_and_keeps_remainder ... ok
test runtime::controller::commands::tests::batching::runtime_message_batch_reuses_output_storage_for_small_drains ... ok
test runtime::controller::commands::tests::dispatch::deferred_message_dispatch_refreshes_before_focus_followup ... ok
test runtime::controller::commands::tests::dispatch::deferred_command_batch_reuses_fresh_surface_for_followups ... ok
test runtime::controller::commands::tests::dispatch::deferred_paint_only_batch_refreshes_before_focus_followup ... ok
test runtime::controller::commands::tests::dispatch::deferred_locale_change_promotes_paint_only_before_native_refresh ... ok
test runtime::controller::commands::tests::dispatch::frame_refresh_take_keeps_latest_paint_segment_snapshot_after_reset ... ok
test runtime::controller::commands::tests::dispatch::frame_refresh_diagnostics_accumulate_eager_refreshes_until_consumed ... ok
test runtime::controller::commands::tests::dispatch::gpu_shader_presentation_uniform_updates_are_admitted_as_paint_only_and_drained ... ok
test runtime::controller::commands::tests::dispatch::deferred_platform_fallback_preserves_freshness_for_later_followups ... ok
test runtime::controller::commands::tests::dispatch::deferred_scroll_to_refreshes_before_dispatch_when_surface_is_dirty ... ok
test runtime::controller::commands::tests::drag::drag_preview_text_sizing_clamps_estimated_label_width ... ok
test runtime::controller::commands::tests::dispatch::scroll_event_delta_advances_and_clamps_offset_and_paint ... ok
test runtime::controller::commands::tests::dispatch::deferred_scroll_updated_command_refreshes_before_focus_followup ... ok
test runtime::controller::commands::tests::dispatch::wheel_scroll_fallback_preserves_metadata_and_programmatic_scroll_defaults ... ok
test runtime::controller::commands::tests::drag::drag_command_paints_runtime_preview_and_tracks_pointer_move ... ok
test runtime::controller::commands::tests::drain::ordered_ingress_maps_and_reduces_earlier_delivery_before_later_timer ... ok
test runtime::controller::commands::tests::drain::ordered_ingress_maps_and_reduces_earlier_timer_before_later_delivery ... ok
test runtime::controller::commands::tests::drain::closing_item_drops_detached_queue_remainder_without_mapping ... ok
test runtime::controller::commands::tests::drain::exit_fences_application_timer_wakes_before_lifecycle_cleanup ... ok
test runtime::controller::commands::tests::external_drag::external_drag_command_arms_and_clears_native_session ... ok
test runtime::controller::commands::tests::drain::runtime_message_drains_are_smaller_during_active_drag ... ok
test runtime::controller::commands::tests::external_drag::external_drag_completion_dispatches_host_message ... ok
test runtime::controller::commands::tests::external_drag::external_drag_completion_mapper_is_ui_local_and_released_by_replacement ... ok
test runtime::controller::commands::tests::external_drag::external_drag_end_and_runtime_exit_release_pending_mapper ... ok
test runtime::controller::commands::tests::drain::runtime_command_drains_are_bounded_and_request_followup_wakeup ... ok
test runtime::controller::commands::tests::drain::runtime_batched_command_drains_are_bounded_and_request_followup_wakeup ... ok
test runtime::controller::commands::tests::external_drag::external_drag_exit_and_runtime_drop_release_mapper ... ok
test runtime::controller::commands::tests::drain::runtime_batched_command_remainders_preserve_following_command_order ... ok
test runtime::controller::commands::tests::external_drag::external_drag_launch_results_are_deferred_for_all_outcomes ... ok
test runtime::controller::commands::tests::external_drag::external_drag_terminal_event_after_shutdown_is_inert ... ok
test runtime::controller::commands::tests::external_drag::external_drag_terminal_completion_is_admitted_once_after_duplicate_events ... ok
test runtime::controller::commands::tests::external_drag::external_drag_stale_and_duplicate_results_are_ignored_after_replacement ... ok
test gui_runtime::native_vello::text_renderer::cache::tests::layout_cache_eviction_keeps_recently_used_entries ... ok
test runtime::controller::commands::tests::platform::abandoned_result_sinks_release_bounded_capacity_and_mappers ... ok
test runtime::controller::commands::tests::platform::auxiliary_platform_completion_survives_recovery_and_retained_cached_generation ... ok
test runtime::controller::commands::tests::platform::auxiliary_platform_fallback_preserves_origin_through_chained_commands ... ok
test runtime::controller::commands::tests::platform::auxiliary_platform_queue_delivery_maps_once_with_origin_and_fences_duplicate ... ok
test runtime::controller::commands::tests::platform::auxiliary_platform_result_host_preserves_origin_through_chained_commands ... ok
test runtime::controller::commands::tests::platform::dropped_result_sinks_discard_and_release_mappers_without_dispatch ... ok
test runtime::controller::commands::tests::platform::exit_fences_late_sink_drop_without_delivery ... ok
test runtime::controller::commands::tests::platform::legacy_platform_request_after_exit_releases_mapper_without_delivery ... ok
test runtime::controller::commands::tests::platform::auxiliary_platform_retirement_isolates_application_sibling_and_new_generation ... ok
test runtime::controller::commands::tests::platform::command_produced_platform_queue_item_waits_for_next_drain ... ok
test runtime::controller::commands::tests::platform::runtime_exit_hook_fences_late_platform_send_and_drop_without_command_exit ... ok
test runtime::controller::commands::tests::platform::synchronous_legacy_platform_host_is_deferred_as_rejection ... ok
test runtime::controller::commands::tests::platform::platform_request_after_exit_releases_mapper_without_delivery ... ok
test runtime::controller::commands::tests::platform::frozen_platform_overflow_precedes_mapper_enqueued_arrival ... ok
test runtime::controller::commands::tests::platform::platform_request_dispatches_through_bridge_completion ... ok
test runtime::controller::commands::tests::platform::synchronous_result_host_completion_is_deferred_to_next_drain ... ok
test runtime::controller::commands::tests::platform::unsupported_platform_request_after_exit_releases_mapper_without_delivery ... ok
test runtime::controller::commands::tests::platform::platform_request_supports_shell_open_variants ... ok
test runtime::controller::commands::tests::platform::unsupported_platform_request_reports_error_message ... ok
test runtime::controller::composition::tests::hidden_update_uses_fixed_owner_and_legacy_default_cancel_fallback ... ok
test runtime::controller::composition::tests::invalid_terminal_clears_runtime_owner_before_mapped_cancel_refresh ... ok
test runtime::controller::composition::tests::composition_sequence_is_not_reused_after_terminal_and_never_wraps ... ok
test runtime::controller::context::frame::tooltip::tests::hovered_tooltip_uses_one_scaled_declared_metric_for_layout_and_paint ... ok
test runtime::controller::context::frame::tooltip::tests::hovered_widget_tooltip_paints_without_intercepting_activation ... ok
test runtime::controller::context::frame::tooltip::tests::runtime_frame_with_default_theme_projects_paint_plan ... ok
test runtime::controller::context::frame::tooltip::tests::tooltip_layout_respects_author_supplied_line_breaks ... ok
test runtime::controller::context::frame::tooltip::tests::tooltip_layout_scales_declared_metrics_before_wrapping_and_paint ... ok
test runtime::controller::context::frame::tooltip::tests::tooltip_rect_allows_long_compact_help_text_to_fit ... ok
test runtime::controller::context::frame::tooltip::tests::tooltip_hover_intent_does_not_restart_for_same_target_motion ... ok
test runtime::controller::context::frame::tooltip::tests::tooltip_layout_reserves_rendered_bitmap_width_for_short_toolbar_help ... ok
test runtime::controller::context::frame::tooltip::tests::tooltip_hover_intent_is_fenced_when_runtime_closes ... ok
test runtime::controller::context::frame::tooltip::tests::tooltip_if_false_skips_hover_tooltip ... ok
test runtime::controller::context::frame::tooltip::tests::tooltip_release_reconciles_hover_target_after_exclusive_capture ... ok
test runtime::controller::declarative_owner::tests::canonical_allocation_order_ignores_projection_order_and_resolved_id ... ok
test runtime::controller::context::tests::environment_snapshot_updates_context_and_notifies_only_on_delta ... ok
test runtime::controller::context::frame::tooltip::tests::tooltip_hover_intent_resets_on_leave_focus_loss_and_capture_release_rearms ... ok
test runtime::controller::context::tests::base_and_runtime_overlay_paint_receive_the_same_environment ... ok
test runtime::controller::declarative_owner::tests::canonical_ledger_isolates_kinds_and_siblings_and_rejects_incompatible_duplicates ... ok
test runtime::controller::declarative_owner::tests::exhaustion_is_checked_fail_closed_and_reports_generation_unavailable ... ok
test runtime::controller::declarative_owner::tests::defaults_cover_keyed_overlay_mixed_unkeyed_and_raw_sources ... ok
test runtime::controller::declarative_owner::tests::handle_resolution_rejects_absent_ambiguous_and_unkeyed_candidates ... ok
test runtime::controller::declarative_owner::tests::incompatible_replacement_and_exact_compatibility_are_distinct ... ok
test runtime::controller::declarative_owner::tests::keyed_and_overlay_requests_are_independent_without_precedence ... ok
test runtime::controller::declarative_owner::tests::mixed_surface_has_both_candidates_without_precedence ... ok
test runtime::controller::declarative_owner::tests::non_keyed_source_origins_never_allocate_declarative_generations ... ok
test runtime::controller::declarative_owner::tests::ledger_allocates_once_and_preserves_equivalent_reprojection_and_reorder ... ok
test runtime::controller::declarative_owner::tests::rejected_owner_dispatches_run_no_handler_or_follow_up_work ... ok
test runtime::controller::declarative_owner::tests::owner_removal_during_update_vetoes_layout_dependent_follow_up ... ok
test runtime::controller::declarative_owner::tests::overlay_owner_dispatch_is_explicit_and_does_not_use_keyed_precedence ... ok
test runtime::controller::declarative_owner::tests::recovery_and_relayout_preserve_generation_and_refresh_retires_before_chained_reduction ... ok
test runtime::controller::context::tests::environment_snapshot_survives_refresh_and_stays_independent_per_runtime ... ok
test runtime::controller::declarative_owner::tests::explicit_owner_dispatch_allows_scoped_and_application_fallbacks ... ok
test runtime::controller::declarative_owner::tests::removal_retires_before_reinsertion_and_replacement_gets_fresh_generation ... ok
test runtime::controller::declarative_owner::tests::repeated_ancestry_normalizes_and_conflicts_are_ambiguous ... ok
test runtime::controller::declarative_owner::tests::scoped_failures_are_typed_and_never_fallback ... ok
test runtime::controller::declarative_owner::tests::resolver_binds_one_current_token_and_keeps_application_outcomes_distinct ... ok
test runtime::controller::declarative_owner::tests::reorder_keeps_structural_scope_and_sibling_context_isolation ... ok
test runtime::controller::declarative_owner::tests::source_context_survives_capture_but_removed_candidate_is_absent ... ok
test runtime::controller::declarative_owner::tests::storage_clears_stale_entries_and_retains_capacity ... ok
test runtime::controller::declarative_owner::tests::startup_refresh_and_ordinary_relayout_install_only_accepted_source ... ok
test runtime::controller::effects::tests::auxiliary_owner_registry_retires_exact_generation_and_stays_bounded ... ok
test runtime::controller::effects::tests::admission_receipt_resolves_rejected_without_retrying ... ok
test runtime::controller::effects::tests::auxiliary_timer_retirement_drops_registration_and_fences_late_wake ... ok
test runtime::controller::effects::tests::auxiliary_origin_survives_timer_completion_and_chained_command ... ok
test runtime::controller::effects::tests::admission_receipt_resolves_after_inline_host_acceptance_before_output ... ok
test runtime::controller::effects::tests::auxiliary_timer_survives_native_recovery_without_retirement ... ok
test runtime::controller::effects::tests::auxiliary_origin_survives_worker_completion_and_chained_command ... ok
test runtime::controller::effects::tests::cancellable_owner_coalesced_stream_closing_rejects_without_spawn_or_mapping ... ok
test runtime::controller::effects::tests::application_ordered_and_latest_stream_mappers_are_eager_before_reducers ... ok
test runtime::controller::effects::tests::cancellable_owner_coalesced_stream_mapper_cancellation_fences_final_mapper_and_reducer ... ok
test runtime::controller::effects::tests::cancellable_owner_coalesced_stream_keeps_newest_event_and_final_once ... ok
test runtime::controller::effects::tests::bounded_admission_refuses_more_than_ingress_capacity ... ok
test runtime::controller::effects::tests::cancellable_owner_coalesced_stream_owner_retirement_fences_queued_final ... ok
test runtime::controller::effects::tests::cancellable_owner_coalesced_stream_owner_retirement_before_work_fences_work_and_mapping ... ok
test runtime::controller::effects::tests::cancellable_owner_coalesced_stream_maps_separate_events_when_ui_drains_between_emissions ... ok
test runtime::controller::effects::tests::cancellable_owner_coalesced_stream_reducer_cancellation_fences_final_mapper_and_reducer ... ok
test runtime::controller::effects::tests::cancellable_owner_coalesced_stream_rejects_same_update_removal ... ok
test runtime::controller::effects::tests::cancellable_owner_coalesced_stream_token_before_work_fences_work_and_mapping ... ok
test runtime::controller::effects::tests::cancellable_owner_latest_one_shot_preserves_ticket_and_token_fence ... ok
test runtime::controller::effects::tests::cancellable_owner_latest_coalesced_stream_keeps_newest_event_and_final_once ... ok
test runtime::controller::effects::tests::cancellable_owner_coalesced_stream_rejects_when_worker_capacity_is_saturated ... ok
test runtime::controller::effects::tests::cancellable_owner_one_shot_closing_rejects_without_spawn_or_mapping ... ok
test runtime::controller::effects::tests::cancellable_owner_latest_ordered_stream_preserves_fifo_and_final_once ... ok
test runtime::controller::effects::tests::cancellable_owner_one_shot_mapper_token_cancellation_fences_reduction_and_cleans_up ... ok
test runtime::controller::effects::tests::cancellable_owner_latest_rejects_same_update_removal_and_rolls_back ... ok
test runtime::controller::effects::tests::cancellable_owner_one_shot_owner_retirement_before_drain_skips_mapper_and_cleans_up ... ok
test runtime::controller::effects::tests::cancellable_owner_one_shot_maps_reduces_once_and_cleans_up ... ok
test runtime::controller::effects::tests::cancellable_owner_one_shot_owner_retirement_before_start_fences_work_and_mapping ... ok
test runtime::controller::effects::tests::cancellable_owner_one_shot_rejects_same_update_removal ... ok
test runtime::controller::effects::tests::cancellable_owner_one_shot_reducer_owner_retirement_fences_later_same_drain ... ok
test runtime::controller::effects::tests::cancellable_owner_one_shot_reducer_token_cancellation_fences_later_same_drain ... ok
test runtime::controller::effects::tests::cancellable_owner_coalesced_stream_rejects_invalid_owner_variants_without_fallback ... ok
test runtime::controller::effects::tests::cancellable_owner_one_shot_token_after_enqueue_before_drain_skips_mapper ... ok
test runtime::controller::effects::tests::cancellable_owner_one_shot_token_before_work_fences_work_and_mapping ... ok
test runtime::controller::effects::tests::cancellable_owner_ordered_stream_closing_rejects_without_spawn_or_mapping ... ok
test runtime::controller::effects::tests::cancellable_owner_ordered_stream_admission_preserves_fifo_and_final_once ... ok
test runtime::controller::effects::tests::cancellable_owner_ordered_stream_reducer_owner_retirement_fences_later_same_drain ... ok
test runtime::controller::effects::tests::cancellable_owner_ordered_stream_owner_retirement_fences_later_work_and_mapping ... ok
test runtime::controller::effects::tests::cancellable_owner_one_shot_rejects_when_worker_capacity_is_saturated ... ok
test runtime::controller::effects::tests::cancellable_owner_ordered_stream_reducer_token_cancellation_fences_later_same_drain ... ok
test runtime::controller::effects::tests::cancellable_owner_one_shot_rejects_invalid_owner_variants_without_fallback ... ok
test runtime::controller::effects::tests::cancellable_owner_ordered_stream_rejects_same_update_removal ... ok
test runtime::controller::effects::tests::cancellable_owner_ordered_stream_retirement_isolates_application_work ... ok
test runtime::controller::effects::tests::cancellable_owner_ordered_stream_token_before_work_fences_work_and_mapping ... ok
test runtime::controller::effects::tests::cancellable_owner_ordered_stream_token_after_first_event_fences_later_same_drain ... ok
test runtime::controller::effects::tests::cancellation_and_panic_remove_mapper_without_invocation ... ok
test runtime::controller::effects::tests::cancellation_after_terminal_enqueue_skips_mapper ... ok
test runtime::controller::effects::tests::completed_effect_invokes_and_drops_non_send_ui_mapper ... ok
test runtime::controller::effects::tests::completion_arriving_after_turn_snapshot_waits_for_next_turn ... ok
test runtime::controller::effects::tests::cancellable_owner_stream_token_and_owner_probes_are_or_composed ... ok
test runtime::controller::effects::tests::cancellable_owner_ordered_stream_rejects_invalid_owner_variants_without_fallback ... ok
test runtime::controller::effects::tests::cancellable_owner_ordered_stream_rejects_when_worker_capacity_is_saturated ... ok
test runtime::controller::effects::tests::discarded_latest_worker_command_rolls_back_and_releases_mapper_capture ... ok
test runtime::controller::effects::tests::declarative_origin_survives_worker_chain_and_vetoes_late_completion ... ok
test runtime::controller::effects::tests::controller_completion_budget_is_eight_during_active_drag ... ok
test runtime::controller::effects::tests::fenced_command_closes_pending_admission_receipt ... ok
test runtime::controller::effects::tests::declarative_retirement_closes_stream_releases_pending_and_isolates_origins ... ok
test runtime::controller::effects::tests::external_completion_shares_interactive_budget_and_retains_the_remainder ... ok
test runtime::controller::effects::tests::keyed_latest_worker_acceptance_fences_stale_event_and_final ... ok
test runtime::controller::effects::tests::keyed_latest_worker_host_rejection_restores_only_that_key ... ok
test runtime::controller::effects::tests::latest_and_owner_cancellation_probes_are_or_composed_for_work_context ... ok
test runtime::controller::effects::tests::latest_stream_coalesces_events_and_keeps_final_after_latest_event ... ok
test runtime::controller::effects::tests::latest_worker_acceptance_fences_predecessor_terminal_mapper ... ok
test runtime::controller::effects::tests::latest_worker_host_rejection_restores_predecessor_mapper_and_ticket ... ok
test runtime::controller::effects::tests::legacy_stream_final_mapper_is_eager_before_shutdown_reducer ... ok
test runtime::controller::effects::tests::ordered_stream_maps_events_and_final_on_ui_in_fifo_order ... ok
test runtime::controller::effects::tests::keyed_latest_worker_capacity_rejection_rolls_back_its_key ... ok
test runtime::controller::effects::tests::owner_coalesced_stream_event_closing_fences_later_same_drain_mapper ... ok
test runtime::controller::effects::tests::external_completion_shares_ordinary_budget_and_retains_the_remainder ... ok
test runtime::controller::effects::tests::latest_worker_capacity_rejection_rolls_back_idle_publication ... ok
test runtime::controller::effects::tests::owner_coalesced_stream_event_retirement_fences_queued_final_mapper_and_reducer ... ok
test runtime::controller::effects::tests::owner_coalesced_stream_keeps_newest_pending_event_and_final_once ... ok
test runtime::controller::effects::tests::owner_coalesced_stream_rejects_same_update_removal_before_registration ... ok
test runtime::controller::effects::tests::owner_coalesced_stream_maps_separate_events_when_ui_drains_between_emissions ... ok
test runtime::controller::effects::tests::owner_coalesced_stream_rejects_invalid_surface_owner_variants ... ok
test runtime::controller::effects::tests::ordered_stream_pressure_drops_events_but_preserves_accepted_order_and_final ... ok
test runtime::controller::effects::tests::owner_coalesced_stream_retirement_after_delivered_event_suppresses_later_event_and_final ... ok
test runtime::controller::effects::tests::owner_coalesced_stream_retains_queued_messages_across_compatible_reorder ... ok
test runtime::controller::effects::tests::owner_coalesced_stream_retirement_suppresses_queued_event_and_final ... ok
test runtime::controller::effects::tests::owner_coalesced_stream_same_owner_queued_before_drain_fences_later_mappers_and_reducers ... ok
test runtime::controller::effects::tests::owner_coalesced_stream_rejects_when_worker_capacity_is_saturated ... ok
test runtime::controller::effects::tests::owner_keyed_latest_closing_veto_closes_receipt_and_rolls_back ... ok
test runtime::controller::effects::tests::owner_keyed_latest_coalesced_stream_closing_veto_closes_receipt_and_rolls_back ... ok
test runtime::controller::effects::tests::owner_keyed_latest_admission_accepts_and_maps_one_exact_completion ... ok
test runtime::controller::effects::tests::owner_keyed_latest_coalesced_stream_rejects_same_update_removal_and_rolls_back ... ok
test runtime::controller::effects::tests::owner_keyed_latest_coalesced_stream_rejects_stale_owner_without_fallback ... ok
test runtime::controller::effects::tests::owner_keyed_latest_coalesced_stream_keeps_newest_event_and_final_once ... ok
test runtime::controller::effects::tests::owner_keyed_latest_coalesced_stream_event_supersession_fences_final_same_drain ... ok
test runtime::controller::effects::tests::owner_keyed_latest_coalesced_stream_retirement_cancels_worker_before_work_runs ... ok
test runtime::controller::effects::tests::owner_keyed_latest_capacity_rejection_restores_predecessor_without_fallback ... ok
test runtime::controller::effects::tests::owner_keyed_latest_coalesced_stream_retirement_suppresses_queued_event_and_final ... ok
test runtime::controller::effects::tests::owner_keyed_latest_coalesced_stream_supersession_fences_late_event_and_final ... ok
test runtime::controller::effects::tests::owner_keyed_latest_host_rejection_restores_only_the_affected_predecessor ... ok
test runtime::controller::effects::tests::owner_keyed_latest_coalesced_stream_capacity_rejection_restores_predecessor ... ok
test runtime::controller::effects::tests::owner_keyed_latest_ordered_stream_closing_veto_closes_receipt_and_rolls_back ... ok
test runtime::controller::effects::tests::owner_keyed_latest_ordered_stream_admission_preserves_fifo_key_ticket_sibling_and_reorder ... ok
test runtime::controller::effects::tests::owner_keyed_latest_ordered_stream_rejects_same_update_removal_and_rolls_back ... ok
test runtime::controller::effects::tests::owner_keyed_latest_ordered_stream_incompatible_reinsertion_fences_old_generation ... ok
test runtime::controller::effects::tests::owner_keyed_latest_coalesced_stream_vetoes_without_fallback_and_rolls_back_only_affected_key ... ok
test runtime::controller::effects::tests::owner_keyed_latest_ordered_stream_rejects_stale_owner_generation_without_fallback ... ok
test runtime::controller::effects::tests::owner_keyed_latest_ordered_stream_retirement_suppresses_queued_events_final_and_reducer ... ok
test runtime::controller::effects::tests::owner_keyed_latest_ordered_stream_capacity_rejection_restores_predecessor_without_fallback ... ok
test runtime::controller::effects::tests::owner_keyed_latest_ordered_stream_supersession_fences_events_final_and_reducer ... ok
test runtime::controller::effects::tests::owner_keyed_latest_ordered_stream_retirement_cancels_worker_and_fences_late_event_final ... ok
test runtime::controller::effects::tests::owner_keyed_latest_rejects_same_update_removal_and_rolls_back ... ok
test runtime::controller::effects::tests::owner_keyed_latest_preserves_owner_generation_across_compatible_reorder ... ok
test runtime::controller::effects::tests::owner_keyed_latest_rejects_stale_owner_generation_without_fallback ... ok
test runtime::controller::effects::tests::owner_keyed_latest_ordered_stream_vetoes_without_fallback_and_rolls_back_only_affected_key ... ok
test runtime::controller::effects::tests::owner_keyed_latest_rejects_invalid_removed_ambiguous_unkeyed_and_incompatible_handles ... ok
test runtime::controller::effects::tests::owner_keyed_latest_retirement_cancels_worker_and_fences_late_publication ... ok
test runtime::controller::effects::tests::owner_keyed_latest_supersession_fences_the_previous_keyed_ticket ... ok
test runtime::controller::effects::tests::owner_latest_coalesced_stream_keeps_newest_event_and_final_once ... ok
test runtime::controller::effects::tests::owner_latest_admission_accepts_and_maps_once ... ok
test runtime::controller::effects::tests::owner_keyed_latest_retirement_suppresses_queued_completion_and_mapper ... ok
test runtime::controller::effects::tests::owner_latest_coalesced_stream_rejects_same_update_removal_and_rolls_back ... ok
test runtime::controller::effects::tests::owner_latest_coalesced_stream_capacity_rejection_restores_predecessor ... ok
test runtime::controller::effects::tests::owner_latest_coalesced_stream_rejections_restore_predecessor_without_spawn_or_mapping ... ok
test runtime::controller::effects::tests::owner_latest_coalesced_stream_supersession_fences_late_event_and_final ... ok
test runtime::controller::effects::tests::owner_latest_host_rejection_rolls_back_without_retry_or_mapping ... ok
test runtime::controller::effects::tests::owner_latest_coalesced_stream_retirement_cancels_work_and_fences_final ... ok
test runtime::controller::effects::tests::owner_latest_coalesced_stream_maps_separate_events_when_ui_drains_between_emissions ... ok
test runtime::controller::effects::tests::owner_latest_ordered_stream_retirement_fences_late_events_and_final ... ok
test runtime::controller::effects::tests::owner_latest_ordered_stream_admission_preserves_fifo_and_exact_ticket ... ok
test runtime::controller::effects::tests::owner_latest_invalid_owner_rolls_back_without_spawn_or_mapping ... ok
test runtime::controller::effects::tests::owner_latest_ordered_stream_rejections_restore_predecessor_without_spawn_or_mapping ... ok
test runtime::controller::effects::tests::owner_latest_ordered_stream_capacity_rejection_restores_predecessor ... ok
test runtime::controller::effects::tests::owner_latest_ordered_stream_supersession_fences_late_events_and_final ... ok
test runtime::controller::effects::tests::owner_latest_public_execute_refreshes_before_removed_owner_resolution ... ok
test runtime::controller::effects::tests::owner_latest_retirement_suppresses_queued_completion_and_mapper ... ok
test runtime::controller::effects::tests::owner_latest_supersession_maps_only_the_current_ticket ... ok
test runtime::controller::effects::tests::owner_ordered_stream_retirement_suppresses_queued_events_final_and_mapper ... ok
test runtime::controller::effects::tests::owner_ordered_stream_mappers_remain_eager_before_reducers ... ok
test runtime::controller::effects::tests::owner_ordered_stream_admission_preserves_fifo_and_final_once ... ok
test runtime::controller::effects::tests::post_snapshot_terminal_burst_is_deferred_without_receiver_starvation ... ok
test runtime::controller::effects::tests::owner_stream_compatibility_constructor_remains_eager_before_reducers ... ok
test runtime::controller::effects::tests::owner_ordered_stream_rejects_invalid_removed_and_host_rejected_owners ... ok
test runtime::controller::effects::tests::owner_ordered_stream_retirement_cancels_context_and_rejects_later_emit ... ok
test runtime::controller::effects::tests::retiring_auxiliary_owner_keeps_siblings_and_releases_pending_once ... ok
test runtime::controller::effects::tests::resource_exclusive_worker_host_rejection_releases_only_that_reservation ... ok
test runtime::controller::effects::tests::same_key_reopen_rejects_old_generation_without_removing_new_replacement ... ok
test runtime::controller::effects::tests::shutdown_disconnects_old_ingress_before_new_admission ... ok
test runtime::controller::effects::tests::shutdown_invalidates_epoch_and_clears_registry ... ok
test runtime::controller::effects::tests::resource_latest_worker_acceptance_fences_stale_event_and_final ... ok
test runtime::controller::events::model::tests::key_release_metadata_constructor_preserves_payload ... ok
test runtime::controller::events::model::tests::public_pointer_capture_cancellation_constructor_is_unit_event ... ok
test runtime::controller::events::model::tests::public_keyboard_constructors_omit_sample_metadata ... ok
test runtime::controller::effects::tests::stale_generation_is_rejected_before_mapper_and_cleans_terminal ... ok
test runtime::controller::events::model::tests::public_pointer_move_constructor_omits_sample_metadata ... ok
test runtime::controller::effects::tests::stale_auxiliary_retirement_does_not_remove_new_same_key_timer ... ok
test runtime::controller::events::model::tests::public_scroll_constructor_omits_sample_metadata ... ok
test runtime::controller::effects::tests::repeated_host_rejections_do_not_consume_admission_capacity ... ok
test runtime::controller::effects::tests::resource_exclusive_worker_capacity_rejection_releases_only_that_reservation ... ok
test runtime::controller::events::tests::direct_text_edit_timestamp_survives_widget_dispatch ... ok
test runtime::controller::events::tests::embedded_keyboard_keeps_space_in_active_text_input ... ok
test runtime::controller::events::tests::embedded_keyboard_result_distinguishes_ignored_keys_and_host_shortcuts ... ok
test runtime::controller::events::tests::focused_key_competing_orphan_and_stale_samples_are_ignored_without_repaint ... ok
test runtime::controller::events::tests::focused_key_capture_preserves_continuation_metadata_and_bypasses_host ... ok
test runtime::controller::events::tests::focused_key_host_handled_initial_is_not_retried_or_captured ... ok
test runtime::controller::events::tests::key_release_event_without_focus_is_not_routed ... ok
test runtime::controller::events::tests::focused_key_owner_without_output_still_bypasses_host ... ok
test runtime::controller::events::tests::unhandled_metadata_page_repeat_delivers_without_acquiring_capture ... ok
test runtime::controller::events::tests::injected_keyboard_event_timestamp_survives_event_to_widget_dispatch ... ok
test runtime::controller::events::tests::container_keyboard_edits_preserve_native_timestamp ... ok
test runtime::controller::fresh_surface_preparation::tests::candidate_root_revision_exhaustion_vetoes_before_callbacks ... ok
test runtime::controller::fresh_surface_preparation::tests::checked_request_generation_exhaustion_fails_closed ... ok
test runtime::controller::fresh_surface_preparation::tests::allowed_vetoed_and_discarded_preparation_preserve_active_state ... ok
test runtime::controller::fresh_surface_preparation::tests::classifier_vetoes_root_topology_incompatible_duplicate_opaque_and_revision_evidence ... ok
test runtime::controller::fresh_surface_preparation::tests::complete_geometry_evidence_is_allowed_without_active_mutation ... ok
test runtime::controller::fresh_surface_preparation::tests::co_origin_and_active_path_order_root_source_and_virtual_guards_veto ... ok
test runtime::controller::automation_compositor::tests::aggregate_budget_and_hard_cap_are_deterministic ... ok
test runtime::controller::fresh_surface_preparation::tests::paint_candidate_currentness_rejects_runtime_context_change_without_active_mutation ... ok
test runtime::controller::fresh_surface_preparation::tests::positive_ordinary_preparation_is_candidate_owned_and_bridge_free ... ok
test runtime::controller::fresh_surface_preparation::tests::lifecycle_runtime_identity_scope_viewport_and_environment_veto ... ok
test runtime::controller::fresh_surface_preparation::tests::post_projection_context_revalidation_rejects_changed_inputs ... ok
test runtime::controller::fresh_surface_preparation::tests::production_refresh_and_direct_relayout_remain_separate_from_preparation ... ok
test runtime::controller::fresh_surface_preparation::tests::prepared_refresh_publishes_one_owned_plan_and_runtime_transaction ... ok
test runtime::controller::fresh_surface_preparation::tests::preparation_discards_stale_and_drop_without_replacement_callbacks ... ok
test runtime::controller::fresh_surface_preparation::tests::prepared_refresh_hold_and_discard_preserve_active_state ... ok
test runtime::controller::fresh_surface_preparation::tests::qualified_state_sync_changes_only_candidate_layout_and_state ... ok
test runtime::controller::fresh_surface_preparation::tests::retiring_widget_fixtures_have_no_callbacks_or_messages_on_prepare_discard_drop ... ok
test runtime::controller::fresh_surface_preparation::tests::repeated_candidate_prepare_discard_reuses_bounded_workspace ... ok
test runtime::controller::fresh_surface_preparation::tests::replacement_plan_veto_preserves_authority_before_callbacks ... ok
test runtime::controller::fresh_surface_preparation::tests::stale_candidate_paint_is_inert_without_callbacks_or_active_mutation ... ok
test runtime::controller::fresh_surface_preparation::tests::stale_request_and_active_generation_are_vetoed_without_bridge_calls ... ok
test runtime::controller::fresh_surface_preparation::tests::startup_application_source_preserves_explicit_none_and_overrides_conflicting_some ... ok
test runtime::controller::fresh_surface_preparation::tests::stale_or_vetoed_preparation_exposes_no_damage_candidate ... ok
test runtime::controller::hit_order::tests::dense_visible_hit_order_reuses_output_buffer ... ok
test runtime::controller::hit_order::tests::hit_order_index_replaces_order_and_clears_visible_cache ... ok
test runtime::controller::fresh_surface_preparation::tests::synchronized_successor_state_changes_candidate_paint_and_preserves_damage ... ok
test runtime::controller::fresh_surface_preparation::tests::unsupported_and_mixed_state_sync_veto_before_any_callback ... ok
test runtime::controller::hit_order::tests::hit_order_index_reuses_visible_rank_buffer_for_dense_layouts ... ok
test runtime::controller::hit_order::tests::hit_order_reserve_helper_treats_requested_capacity_as_target ... ok
test runtime::controller::hit_order::tests::hit_rank_presizes_reused_map_for_growth ... ok
test runtime::controller::hit_order::tests::hit_rank_reuses_output_map ... ok
test runtime::controller::hit_order::tests::sparse_visible_hit_order_preserves_traversal_order ... ok
test runtime::controller::hit_order::tests::visible_after_returns_only_higher_visible_nodes ... ok
test runtime::controller::hit_order::tests::hit_order_index_reuses_ranked_visible_scratch_for_sparse_layouts ... ok
test runtime::controller::hit_order::tests::visible_hit_order_grows_reused_output_buffer_to_visible_capacity ... ok
test runtime::controller::hit_order::tests::visible_hit_order_presizes_empty_output_buffer ... ok
test runtime::controller::fresh_surface_preparation::tests::unsupported_runtime_paint_context_vetoes_before_any_candidate_callback ... ok
test runtime::controller::interaction_patch::tests::changed_candidate_environment_and_conflicting_sampled_some_use_full_fallback ... ok
test runtime::controller::interaction_patch::tests::duplicate_ids_and_dirty_layout_use_full_fallback ... ok
test runtime::controller::interaction_patch::tests::direct_exact_refresh_synchronizes_stateful_focus_without_replaying_projection ... ok
test runtime::controller::interaction_patch::tests::exact_and_forced_full_refreshes_have_equivalent_surface_and_layout ... ok
test runtime::controller::interaction_patch::tests::bounded_admission_falls_back_for_overlapping_geometry_paint_state_and_mapper_changes ... ok
test runtime::controller::interaction_patch::tests::exact_environment_admission_preserves_none_and_unchanged_some_fast_paths ... ok
test runtime::controller::interaction_patch::tests::exact_interaction_leaf_swaps_without_projection_or_layout ... ok
test runtime::controller::interaction_patch::tests::invalid_leaf_path_uses_the_same_candidate_for_full_fallback ... ok
test runtime::controller::interaction_patch::tests::held_predecessor_evidence_drift_vetoes_before_authority_or_replacement ... ok
test gui_runtime::native_vello::generic_runtime::tests::runtime_core::generic_core_reuses_cached_base_paint_plan_for_exact_3k_cohort ... ok
test runtime::controller::interaction_patch::tests::native_preparation_retains_the_interaction_variant_before_layout ... ok
test runtime::controller::interaction_patch::tests::native_preparation_synchronizes_a_qualified_changed_stateful_leaf ... ok
test runtime::controller::interaction_patch::tests::late_preflight_unsupported_second_leaf_has_no_first_sync_or_replacement ... ok
test runtime::controller::interaction_patch::tests::provider_authority_drift_vetoes_native_interaction_publication ... ok
test runtime::controller::interaction_patch::tests::predecessor_evidence_drift_during_sync_vetoes_every_exact_publication ... ok
test runtime::controller::interaction_patch::tests::floating_layer_contract_mutations_match_forced_full_geometry_paint_and_hit_targets ... ok
test runtime::controller::interaction_patch::tests::prepared_stateful_preflight_support_matrix_falls_back_before_callbacks ... ok
test runtime::controller::interaction_patch::tests::retained_ancestor_offset_callback_forces_full_refresh ... ok
test runtime::controller::interaction_patch::tests::sampled_application_environment_change_prepares_the_full_variant ... ok
test runtime::controller::interaction_patch::tests::sampled_application_environment_changes_match_forced_full_twins ... ok
test runtime::controller::interaction_patch::tests::stateful_edit_fixture_syncs_edit_and_gesture_state_with_ordered_hooks ... ok
test runtime::controller::interaction_patch::tests::source_owner_and_overlay_topology_mutations_match_forced_full_projection ... ok
test runtime::controller::interaction_patch::tests::stateful_sync_live_revision_drift_is_terminal_without_replay_or_publication ... ok
test runtime::controller::interaction_patch::tests::stateful_replacement_uses_the_old_mapper_once_before_deferred_delivery ... ok
test runtime::controller::interaction_patch::tests::stateful_sync_predecessor_live_revision_drift_is_terminal_without_publication ... ok
test runtime::controller::interaction_patch::tests::stateful_sync_live_support_and_membership_drift_is_terminal_without_publication ... ok
test runtime::controller::interaction_patch::tests::stateful_sync_shared_keyed_source_drift_is_terminal_without_replay_or_publication ... ok
test runtime::controller::interaction_patch::tests::stateful_edit_exact_and_forced_full_twins_preserve_edit_owner_payloads ... ok
test runtime::controller::layout_state::tests::candidate_source_reads_fresh_state_with_candidate_mount_generation ... ok
test runtime::controller::interaction_patch::tests::unchanged_stateful_sibling_keeps_identity_and_focus_during_exact_refresh ... ok
test runtime::controller::layout_state::tests::candidate_source_reads_replacement_state_instead_of_retiring_generation ... ok
test runtime::controller::layout_state::tests::candidate_source_reads_retained_state_with_accepted_mount_generation ... ok
test runtime::controller::layout_state::tests::capacity_denial_does_not_allocate_a_mount_token_or_initialize ... ok
test runtime::controller::layout_state::tests::changed_schema_replaces_and_unmounted_state_drops ... ok
test runtime::controller::layout_state::tests::compatible_candidate_retains_exact_token_and_accepted_value ... ok
test runtime::controller::layout_state::tests::duplicate_declaration_creates_one_mount_token ... ok
test runtime::controller::layout_state::tests::disjoint_replacement_refills_all_slots_and_bounds_a_true_extra_declaration ... ok
test runtime::controller::interaction_patch::tests::wide_and_deep_exact_refreshes_do_not_visit_unchanged_widget_hooks ... ok
test runtime::controller::layout_state::tests::generation_exhaustion_is_bounded_without_token_or_initializer ... ok
test runtime::controller::layout_state::tests::foreign_mount_token_cannot_resolve_in_the_current_store ... ok
test runtime::controller::layout_state::tests::matching_identity_reuses_a_non_send_slot ... ok
test runtime::controller::layout_state::tests::prepare_without_commit_preserves_accepted_state_and_drops_staged_values ... ok
test runtime::controller::layout_state::tests::replacement_and_unmount_drop_values_only_at_commit_once ... ok
test runtime::controller::layout_state::tests::split_runtime_policy_changes_reset_bounded_restore_authority ... ok
test runtime::controller::layout_state::tests::prepared_capacity_and_generation_denials_fail_closed ... ok
test runtime::controller::layout_state::tests::stale_mount_token_cannot_resolve_after_unmount ... ok
test runtime::controller::layout_state::tests::split_runtime_state_seeds_once_and_accepts_only_newer_controlled_generations ... ok
test runtime::controller::layout_state::tests::split_runtime_candidate_is_atomic_and_fail_closed_for_wrong_capacity_and_mount_paths ... ok
test runtime::controller::layout_state::tests::unmount_and_reinsert_gets_a_fresh_mount_token ... ok
test runtime::controller::owner::tests::admission_requires_owner_key_generation_and_live_policy ... ok
test runtime::controller::platform::tests::atomic_frozen_batch_keeps_late_reservation_behind_older_overflow ... ok
test runtime::controller::platform::tests::auxiliary_retirement_releases_only_exact_generation_registrations ... ok
test runtime::controller::platform::tests::clear_fences_stale_delivery_and_releases_mapper ... ok
test runtime::controller::platform::tests::frozen_batch_excludes_arrivals_after_turn_snapshot ... ok
test runtime::controller::platform::tests::legacy_platform_request_forwards_host_result_to_mapper ... ok
test runtime::controller::platform::tests::declarative_origin_maps_live_and_vetoes_late_platform_result ... ok
test runtime::controller::platform::tests::malformed_success_is_dropped_before_platform_mapper ... ok
test runtime::controller::platform::tests::mapper_runs_once_and_duplicate_delivery_is_ignored ... ok
test runtime::controller::platform::tests::retired_origin_late_duplicate_discarded_and_overflow_deliveries_are_inert ... ok
test runtime::controller::platform::tests::saturated_overflow_releases_rejected_mapper ... ok
test runtime::controller::platform::tests::declarative_retirement_drops_only_matching_completion_mappers ... ok
test runtime::controller::pointer::tests::cancel_pointer_capture_clears_captured_pressed_widget_state ... ok
test runtime::controller::pointer::tests::blocked_pointer_press_does_not_mutate_incumbent_focus_capture_or_target ... ok
test runtime::controller::pointer::tests::bookmark_restoration_respects_current_focus_loss_veto ... ok
test runtime::controller::pointer::tests::cancel_pointer_capture_does_not_dispatch_focus_loss_output ... ok
test runtime::controller::pointer::tests::cancel_pointer_capture_delivers_slider_cancel_before_clearing_capture ... ok
test runtime::controller::pointer::tests::captured_slider_ignores_keyboard_edits_until_pointer_release ... ok
test runtime::controller::pointer::tests::captured_layout_release_clears_capture_before_refreshing_message ... ok
test runtime::controller::pointer::tests::captured_container_removal_cancels_before_dropping_old_state_once ... ok
test runtime::controller::pointer::tests::changed_state_schema_and_concrete_type_replace_once_with_bounded_evidence ... ok
test runtime::controller::pointer::tests::clear_focus_delivers_slider_cancel_without_committing_the_pointer_edit ... ok
test runtime::controller::pointer::tests::clear_focus_veto_retains_owner_without_focus_events ... ok
test runtime::controller::pointer::tests::clear_pointer_hover_clears_runtime_owner_and_retained_widget_state ... ok
test runtime::controller::pointer::tests::default_focus_loss_decision_allows_existing_widget_contracts ... ok
test runtime::controller::pointer::tests::explicit_traversal_reports_runtime_owned_separator_as_admitted ... ok
test runtime::controller::pointer::tests::exact_current_runtime_owned_separator_admits_one_private_owner ... ok
test runtime::controller::pointer::tests::focus_loss_veto_retains_owner_without_focus_events_or_host_output ... ok
test runtime::controller::pointer::tests::focus_loss_allow_commits_owner_before_focus_loss_output_reprojection ... ok
test runtime::controller::pointer::tests::failed_domain_slider_release_keeps_capture_cleanup_and_does_not_reopen_on_move ... ok
test runtime::controller::pointer::tests::focused_ratio_action_applies_each_axis_and_keeps_noop_work_free ... ok
test runtime::controller::pointer::tests::focused_ratio_action_authority_rejects_unrelated_exact_revisions ... ok
test runtime::controller::pointer::tests::focused_ratio_action_invalidates_changed_revision_without_side_effects ... ok
test runtime::controller::pointer::tests::focused_ratio_action_reports_no_destination_and_vetoes_rejected_paths ... ok
test runtime::controller::pointer::tests::focused_ratio_action_invalidates_stale_duplicates_and_does_not_select_nested_successor ... ok
test runtime::controller::pointer::tests::focused_ratio_action_revalidates_after_reentrant_remove_and_replacement_once ... ok
test runtime::controller::pointer::tests::fresh_layout_release_cannot_start_a_new_capture ... ok
test runtime::controller::pointer::tests::foreign_state_declarations_cannot_alias_or_retain_two_mounted_containers ... ok
test runtime::controller::pointer::tests::internal_pointer_move_metadata_survives_event_to_widget_dispatch ... ok
test runtime::controller::pointer::tests::internal_modifier_timestamp_survives_event_to_widget_dispatch ... ok
test runtime::controller::pointer::tests::invalid_focus_targets_do_not_prepare_a_vetoing_owner ... ok
test runtime::controller::pointer::tests::internal_scroll_metadata_survives_event_to_widget_dispatch ... ok
test runtime::controller::pointer::tests::layout_capture_is_exclusive_and_delivers_metadata_outside_bounds_without_refresh ... ok
test runtime::controller::pointer::tests::layout_capture_rebinds_only_on_exact_revision_and_cancels_once_otherwise ... ok
test runtime::controller::pointer::tests::layout_input_is_offered_before_widget_and_unhandled_input_falls_back ... ok
test runtime::controller::pointer::tests::legacy_capture_ignores_mismatched_release_and_retains_capture ... ok
test runtime::controller::pointer::tests::legacy_double_click_admission_clears_matching_release_tombstone ... ok
test runtime::controller::pointer::tests::legacy_pointer_cancellation_tombstones_matching_late_release ... ok
test runtime::controller::pointer::tests::legacy_capture_ignores_secondary_press_or_double_click_and_routes_primary_release_to_incumbent ... ok
test runtime::controller::pointer::tests::lifecycle_stale_cleanup_tombstones_legacy_capture_button ... ok
test runtime::controller::pointer::tests::managed_double_click_fallback_preflights_exact_press_metadata_and_blocked_fallback_is_inert ... ok
test runtime::controller::pointer::tests::managed_pointer_authority_loss_orphans_release_without_freezing_future_motion_or_press ... ok
test runtime::controller::pointer::tests::managed_pointer_cancellation_is_once_and_focus_veto_preserves_authority ... ok
test runtime::controller::pointer::tests::managed_pointer_capture_reserves_until_press_establishes_retention ... ok
test runtime::controller::pointer::tests::managed_pointer_capture_routes_exact_button_owner_for_move_modifiers_and_release ... ok
test runtime::controller::interaction_patch::tests::late_sync_panic_on_second_leaf_is_terminal_without_partial_publication ... ok
test runtime::controller::fresh_surface_preparation::tests::first_and_mid_batch_panics_stop_later_callbacks_and_preserve_active_state ... ok
test runtime::controller::pointer::tests::managed_pointer_press_admission_captures_before_no_output_and_output_refresh ... ok
test runtime::controller::pointer::tests::lifecycle_stale_cleanup_tombstones_scrollbar_capture_button ... ok
test runtime::controller::pointer::tests::managed_pointer_refresh_preserves_only_live_compatible_same_id ... ok
test runtime::controller::pointer::tests::orphaned_primary_does_not_suppress_secondary_legacy_release ... ok
test runtime::controller::pointer::tests::nested_separator_pointer_transfer_moves_private_owner_to_exact_inner_target ... ok
test runtime::controller::pointer::tests::numeric_legacy_pointer_capture_cancellation_preserves_text_edit_focus_and_output ... ok
test runtime::controller::pointer::tests::pointer_events_feed_latest_position_to_update_snapshot ... ok
test runtime::controller::pointer::tests::pointer_hover_transition_clears_retained_hover_from_non_owner_widgets ... ok
test runtime::controller::pointer::tests::pointer_focus_veto_unwinds_press_and_double_click_capture_without_target_input ... ok
test runtime::controller::pointer::tests::managed_capture_precedes_scrollbar_press_and_double_click ... ok
test runtime::controller::pointer::tests::pointer_press_on_non_focusable_hit_target_clears_existing_focus ... ok
test runtime::controller::pointer::tests::pointer_non_focusable_hit_with_veto_retains_focus_and_unwinds_capture ... ok
test runtime::controller::pointer::tests::prepared_discarded_and_stale_refresh_candidates_cannot_mutate_separator_focus ... ok
test runtime::controller::interaction_patch::tests::stateful_sync_panic_is_terminal_without_replay_or_partial_publish ... ok
test runtime::controller::pointer::tests::ratio_action_geometry_covers_minima_quantization_zero_extent_and_collapse ... ok
test runtime::controller::pointer::tests::pointer_move_fanout_preserves_one_sample_metadata_for_hover_capture_and_pass_through ... ok
test runtime::controller::pointer::tests::projection_only_version_two_remains_query_only_for_pointer_routing ... ok
test runtime::controller::pointer::tests::pointer_press_skips_stacked_widgets_that_reject_press_input ... ok
test runtime::controller::pointer::tests::qualified_focus_transfer_preserves_veto_and_reports_reprojection_without_retry ... ok
test runtime::controller::pointer::tests::refresh_clears_retained_hover_from_non_owner_widgets ... ok
test runtime::controller::pointer::tests::removed_focused_widget_cannot_veto_forced_cleanup ... ok
test runtime::controller::pointer::tests::refresh_retirement_tombstones_legacy_capture_button ... ok
test runtime::controller::pointer::tests::runtime_owned_nested_split_collapse_keeps_inner_authority_independent ... ok
test runtime::controller::pointer::tests::primary_separator_press_allows_transfer_before_layout_capture_and_keeps_public_focus_widget_only ... ok
test runtime::controller::pointer::tests::runtime_owned_nested_splits_project_independent_separators ... ok
test runtime::controller::pointer::tests::runtime_owned_split_capture_cancellation_rolls_back_once_and_delayed_release_is_inert ... ok
test runtime::controller::pointer::tests::runtime_owned_split_double_activation_is_inert_during_active_drag ... ok
test runtime::controller::pointer::tests::runtime_owned_split_drag_reprojects_without_application_projection_and_commits ... ok
test runtime::controller::pointer::tests::runtime_owned_split_capture_keeps_original_mapper_and_geometry_across_refresh ... ok
test runtime::controller::pointer::tests::runtime_owned_split_capture_cancels_on_mode_and_container_geometry_changes ... ok
test runtime::controller::pointer::tests::runtime_owned_split_collapse_restores_latest_horizontal_drag_ratio ... ok
test runtime::controller::pointer::tests::runtime_owned_split_same_identity_refresh_preserves_mounted_ratio ... ok
test runtime::controller::pointer::tests::runtime_owned_split_settled_output_emits_once_for_meaningful_commit_and_silences_noop ... ok
test runtime::controller::pointer::tests::runtime_owned_split_settled_output_is_silent_for_static_and_controlled_modes ... ok
test runtime::controller::pointer::tests::runtime_owned_vertical_split_drag_reprojects_and_commits_outside_bounds ... ok
test runtime::controller::pointer::tests::runtime_owned_split_settled_output_is_silent_for_cancellation_loss_and_unmount ... ok
test runtime::controller::pointer::tests::runtime_owned_split_projects_only_one_positive_clipped_divider_target ... ok
test runtime::controller::pointer::tests::runtime_owned_undersized_split_collapse_is_fail_closed_for_each_axis_and_policy ... ok
test runtime::controller::pointer::tests::same_state_type_and_schema_stay_independent_for_distinct_containers ... ok
test runtime::controller::pointer::tests::runtime_owned_vertical_split_second_pane_collapse_restores_seed_ratio ... ok
test runtime::controller::pointer::tests::runtime_owned_split_repeated_effective_moves_keep_one_bounded_capture ... ok
test runtime::controller::pointer::tests::scoped_prepared_surface_keeps_separator_order_and_boundary_policy ... ok
test runtime::controller::fresh_surface_preparation::tests::candidate_paint_panics_stop_later_callbacks_and_drop_partial_state_once ... ok
test application::view_node::components::tests::node_budget_does_not_retain_oversized_components ... ok
test runtime::controller::pointer::tests::semantic_press_preserves_incumbent_veto_and_reprojection_without_activation ... ok
test runtime::controller::pointer::tests::semantic_text_rejects_disabled_read_only_composition_and_capture_before_focus ... ok
test runtime::controller::pointer::tests::separator_bookmarks_restore_current_mount_but_cannot_alias_remounts ... ok
test runtime::controller::pointer::tests::separator_focus_allow_routes_widget_loss_once_before_private_ownership ... ok
test runtime::controller::pointer::tests::separator_focus_retains_compatible_ratio_geometry_viewport_and_collapse_lifecycle ... ok
test runtime::controller::pointer::tests::separator_focus_rejects_malformed_stale_and_non_runtime_candidates_without_veto ... ok
test runtime::controller::pointer::tests::separator_focus_veto_preserves_widget_and_split_runtime_state ... ok
test runtime::controller::pointer::tests::separator_focus_retires_on_mount_mode_policy_projection_and_lifecycle_boundaries ... ok
test runtime::controller::pointer::tests::separator_pointer_admission_leaves_secondary_and_non_runtime_fallback_unchanged ... ok
test runtime::controller::pointer::tests::separator_pointer_double_click_claims_no_action_without_widget_fallthrough ... ok
test runtime::controller::pointer::tests::separator_pointer_focus_loss_command_preserves_independent_widget_owner ... ok
test runtime::controller::pointer::tests::separator_pointer_double_click_focus_loss_command_preserves_actionable_split ... ok
test runtime::controller::pointer::tests::separator_pointer_focus_loss_initial_ratio_reprojection_clears_refreshed_candidate_without_fallback ... ok
test runtime::controller::pointer::tests::separator_pointer_focus_loss_reprojection_consumes_invalidated_candidate ... ok
test runtime::controller::pointer::tests::separator_pointer_focus_veto_blocks_primary_and_double_click_without_mutation ... ok
test runtime::controller::pointer::tests::separator_pointer_focus_loss_geometry_reprojection_clears_candidate_without_fallback ... ok
test runtime::controller::pointer::tests::scrollbar_capture_ignores_mismatched_release_and_routes_normally ... ok
test runtime::controller::pointer::tests::sequential_focus_traversal_places_nested_separators_between_pane_subtrees ... ok
test runtime::controller::pointer::tests::sequential_focus_traversal_does_not_retry_an_invalidated_separator ... ok
test runtime::controller::pointer::tests::sequential_focus_traversal_falls_back_after_invalid_evidence_and_lifecycle_change ... ok
test runtime::controller::pointer::tests::scrollbar_capture_cancellation_tombstones_only_the_initiating_button ... ok
test runtime::controller::pointer::tests::sequential_focus_traversal_preserves_independent_owner_after_separator_reprojection ... ok
test runtime::controller::pointer::tests::sequential_focus_traversal_preserves_widget_veto_and_commit_before_callback_order ... ok
test runtime::controller::pointer::tests::scrollbar_double_click_focus_veto_prevents_capture_and_scroll ... ok
test runtime::controller::pointer::tests::sequential_focus_traversal_uses_flat_separator_stop_and_widget_only_wrap ... ok
test runtime::controller::pointer::tests::sequential_focus_traversal_wraps_a_single_private_separator_stop ... ok
test runtime::controller::pointer::tests::scrollbar_press_focus_veto_prevents_capture_and_scroll ... ok
test runtime::controller::pointer::tests::sequential_focus_traversal_uses_empty_and_non_runtime_widget_only_fallbacks ... ok
test runtime::controller::pointer::tests::stateful_v4_layout_state_reuses_non_send_state_across_input_and_reprojection ... ok
test runtime::controller::pointer::tests::sequential_focus_traversal_reports_veto_as_terminal_disposition ... ok
test runtime::controller::pointer::tests::state_identity_and_contract_changes_cancel_captured_old_binding ... ok
test runtime::controller::pointer::tests::synthetic_double_click_fallback_preserves_timestamp_on_pointer_press ... ok
test runtime::controller::pointer::tests::stateless_v4_and_legacy_v3_interactions_do_not_allocate_state ... ok
test runtime::controller::pointer::tests::synthetic_double_click_preserves_timestamp_through_widget_dispatch ... ok
test runtime::controller::pointer_ingress::production_route_tests::production_capacity_is_sixteen_and_terminal_frees_the_slot ... ok
test runtime::controller::pointer_ingress::production_route_tests::production_cancel_is_one_typed_terminal_delivery ... ok
test runtime::controller::pointer_ingress::production_route_tests::production_hit_miss_does_not_issue_token_or_record ... ok
test runtime::controller::pointer_ingress::production_route_tests::production_explicit_old_native_token_cannot_follow_contact_reuse ... ok
test runtime::controller::pointer_ingress::production_route_tests::production_canvas_pointer_route_delivers_exact_phases_and_token_evidence ... ok
test runtime::controller::pointer_ingress::production_route_tests::production_competing_button_and_wrong_release_preserve_winner ... ok
test runtime::controller::pointer_ingress::production_route_tests::production_hover_is_tokenless_and_unregistered ... ok
test runtime::controller::pointer_ingress::production_route_tests::production_gpu_pointer_mapper_delivers_exact_phases_once ... ok
test runtime::controller::pointer_ingress::production_route_tests::production_nonmouse_phases_are_isolated_alone_and_during_canvas_capture ... ok
test runtime::controller::pointer_ingress::production_route_tests::production_legacy_canvas_press_and_release_use_one_existing_input_route ... ok
test runtime::controller::pointer_ingress::production_route_tests::production_nonmouse_phases_are_isolated_during_gpu_capture ... ok
test runtime::controller::pointer_ingress::production_route_tests::production_refresh_cancels_through_old_pointer_mapper_before_replacement ... ok
test runtime::controller::pointer_ingress::production_route_tests::production_refresh_entrypoint_preserves_compatible_legacy_owner ... ok
test runtime::controller::pointer_ingress::production_route_tests::production_refresh_entrypoint_preserves_compatible_managed_owner ... ok
test runtime::controller::pointer_ingress::production_route_tests::production_stale_continuation_after_terminal_has_no_callback ... ok
test runtime::controller::pointer_ingress::production_route_tests::public_admission_returns_opaque_token_for_explicit_continuation ... ok
test runtime::controller::pointer_ingress::production_route_tests::production_refresh_entrypoint_uses_old_mapper_for_incompatible_successor ... ok
test runtime::controller::pointer_ingress::production_route_tests::production_stop_cancels_mouse_once_regardless_of_unsupported_record_order ... ok
test runtime::controller::prepared_layout::tests::candidate_matches_direct_output_and_direct_layout_starts_without_workspace ... ok
test runtime::controller::prepared_layout::tests::candidate_layout_reads_staged_mounted_state_without_active_commit ... ok
test runtime::controller::prepared_layout::tests::lifecycle_veto_does_not_mutate_active_publication_state ... ok
test runtime::controller::prepared_layout::tests::environment_and_engine_dirty_vetoes_preserve_active_publication_state ... ok
test runtime::controller::prepared_layout::tests::candidate_workspace_contention_falls_back_without_partial_authority ... ok
test runtime::controller::prepared_layout::tests::candidate_invalidates_for_viewport_debug_state_and_root_changes ... ok
test runtime::controller::pointer::tests::scrollbar_capture_ignores_secondary_press_or_double_click_and_keeps_primary_release_terminal ... ok
test runtime::controller::prepared_layout::tests::publication_matches_direct_dirty_debug_layout ... ok
test runtime::controller::prepared_layout::tests::root_traversal_mismatch_vetoes_before_preparation ... ok
test runtime::controller::prepared_layout::tests::mounted_source_and_intervening_refresh_vetoes_preserve_active_state ... ok
test runtime::controller::prepared_layout::tests::publication_commits_split_layout_traversal_separators_and_completed_context_once ... ok
test runtime::controller::prepared_layout::tests::publication_preserves_all_traversal_orders_after_visibility_refresh ... ok
test runtime::controller::prepared_layout::tests::publication_matches_direct_scroll_clamp_and_completed_state ... ok
test runtime::controller::refresh::tests::exact_changed_leaf_records_unsupported_attempt_and_uses_full_path ... ok
test runtime::controller::refresh::tests::exact_unchanged_candidate_records_applied_attempt_without_node_reuse ... ok
test runtime::controller::refresh::tests::compatible_reprojection_preserves_state_without_terminal_output ... ok
test runtime::controller::refresh::tests::exact_surface_and_projection_refreshes_reuse_completed_layout ... ok
test runtime::controller::refresh::tests::completed_layout_context_changes_veto_reuse ... ok
test runtime::controller::refresh::tests::fresh_surface_refresh_records_bounded_view_delta_summary ... ok
test runtime::controller::refresh::tests::incompatible_replacement_discards_controller_ownership_and_reports_identity ... ok
test runtime::controller::refresh::tests::insufficient_view_delta_scratch_records_structural_fallback ... ok
test runtime::controller::pointer::tests::widget_capture_precedes_fresh_layout_and_scrollbar_capture_precedes_layout ... ok
test runtime::controller::refresh::tests::focused_key_capture_survives_only_exact_compatible_reprojection ... ok
test runtime::controller::refresh::tests::layout_structural_evidence_promotes_to_surface ... ok
test runtime::controller::refresh::tests::focused_key_capture_stales_on_removal_incompatible_replacement_and_authority_loss ... ok
test runtime::controller::refresh::tests::layout_targets_project_all_regions_in_traversal_order_and_first_duplicate_wins ... ok
test runtime::controller::refresh::tests::invalidated_same_id_compatibility_discards_all_controller_ownership ... ok
test runtime::controller::refresh::tests::layout_capability_diagnostics_do_not_change_refresh_authority ... ok
test runtime::controller::refresh::tests::layout_target_query_is_observational_and_no_capability_keeps_widget_hit_testing ... ok
test runtime::controller::refresh::tests::layout_targets_respect_scroll_clips_and_unsupported_capabilities_are_ignored ... ok
test runtime::controller::refresh::tests::opaque_mapper_evidence_promotes_projection_to_surface ... ok
test runtime::controller::refresh::tests::knob_domain_disabled_reprojection_cancels_active_gesture_once ... ok
test runtime::controller::refresh::tests::knob_domain_read_only_reprojection_cancels_active_gesture_once ... ok
test runtime::controller::refresh::tests::numeric_refresh_maps_retiring_cancel_and_does_not_sync_successor_state ... ok
test runtime::controller::refresh::tests::layout_targets_reproject_on_full_viewport_and_reused_projection_paths ... ok
test runtime::controller::refresh::tests::paint_only_refresh_skips_view_delta_classification ... ok
test runtime::controller::refresh::tests::projection_geometry_evidence_promotes_to_layout ... ok
test runtime::controller::refresh::tests::projection_only_capability_version_two_remains_queryable ... ok
test runtime::controller::refresh::tests::numeric_refresh_mode_change_uses_only_retiring_mapper_in_both_directions ... ok
test runtime::controller::refresh::tests::projection_structural_evidence_promotes_to_surface ... ok
test runtime::controller::refresh::tests::projection_reidentification_preserves_retained_ownership_across_refreshes ... ok
test runtime::controller::refresh::tests::replacement_plan_creation_and_drop_is_inert ... ok
test runtime::controller::refresh::tests::replacement_commit_is_consuming_stable_and_uses_old_mappers_for_unmapped_output ... ok
test runtime::controller::refresh::tests::refresh_frame_records_bounded_surface_damage_candidates ... ok
test runtime::controller::refresh::tests::replacement_commit_passes_none_for_duplicate_or_ambiguous_evidence ... ok
test runtime::controller::refresh::tests::refresh_installs_successor_and_defers_terminal_reduction_until_returned_batch ... ok
test runtime::controller::refresh::tests::replacement_plan_veto_precedes_callbacks_and_immediate_fallback_retires_once ... ok
test runtime::controller::refresh::tests::requested_layout_always_recomputes_even_with_exact_evidence ... ok
test runtime::controller::refresh::tests::semantic_revision_evidence_promotes_projection_to_projection ... ok
test runtime::controller::refresh::tests::replacement_teardown_cancels_removed_and_incompatible_widgets_once ... ok
test runtime::controller::refresh::tests::teardown_messages_use_old_mapper_in_previous_order_and_unmapped_teardown_still_cleans ... ok
test runtime::controller::refresh::tests::successor_authority_loss_cancels_for_authority_disabled_and_read_only_changes ... ok
test runtime::controller::refresh::tests::zero_view_delta_scratch_vetoes_exact_leaf_layout_reuse ... ok
test runtime::controller::refresh::tests::unchanged_projection_stays_narrow_and_surface_never_narrows ... ok
test runtime::controller::refresh::tests::terminal_messages_reduce_before_exit_focus_nested_or_external_work ... ok
test runtime::controller::refresh::scroll_retirement_tests::removed_or_replaced_scroll_edits_queue_old_mapper_terminal_after_surface_commit ... ok
test runtime::controller::resource_interest::tests::class_change_and_duplicate_admission_keep_one_runtime_lease ... ok
test runtime::controller::resource_interest::tests::discarded_admission_callback_releases_the_returned_interest ... ok
test runtime::controller::resource_interest::tests::dropped_command_never_admits_an_interest ... ok
test runtime::controller::resource_interest::tests::closing_runtime_retires_all_registered_interests ... ok
test runtime::controller::resource_interest::tests::retired_lease_cannot_retire_a_reinserted_owner_generation ... ok
test runtime::controller::scroll::scrollbar::tests::scrollbar_hit_column_rejects_points_far_from_right_edge ... ok
test runtime::controller::scroll::wheel::tests::all_explicit_phases_and_phase_less_samples_are_constructible ... ok
test runtime::controller::resource_interest::tests::retired_owner_releases_only_its_shared_interest ... ok
test runtime::controller::scroll::wheel::tests::exact_sample_preserves_units_phase_and_scroll_metadata ... ok
test runtime::controller::resource_interest::tests::unavailable_owner_does_not_bind_or_leak_the_broker ... ok
test runtime::controller::scroll::wheel::tests::retained_no_output_is_distinct_from_unhandled_fallback ... ok
test runtime::controller::semantic_demand::tests::accepted_same_scope_live_changes_advance_registration_generation_and_overflow_retires ... ok
test runtime::controller::scroll::wheel::tests::invalid_non_started_samples_are_rejected_before_scroll_routing ... ok
test runtime::controller::semantic_demand::tests::cancelled_completion_after_membership_removal_is_inert ... ok
test runtime::controller::semantic_demand::tests::cancelled_range_completion_after_exact_retry_is_inert ... ok
test runtime::controller::semantic_demand::tests::cardinality_is_preserved_through_registration_and_exact_live_fences ... ok
test runtime::controller::semantic_demand::tests::incomplete_range_and_pin_do_not_publish_partial_state ... ok
test runtime::controller::semantic_demand::tests::complete_range_and_pin_commit_atomically_as_one_publication ... ok
test runtime::controller::semantic_demand::tests::initial_changed_retry_and_live_refresh_have_exact_generation_semantics ... ok
test runtime::controller::semantic_demand::tests::live_refresh_budget_veto_withholds_range_but_preserves_membership ... ok
test runtime::controller::scroll::wheel::tests::replacement_started_settles_a_before_old_deadline_and_keeps_b_pending ... ok
test runtime::controller::scroll::wheel::tests::container_edit_preserves_sample_evidence_and_disables_native_coalescing ... ok
test runtime::controller::semantic_demand::tests::live_refresh_rebuilds_pin_and_range_requests_from_current_authority ... ok
test runtime::controller::semantic_demand::tests::logical_only_and_unstable_inputs_are_rejected_before_provider ... ok
test runtime::controller::semantic_demand::tests::malformed_pin_and_range_results_retain_only_their_exact_slot ... ok
test runtime::controller::semantic_demand::tests::one_item_pin_is_first_class_and_does_not_call_range_provider ... ok
test runtime::controller::semantic_demand::tests::provider_handles_and_generations_are_independent_by_source ... ok
test runtime::controller::semantic_demand::tests::outcomes_are_typed_and_terminal_or_fallback_as_specified ... ok
test runtime::controller::semantic_demand::tests::range_and_pin_slots_are_independent_and_repeated_requests_are_unchanged ... ok
test runtime::controller::semantic_demand::tests::range_bounds_budget_and_aggregate_are_rejected_before_provider ... ok
test runtime::controller::semantic_demand::tests::range_outcomes_retain_complete_evidence_and_terminal_failures_retain_membership ... ok
test runtime::controller::semantic_demand::tests::registration_sync_is_capability_only_and_lifecycle_is_bounded ... ok
test runtime::controller::semantic_demand::tests::retention_requires_every_fence_field_but_allows_only_retry_fields ... ok
test runtime::controller::semantic_demand::tests::rejected_retry_revokes_retained_evidence_and_complete_candidate ... ok
test runtime::controller::semantic_demand::tests::retention_vetoes_each_non_retry_fence_field ... ok
test runtime::controller::semantic_demand::tests::stale_completion_and_execution_are_side_effect_free_and_exactly_once ... ok
test runtime::controller::semantic_demand::tests::stale_complete_demand_set_plan_returns_empty_ordinary_baseline ... ok
test runtime::controller::semantic_demand::tests::terminal_membership_blocks_subset_publication ... ok
test runtime::controller::semantic_demand::tests::same_source_publication_fence_drift_rejects_without_partial_sidecar ... ok
test runtime::controller::semantic_demand::tests::viewport_overscan_and_provider_reads_do_not_create_demand ... ok
test runtime::controller::split_pane_semantics::tests::nested_splits_insert_in_local_order ... ok
test runtime::controller::split_pane_semantics::tests::separator_is_not_emitted_under_an_older_snapshot_schema ... ok
test runtime::controller::split_pane_semantics::tests::malformed_projection_or_anchor_returns_unchanged_ordinary_snapshot ... ok
test runtime::controller::split_pane_semantics::tests::publishes_separator_semantics_between_two_content_children ... ok
test runtime::controller::split_pane_separator::tests::admission_preserves_horizontal_and_vertical_exact_evidence ... ok
test runtime::controller::split_pane_separator::tests::admission_fails_closed_for_all_state_and_geometry_vetoes ... ok
test runtime::controller::split_pane_separator::tests::collection_is_bounded_and_duplicate_evidence_fails_closed ... ok
test runtime::controller::split_pane_separator::tests::mixed_focus_order_falls_back_for_invalid_evidence_and_lifecycle_retirement ... ok
test runtime::controller::split_pane_separator::tests::mixed_focus_order_inserts_nested_separators_in_source_order ... ok
test runtime::controller::state::layout::tests::clamped_scroll_offset_keeps_zero_max_when_content_fits_viewport ... ok
test runtime::controller::state::layout::tests::clamped_scroll_offset_reuses_current_offset_once_for_both_axes ... ok
test runtime::controller::state::layout::tests::declarative_offsets_project_axes_and_generation_fences_are_exact ... ok
test runtime::controller::state::layout::tests::direct_runtime_projects_axes_before_clamping_allowed_content_bounds ... ok
test runtime::controller::state::layout::tests::focus_reveal_isolated_between_scene_base_and_layer_scrollers ... ok
test runtime::controller::state::layout::tests::auto_scroll_affordance_tracks_viewport_and_visual_activity ... ok
test runtime::controller::state::layout::tests::default_horizontal_focus_reveal_settles_recorded_ancestors_inside_out ... ok
test runtime::controller::state::layout::tests::focus_reveal_requires_a_recorded_clip_ancestor_path ... ok
test runtime::controller::state::layout::tests::focus_reveal_rechecks_ancestry_after_reentrant_inner_settlement ... ok
test runtime::controller::state::layout::tests::focus_reveal_uses_translated_content_coordinates_at_nonzero_offset ... ok
test runtime::controller::state::layout::tests::focus_reveal_settles_nested_scrollers_inside_out_once ... ok
test runtime::controller::state::layout::tests::keyed_request_scopes_materialized_lookup_to_its_container ... ok
test runtime::controller::state::layout::tests::malformed_request_is_consumed_and_max_generation_is_ignored ... ok
test runtime::controller::state::layout::tests::horizontal_rect_requests_follow_effective_axis_and_generation_fence ... ok
test runtime::controller::state::layout::tests::overlapping_sibling_scroll_containers_do_not_join_residual_chain ... ok
test runtime::controller::state::layout::tests::horizontal_right_and_end_requests_follow_effective_axis_once ... ok
test runtime::controller::state::layout::tests::nested_wheel_settles_each_changed_scroll_owner_once_at_idle ... ok
test runtime::controller::state::layout::tests::phase_less_wheel_settles_once_at_the_bounded_idle_deadline ... ok
test runtime::controller::state::layout::tests::rejected_keyed_request_is_consumed_before_materialization ... ok
test runtime::controller::state::layout::tests::owned_scroll_terminal_does_not_rebind_to_wheel_sibling ... ok
test runtime::controller::state::layout::tests::focused_home_end_and_page_keys_follow_effective_axes ... ok
test runtime::controller::state::layout::tests::removing_scroll_container_cancels_pending_settlement_before_readd ... ok
test runtime::controller::state::layout::tests::request_at_boundary_consumes_generation_without_settlement ... ok
test runtime::controller::state::layout::tests::policy_reprojection_clears_only_disabled_retained_axis_without_resurrection ... ok
test runtime::controller::state::layout::tests::reveal_settlement_reports_the_committed_clamped_offset ... ok
test runtime::controller::state::layout::tests::scroll_offset_sync_uses_padded_viewport_bounds ... ok
test runtime::controller::state::layout::tests::scroll_edges_follow_configured_axis_and_fixed_axis_wheel_lock ... ok
test runtime::controller::state::layout::tests::scroll_policy_reprojection_preserves_mount_and_generation_state ... ok
test runtime::controller::state::lifecycle::tests::closing_callback_precedes_external_drag_teardown_and_runs_once ... ok
test runtime::controller::state::lifecycle::tests::closing_stops_animation_and_timed_repaint_admission ... ok
test runtime::controller::state::lifecycle::tests::command_exit_closes_once_and_fences_late_commands ... ok
test runtime::controller::state::lifecycle::tests::construction_enters_running_phase ... ok
test runtime::controller::state::lifecycle::tests::host_exit_hook_runs_once_and_stops_runtime ... ok
test runtime::controller::state::lifecycle::tests::viewport_normalization_replaces_only_non_finite_and_non_positive_axes ... ok
test runtime::controller::timers::tests::auxiliary_origin_is_returned_with_ui_mapped_timer_message ... ok
test runtime::controller::state::lifecycle::tests::viewport_normalization_controls_effective_viewport_and_relayout ... ok
test runtime::controller::timers::tests::auxiliary_retirement_drops_mapper_repairs_latest_and_is_idempotent ... ok
test runtime::controller::timers::tests::latest_slot_mismatch_and_wrong_runtime_owner_never_invoke_mapper ... ok
test runtime::controller::timers::tests::maps_only_on_ui_drain_and_drops_superseded_wake ... ok
test runtime::controller::timers::tests::declarative_origin_is_returned_and_retired_before_timer_mapper ... ok
test runtime::controller::timers::tests::shutdown_ignores_late_wakes ... ok
test runtime::controller::timers::tests::rejected_latest_replacement_restores_prior_generation_and_mapper ... ok
test runtime::controller::timers::tests::stale_latest_wake_releases_mapper_after_finish_cancel_or_drop ... ok
test runtime::controller::timers::tests::stale_same_key_retirement_does_not_remove_new_generation ... ok
test runtime::controller::timers::tests::declarative_retirement_drops_mapper_repairs_latest_and_isolates_origins ... ok
test runtime::controller::virtual_layout::tests::current_semantic_admission_constructs_exact_current_request_and_pins_found ... ok
test runtime::controller::virtual_layout::tests::conservative_shell_evidence_keeps_the_normal_fallback_path ... ok
test runtime::controller::virtual_layout::tests::current_semantic_admission_rejects_non_live_or_unstable_inputs_without_lookup ... ok
test runtime::controller::virtual_layout::tests::coordinator_begin_error_retires_and_suppresses_without_retrying ... ok
test runtime::controller::virtual_layout::tests::current_semantic_admission_replaces_pin_after_provider_or_revision_change ... ok
test runtime::controller::virtual_layout::tests::duplicate_registration_rejects_all_candidates_without_a_winner ... ok
test runtime::controller::virtual_layout::tests::deferred_query_retains_only_a_complete_matching_fallback_window ... ok
test runtime::controller::virtual_layout::tests::invalid_shell_lowering_retires_and_suppresses_without_retrying ... ok
test runtime::controller::virtual_layout::tests::materialize_retirement_resynchronizes_semantic_owner ... ok
test runtime::controller::virtual_layout::tests::exact_range_retry_reexecutes_only_one_member_and_preserves_atomic_selection ... ok
test runtime::controller::virtual_layout::tests::native_semantic_admission_requires_qualified_coordinate_authority ... ok
test runtime::controller::virtual_layout::tests::native_semantic_passive_admission_reads_cardinality_without_demand ... ok
test runtime::controller::virtual_layout::tests::native_semantic_passive_admission_vetoes_positive_without_range_provider ... ok
test runtime::controller::virtual_layout::tests::pin_reasons_are_valid_and_one_pin_replaces_in_query_order ... ok
test runtime::controller::virtual_layout::tests::ordinary_startup_keeps_projection_source_authoritative ... ok
test runtime::controller::virtual_layout::tests::project_current_semantics_preserves_identity_coordinate_entry_and_exact_fence ... ok
test runtime::controller::virtual_layout::tests::project_current_semantics_requires_a_live_semantic_pin ... ok
test runtime::controller::virtual_layout::tests::invalid_complete_batch_admission_retires_and_suppresses_without_retrying ... ok
test runtime::controller::virtual_layout::tests::registry_preserves_equal_scope_and_retires_changed_policy_scope ... ok
test runtime::controller::virtual_layout::tests::runtime_admits_shell_and_complete_batch_before_installing_children ... ok
test runtime::controller::virtual_layout::tests::provisional_virtual_probe_does_not_replace_accepted_owner_projection ... ok
test gui_runtime::native_vello::generic_runtime::tests::timing::overlay_diagnostics::exact_3k_runner_refresh_cohort_reuses_scene_encoding ... ok
test runtime::controller::timers::tests::maps_each_one_shot_once_in_fifo_order ... ok
test runtime::controller::virtual_layout::tests::semantic_automation_demand_validation_is_atomic_and_does_not_call_custom_providers ... ok
test runtime::controller::virtual_layout::tests::runtime_composition_rejects_forged_materialized_origin_before_staging ... ok
test runtime::controller::virtual_layout::tests::same_id_ordinary_container_replaces_admitted_virtual_container ... ok
test runtime::controller::virtual_layout::tests::semantic_automation_deferred_result_is_conservative_until_explicit_retry ... ok
test runtime::controller::virtual_layout::tests::runtime_forwards_one_required_key_before_materialization ... ok
test runtime::controller::virtual_layout::tests::semantic_node_id_cross_key_reuse_is_allowed_but_same_key_drift_rejects ... ok
test runtime::controller::virtual_layout::tests::semantic_pin_is_bounded_and_clears_on_all_revision_changes_and_retirement ... ok
test runtime::controller::virtual_layout::tests::semantic_automation_rejected_replacement_preserves_selected_publication ... ok
test runtime::controller::virtual_layout::tests::semantic_query_outcomes_clear_the_existing_pin ... ok
test runtime::controller::virtual_layout::tests::semantic_automation_session_refreshes_explicitly_and_preserves_unmaterialized_authority ... ok
test runtime::controller::virtual_layout::tests::semantic_query_pins_one_valid_entry_without_materialization_side_effects ... ok
test runtime::controller::virtual_layout::tests::semantic_publication_reclassifies_retained_pin_without_provider_reentry ... ok
test runtime::controller::virtual_layout::tests::semantic_query_rejects_wrong_key_nonfinite_and_inverted_entries ... ok
test runtime::controller::virtual_layout::tests::semantic_query_rejects_stale_scope_or_revision_before_provider_invocation ... ok
test runtime::controller::virtual_layout::tests::semantic_query_does_not_install_or_rebuild_the_runtime_tree ... ok
test runtime::controller::virtual_layout::tests::semantic_range_classification_rejects_malformed_batch_without_partial_output ... ok
test runtime::controller::virtual_layout::tests::semantic_range_classification_rejects_pairwise_duplicate_or_unstable_keys_atomically ... ok
test runtime::controller::virtual_layout::tests::semantic_range_classification_rejects_key_index_incoherence_atomically ... ok
test runtime::controller::virtual_layout::tests::semantic_range_classification_preserves_order_and_exact_origin_without_side_effects ... ok
test runtime::controller::virtual_layout::tests::semantic_range_classification_rejects_retired_and_authorityless_materialization ... ok
test runtime::controller::virtual_layout::tests::semantic_range_classification_rejects_unstable_key_equality_without_provider_reentry ... ok
test runtime::controller::virtual_layout::tests::semantic_range_leaves_the_existing_one_item_pin_unchanged_and_never_retains_a_second_pin ... ok
test runtime::controller::virtual_layout::tests::semantic_range_rejects_invalid_request_sizes_before_provider_invocation ... ok
test runtime::controller::virtual_layout::tests::semantic_range_classification_rejects_unstable_key_with_empty_authority ... ok
test runtime::controller::virtual_layout::tests::semantic_range_rejects_missing_retired_unstable_stale_and_missing_provider ... ok
test runtime::controller::virtual_layout::tests::semantic_range_terminal_provider_outcomes_are_typed_and_atomic ... ok
test runtime::controller::virtual_layout::tests::semantic_session_contention_is_typed_without_eviction ... ok
test runtime::controller::virtual_layout::tests::semantic_range_success_is_ordered_fenced_and_coordinate_declared ... ok
test runtime::controller::virtual_layout::tests::semantic_range_rejects_short_long_order_index_duplicate_unstable_and_malformed_output ... ok
test runtime::controller::virtual_layout::tests::semantic_range_classification_rejects_each_materialization_fence_mismatch ... ok
test runtime::controller::work::tests::fenced_timer_queue_discards_late_host_wakes ... ok
test runtime::controller::work::tests::unified_timer_queue_preserves_cross_owner_fifo_order ... ok
test runtime::diagnostics::gpu_timing::tests::available_sample_preserves_correlation_and_duration ... ok
test runtime::controller::virtual_layout::tests::virtual_geometry_relayout_keeps_projection_source_authoritative ... ok
test runtime::controller::virtual_layout::tests::unchanged_projection_reuses_the_active_window_without_requerying ... ok
test runtime::controller::virtual_layout::tests::surface_range_query_is_private_unmaterialized_and_has_no_runtime_side_effects ... ok
test runtime::diagnostics::gpu_timing::tests::unavailable_outcomes_remain_explicit_terminal_reasons ... ok
test runtime::diagnostics::lifecycle::tests::default_diagnostics_are_unavailable ... ok
test runtime::diagnostics::ime::tests::default_observation_fails_closed_for_unverified_capabilities ... ok
test runtime::diagnostics::lifecycle::tests::duplicate_and_illegal_transitions_are_vetoed_without_evidence ... ok
test runtime::controller::virtual_layout::tests::unavailable_query_suppresses_stale_items_and_remains_retryable ... ok
test runtime::diagnostics::lifecycle::tests::stopped_is_terminal ... ok
test runtime::diagnostics::profile::tests::profiling_options_default_to_off_and_expose_frame_constructor ... ok
test runtime::diagnostics::timing::tests::frame_work_total_counts_eager_refresh_stage_timings ... ok
test runtime::diagnostics::lifecycle::tests::history_is_bounded_oldest_to_newest ... ok
test runtime::diagnostics::lifecycle::tests::recovery_requires_running_and_returns_to_running ... ok
test runtime::diagnostics::lifecycle::tests::sequence_and_count_saturate_without_wrapping ... ok
test runtime::diagnostics::profile::tests::frame_profile_projects_identity_labels_timings_and_counters ... ok
test runtime::diagnostics::timing::tests::frame_work_total_does_not_double_count_deferred_refresh_breakdown ... ok
test runtime::effect::tests::facade_bridge_preserves_timer_and_worker_lanes_and_ui_local_mappers ... ok
test runtime::effect::tests::facade_stream_modes_retain_distinct_fifo_and_latest_policies ... ok
test runtime::environment::tests::combining_changes_is_order_independent_and_prefers_strongest_scope ... ok
test runtime::environment::tests::combining_no_changes_requests_no_invalidation ... ok
test runtime::effect::tests::facade_malformed_internal_completion_fails_closed_before_ui_mapping ... ok
test runtime::environment::tests::every_environment_change_maps_to_its_typed_scope ... ok
test runtime::environment::tests::resolved_environment_defaults_match_window_environment_defaults ... ok
test runtime::environment::tests::resolved_environment_combines_window_and_application_snapshots ... ok
test runtime::environment::tests::resolved_environment_is_lossless_and_cloneable ... ok
test runtime::environment::tests::window_environment_defaults_are_backend_neutral ... ok
test runtime::environment::tests::window_environment_preserves_values_and_equality ... ok
test runtime::gpu_surface::content::tests::atlas::rgba_atlas_rejects_short_long_and_overflowing_payloads_before_geometry ... ok
test runtime::gpu_surface::content::tests::atlas::rgba_atlas_source_rect_must_be_inside_atlas ... ok
test runtime::gpu_surface::content::tests::atlas::rgba_atlas_source_rect_rejects_invalid_geometry_before_bounds ... ok
test runtime::gpu_surface::content::tests::signal_shape::signal_render_shape_rejects_invalid_payload_contracts ... ok
test runtime::gpu_surface::content::tests::signal_shape::signal_render_shape_uses_effective_available_frame_count ... ok
test runtime::gpu_surface::content::tests::signal_shape::signal_summary_payload_must_match_declared_shape ... ok
test runtime::gpu_surface::content::tests::validation::custom_shader_content_carries_backend_neutral_payloads ... ok
test runtime::gpu_surface::content::tests::validation::custom_shader_content_validation_reports_descriptor_errors ... ok
test runtime::gpu_surface::content::tests::validation::gpu_surface_content_validation_accepts_valid_multi_level_summary ... ok
test runtime::gpu_surface::content::tests::validation::gpu_surface_content_validation_rejects_non_finite_and_reversed_extrema ... ok
test runtime::gpu_surface::content::tests::validation::gpu_surface_content_validation_rejects_non_finite_gain_preview ... ok
test runtime::gpu_surface::content::tests::validation::gpu_surface_content_validation_rejects_wrong_summary_bucket_count ... ok
test runtime::gpu_surface::content::tests::validation::gpu_surface_content_validation_rejects_zero_and_nonascending_level_widths ... ok
test runtime::gpu_surface::content::tests::validation::gpu_surface_content_validation_rejects_zero_band_summary_before_level_checks ... ok
test runtime::gpu_surface::content::tests::validation::gpu_surface_content_validation_reports_signal_errors ... ok
test runtime::gpu_surface::content::tests::validation::gpu_surface_content_validation_reports_summary_shape_errors ... ok
test runtime::gpu_surface::presentation::tests::mailbox_keeps_storage_generations_in_separate_slots ... ok
test runtime::gpu_surface::presentation::tests::mailbox_replaces_latest_and_rejects_stale_revisions ... ok
test runtime::gpu_surface::presentation::tests::mailbox_retains_current_generation_when_late_old_generation_arrives ... ok
test runtime::gpu_surface::presentation::tests::mailbox_keeps_capacity_bounded_and_reuses_drained_slots ... ok
test runtime::gpu_surface::presentation::tests::mailbox_snapshot_abort_is_lossless_and_newer_commit_survives ... ok
test runtime::gpu_surface::presentation::tests::update_rejects_empty_and_overflowing_payloads ... ok
test runtime::gpu_surface::signal_summary::tests::empty_signal_summary_level_lookup_defaults_to_zero ... ok
test runtime::gpu_surface::signal_summary::tests::signal_summary_base_level_maps_samples_without_merging ... ok
test runtime::gpu_surface::signal_summary::tests::signal_summary_level_lookup_uses_nearest_bucket_size ... ok
test runtime::gpu_surface::signal_summary::tests::signal_summary_merges_partial_higher_level_buckets ... ok
test runtime::gpu_surface::signal_summary::tests::signal_summary_presizes_level_vector_for_empty_input ... ok
test runtime::gpu_surface::signal_summary::tests::signal_summary_presizes_level_vector_for_power_of_two_pyramid ... ok
test runtime::gpu_surface::signal_viewport::tests::end_and_local_offset_reject_unrepresentable_ranges ... ok
test runtime::gpu_surface::signal_viewport::tests::fractional_carries_are_checked_at_source_edges ... ok
test runtime::gpu_surface::signal_viewport::tests::integer_translation_checks_both_source_edges ... ok
test runtime::gpu_surface::signal_viewport::tests::large_integral_deltas_preserve_the_local_fraction ... ok
test runtime::gpu_surface::signal_viewport::tests::local_geometry_is_stable_at_large_origins ... ok
test runtime::gpu_surface::signal_viewport::tests::malformed_ranges_are_rejected ... ok
test runtime::gpu_surface::signal_viewport::tests::pan_and_zoom_keep_fractional_anchor_local ... ok
test runtime::gpu_surface::signal_viewport::tests::ratio_edges_match_start_and_end ... ok
test runtime::gpu_surface::signal_window::tests::adjacent_samples_and_fractional_pan_remain_distinct ... ok
test runtime::gpu_surface::signal_window::tests::gain_projection_rejects_overflow_before_shader_arithmetic ... ok
test runtime::gpu_surface::signal_window::tests::malformed_data_and_presentation_are_explicit_errors ... ok
test runtime::gpu_surface::signal_window::tests::near_and_far_geometry_and_gain_bytes_are_identical ... ok
test runtime::gpu_surface::signal_window::tests::signed_slide_uses_exact_integer_source_coordinates ... ok
test runtime::gpu_surface::signal_window::tests::truncated_final_bucket_and_bucket_phase_are_validated ... ok
test runtime::gpu_surface::signal_window::tests::viewport_motion_shares_immutable_storage ... ok
test runtime::gpu_surface::signal_window::tests::wrap_requires_both_sides_in_the_provided_window ... ok
test runtime::paint::helpers::tests::empty_rect_batches_do_not_emit_primitives ... ok
test runtime::paint::helpers::tests::point_collection_presizes_from_iterator_lower_bound ... ok
test runtime::paint::helpers::tests::polygon_and_polyline_helpers_emit_shared_point_lists ... ok
test runtime::paint::helpers::tests::polygon_and_polyline_helpers_skip_degenerate_point_lists ... ok
test runtime::paint::helpers::tests::polygon_and_polyline_helpers_skip_known_short_iterators_without_polling ... ok
test runtime::paint::helpers::tests::push_visible_fill_rect_appends_positive_rects ... ok
test runtime::paint::helpers::tests::push_visible_fill_rect_skips_empty_or_invalid_rects ... ok
test runtime::paint::helpers::tests::text_helper_uses_default_single_line_metrics ... ok
test runtime::paint::helpers::tests::widget_paint_binds_primitives_to_one_widget_id ... ok
test runtime::paint::primitives::brush::tests::gradient_rejects_degenerate_or_nonfinite_geometry ... ok
test runtime::paint::primitives::path::tests::paint_path_preserves_backend_neutral_commands ... ok
test runtime::paint::primitives::brush::tests::vertical_gradient_spans_bounds_and_preserves_alpha ... ok
test runtime::paint::primitives::path::tests::paint_transform_reports_finite_coefficients ... ok
test runtime::paint::primitives::plan::tests::additional_reserve_for_capacity_treats_desired_capacity_as_target ... ok
test runtime::paint::primitives::path::tests::paint_transform_uses_stable_affine_coefficients ... ok
test runtime::paint::primitives::plan::tests::clear_for_theme_with_capacity_reuses_primitive_storage ... ok
test runtime::paint::primitives::plan::tests::empty_with_capacity_presizes_primitive_storage ... ok
test runtime::paint::primitives::query::tests::gpu::gpu_queries_return_matching_primitives_in_paint_order ... ok
test runtime::paint::primitives::plan::tests::clear_for_theme_with_capacity_grows_to_requested_capacity ... ok
test runtime::paint::primitives::query::tests::rects::plan_level_rect_queries_flatten_batched_rectangles ... ok
test runtime::paint::primitives::query::tests::rects::plan_level_paint_queries_ignore_clip_bookkeeping ... ok
test runtime::paint::primitives::query::tests::shape::clip_polygon_and_polyline_queries_return_matching_primitives_in_paint_order ... ok
test runtime::paint::primitives::query::tests::shape::visible_fill_presence_includes_batched_rectangles ... ok
test runtime::paint::primitives::query::tests::shape::visible_fill_queries_ignore_transparent_or_empty_fills ... ok
test runtime::paint::primitives::query::tests::text::text_queries_return_runs_and_inputs_in_paint_order ... ok
test runtime::paint::primitives::query::tests::widget::batched_fill_rect_reports_widget_id_and_first_rect_anchor ... ok
test runtime::paint::primitives::query::tests::widget::batched_stroke_rect_reports_widget_id_and_first_rect_anchor ... ok
test runtime::paint::primitives::query::tests::shape::shape_and_svg_queries_return_matching_primitives_in_paint_order ... ok
test runtime::paint::primitives::query::tests::widget::first_widget_rect_by_priority_uses_caller_order_for_fallback_anchors ... ok
test runtime::paint::primitives::query::tests::widget::first_widget_rect_returns_first_rectangle_anchor_in_paint_order ... ok
test runtime::paint::primitives::query::tests::widget::paint_primitive_reports_widget_id_and_rect_for_anchor_primitives ... ok
test runtime::paint::primitives::stats::tests::surface_paint_plan_stats_count_core_primitive_groups ... ok
test runtime::paint::primitives::text::tests::paint_text_converts_compares_and_shares_storage ... ok
test runtime::paint::primitives::text::tests::paint_text_preserves_static_and_existing_shared_storage ... ok
test runtime::paint::scroll::tests::scroll_affordance_clamps_thumb_to_cramped_track ... ok
test runtime::paint::scroll::tests::scroll_affordance_omits_degenerate_track ... ok
test runtime::paint::scroll::tests::scroll_affordance_rejects_nonfinite_layout_rects ... ok
test runtime::paint::segments::tests::duplicate_anchor_and_reused_inconsistent_damage_are_conservative ... ok
test runtime::paint::segments::tests::empty_damage_preserves_revision_and_exact_paint_increments_it ... ok
test runtime::paint::segments::tests::paint_damage_targets_owner_and_gpu_only_damage_is_empty ... ok
test runtime::paint::segments::tests::segments_use_exact_canvas_anchors_and_ignore_empty_runs ... ok
test runtime::paint::segments::tests::unavailable_snapshot_is_distinct_from_valid_empty_observation ... ok
test runtime::platform::tests::notification_and_clipboard_values_enforce_owned_bounds ... ok
test runtime::paint::segments::tests::retained_identity_saturation_returns_empty_conservative_observation ... ok
test runtime::platform::tests::platform_failures_are_typed_bounded_and_displayable ... ok
test runtime::platform::tests::platform_result_ext_decodes_clipboard_results ... ok
test runtime::platform::tests::platform_result_ext_decodes_picker_results ... ok
test runtime::platform::tests::platform_result_ext_rejects_wrong_response_shapes ... ok
test runtime::platform::tests::request_validation_distinguishes_malformed_success_from_typed_failure ... ok
test runtime::platform::tests::result_sink_bounds_backend_transport_text_at_the_adapter_boundary ... ok
test runtime::platform::tests::platform_result_ext_decodes_completion_and_confirmation_results ... ok
test runtime::platform::tests::result_sink_sanitizer_does_not_enforce_response_shape ... ok
test runtime::platform::tests::result_sink_sanitizes_oversized_successes_before_send_and_into_delivery ... ok
test runtime::resource::key::tests::path_resource_key_preserves_scope_and_display_path ... ok
test runtime::resource::slot::tests::resource_request_builds_keyed_success_and_failure_results ... ok
test runtime::platform::tests::result_sink_send_into_delivery_and_drop_are_mutually_exclusive ... ok
test runtime::resource::key::tests::scoped_resource_key_preserves_scope_and_identity ... ok
test runtime::resource::slot::tests::resource_slot_cancel_load_preserves_last_ready_value ... ok
test runtime::resource::slot::tests::resource_slot_rejects_stale_request_results_for_same_key ... ok
test runtime::resource::slot::tests::resource_slot_clear_invalidates_in_flight_request ... ok
test runtime::resource::slot::tests::resource_slot_ignores_results_for_other_keys ... ok
test runtime::resource::slot::tests::resource_slot_tracks_loading_success_failure_and_revision ... ok
test runtime::surface::command_scopes::tests::omitted_layout_and_duplicate_raw_identity_cannot_activate ... ok
test runtime::surface::command_scopes::tests::application_exports_require_layout_and_preserve_collection_errors ... ok
test runtime::surface::focus::tests::keyboard_focus_order_collects_only_keyboard_focusable_widgets ... ok
test runtime::surface::focus::tests::keyboard_focus_order_into_reuses_existing_storage ... ok
test runtime::surface::focus_scopes::tests::omitted_scope_layout_and_duplicate_source_ids_do_not_gain_scope_authority ... ok
test runtime::surface::focus_scopes::tests::prepared_scope_metadata_survives_outer_lowering_and_explicit_override ... ok
test runtime::surface::frame::tests::button_start_alignment_uses_rtl_environment_in_context_paint ... ok
test runtime::surface::frame::tests::frame_at_size_uses_origin_viewport ... ok
test runtime::surface::frame::tests::built_in_text_controls_resolve_declared_metrics_once_across_scale_table ... ok
test runtime::surface::frame::tests::frame_at_size_with_default_theme_builds_paint_plan ... ok
test runtime::surface::frame::tests::scaled_control_keeps_declarative_parent_and_clip_bounds_physical_across_frames ... ok
test runtime::surface::frame::tests::text_input_start_alignment_resolves_against_rtl_environment ... ok
test runtime::surface::frame::tests::text_input_uses_the_same_resolved_font_metrics_as_text ... ok
test runtime::surface::frame::tests::text_scale_and_direction_are_surface_local_and_repeated_frames_reuse_values ... ok
test runtime::surface::frame::tests::text_scale_resolves_intrinsic_layout_and_paint_metrics_once ... ok
test runtime::surface::frame::tests::text_scale_keeps_parent_assigned_bounds_physical_and_allows_clipping ... ok
test runtime::surface::input::tests::disabled_knob_reprojection_clears_pointer_gesture_state ... ok
test runtime::surface::input::tests::dispatch_input_at_child_path_routes_without_tree_search ... ok
test runtime::surface::input::tests::find_widget_at_child_path_returns_only_the_target_leaf ... ok
test runtime::surface::input::tests::exclusive_pointer_capture_sync_clears_non_captured_hover_state ... ok
test runtime::surface::input::tests::domain_knob_surface_routes_explicit_pointer_capture_cancellation ... ok
test runtime::surface::input::tests::knob_typed_surface_routes_pointer_transaction_and_capture_cancellation ... ok
test runtime::surface::input::tests::mapped_knob_reprojection_preserves_pointer_gesture_and_authoritative_value ... ok
test runtime::surface::input::tests::mapped_knob_routes_double_click_reset_metadata_from_second_sample ... ok
test runtime::surface::input::tests::mapped_knob_routes_hover_wheel_to_a_distinct_automation_gesture ... ok
test runtime::surface::input::tests::mapped_knob_routes_keyboard_timestamp_for_an_accepted_edit ... ok
test runtime::surface::input::tests::retained_state_sync_clears_all_hover_when_pointer_has_no_owner ... ok
test runtime::surface::input::tests::retained_state_sync_keeps_only_current_hover_owner ... ok
test runtime::surface::input::tests::scene_widget_state_sync_finds_widgets_inside_layers ... ok
test runtime::surface::input::tests::scene_without_layers_routes_base_widget_at_transparent_path ... ok
test runtime::surface::input::tests::slider_capture_cancellation_routes_typed_cancel_while_knob_default_stays_suppressed ... ok
test runtime::surface::input::tests::slider_typed_reprojection_retains_transaction_but_keeps_fresh_value_authoritative ... ok
test runtime::surface::input::tests::synchronize_skips_widget_with_invalidated_cached_compatibility ... ok
test runtime::surface::input::tests::synchronize_widget_state_from_paths_preserves_state_after_reorder ... ok
test runtime::surface::input::tests::synchronize_widget_state_from_paths_skips_incompatible_replacement ... ok
test runtime::surface::layout::tests::interactive_floating_layer_registers_child_hit_order ... ok
test runtime::surface::layout::tests::runtime_projection_matches_separate_layout_and_traversal_passes ... ok
test runtime::surface::layout::tests::noninteractive_floating_layer_lays_out_without_pointer_hit_order ... ok
test runtime::surface::layout::tests::runtime_projection_reusing_clears_source_records_and_retains_owner_capacity ... ok
test runtime::surface::layout::tests::runtime_projection_reusing_clears_stale_traversal_without_shrinking_buffers ... ok
test runtime::surface::layout::tests::runtime_projection_reusing_preserves_scratch_stack_capacity ... ok
test runtime::surface::layout::tests::scene_with_only_base_preserves_base_runtime_projection ... ok
test runtime::surface::layout::tests::scene_runtime_traversal_includes_interactive_layer_widgets ... ok
test runtime::surface::layout::tests::scene_with_only_base_preserves_virtual_scroll_projection ... ok
test runtime::surface::node::children::tests::consuming_a_clone_keeps_the_retained_snapshot_available ... ok
test runtime::surface::node::children::tests::custom_widget_clone_hooks_and_interior_state_remain_independent ... ok
test runtime::surface::node::children::tests::editing_a_cloned_container_preserves_the_previous_snapshot ... ok
test runtime::surface::node::children::tests::inserting_a_custom_widget_retires_prior_sharing_eligibility ... ok
test runtime::surface::node::layer::tests::floating_layer_owns_one_fill_child ... ok
test runtime::surface::node::layer::tests::layer_child_count_includes_optional_input_surface ... ok
test runtime::surface::node::scene::tests::ordered_layer_child_for_child_counts_input_before_foreground ... ok
test runtime::surface::node::scene::tests::ordered_layer_indices_group_by_layer_kind_order ... ok
test runtime::surface::paint::capacity::tests::clear_paint_plan_for_layout_reuses_existing_capacity ... ok
test runtime::surface::paint::capacity::tests::empty_paint_plan_for_layout_presizes_with_layout_estimate ... ok
test runtime::surface::paint::capacity::tests::estimated_paint_primitive_capacity_scales_for_small_layouts ... ok
test runtime::surface::paint::tests::base_paint_context_receives_window_environment_without_changing_bounds ... ok
test runtime::surface::paint::tests::layout_debug_strokes_for_children_stay_inside_parent_clip_scope ... ok
test runtime::surface::paint::tests::clipped_container_wraps_child_paint_in_clip_primitives ... ok
test runtime::surface::paint::tests::legacy_context_defaults_delegate_once_for_base_and_overlay ... ok
test runtime::surface::paint::tests::ordered_clip_detects_column_children_past_bottom_edge ... ok
test runtime::surface::paint::tests::omitted_overlay_panel_is_absent_from_runtime_paint_plan ... ok
test runtime::surface::paint::tests::ordered_clip_detects_row_children_past_right_edge ... ok
test runtime::surface::revision::tests::conservative_revision_always_takes_structural_fallback ... ok
test runtime::surface::revision::tests::absent_v2_capability_evidence_does_not_widen_conservatively ... ok
test runtime::surface::revision::tests::exact_components_choose_the_broadest_changed_effect ... ok
test runtime::surface::revision::tests::exact_semantic_capability_evidence_is_interaction_scoped_and_does_not_call_outputs ... ok
test runtime::surface::revision::tests::missing_identity_and_replacements_take_structural_fallback ... ok
test runtime::surface::revision::tests::semantic_action_revision_classifies_policy_without_executing_handlers ... ok
test runtime::surface::revision::tests::semantic_capability_classifier_is_conservative_for_presence_contract_and_unavailable ... ok
test runtime::surface::revision::tests::text_widget_revisions_reach_the_classifier_with_safe_effects ... ok
test runtime::surface::revision::tests::typed_component_mismatch_widens_to_that_component_effect ... ok
test runtime::surface::revision::tests::v2_capability_revisions_are_typed_and_conservative_when_missing ... ok
test runtime::surface::revision::view_delta_tests::button_and_toggle_component_matrices_cover_paint_interaction_and_transient_inputs ... ok
test runtime::surface::revision::view_delta_tests::button_and_toggle_revisions_partition_geometry_paint_and_safe_fallbacks ... ok
test runtime::surface::revision::view_delta_tests::button_and_toggle_revisioned_mappers_preserve_typed_relations ... ok
test runtime::surface::revision::view_delta_tests::cached_widget_evidence_does_not_reinvoke_revision_or_capability_hooks ... ok
test runtime::surface::revision::view_delta_tests::canonical_layers_preserve_cross_kind_order_but_report_same_kind_reorder ... ok
test runtime::surface::revision::view_delta_tests::child_insertion_and_removal_do_not_look_like_reorder ... ok
test runtime::surface::revision::view_delta_tests::child_topology_reports_reorder_and_matches_by_identity ... ok
test runtime::surface::revision::view_delta_tests::classifier_release_scaling_250_500_1000 ... ignored, release-mode scaling benchmark
test runtime::surface::revision::view_delta_tests::child_topology_reports_replacement_and_ambiguous_pairing_conservatively ... ok
test runtime::surface::revision::view_delta_tests::container_hoverability_is_interaction ... ok
test runtime::surface::revision::view_delta_tests::conservative_scroll_mapper_stays_structural ... ok
test runtime::surface::revision::view_delta_tests::container_policy_and_overlay_style_choose_broadest_effect ... ok
test runtime::surface::revision::view_delta_tests::duplicate_scene_foreground_ids_across_kinds_are_ambiguous ... ok
test runtime::surface::command_scopes::tests::collection_limits_fail_closed_without_retaining_excess_attachments ... ok
test runtime::surface::revision::view_delta_tests::event_and_path_bounds_are_saturating_and_fixed ... ok
test runtime::surface::revision::view_delta_tests::duplicate_scene_layer_keys_stop_descent_with_ambiguous_pairing ... ok
test runtime::surface::revision::view_delta_tests::exact_output_mappers_are_unchanged_or_interaction ... ok
test runtime::surface::revision::view_delta_tests::exact_scroll_mappers_compare_as_unchanged_or_interaction ... ok
test runtime::surface::revision::view_delta_tests::floating_interaction_is_narrower_than_embedded_geometry ... ok
test runtime::surface::revision::view_delta_tests::floating_text_size_declaration_changes_geometry ... ok
test runtime::surface::revision::view_delta_tests::identical_synthetic_tree_is_unchanged ... ok
test runtime::surface::revision::view_delta_tests::insufficient_identity_scratch_widens_to_structural_without_descent ... ok
test runtime::surface::revision::view_delta_tests::layout_capability_delta_classification_is_conservative_and_typed ... ok
test runtime::surface::revision::view_delta_tests::native_drop_mapper_evidence_is_classified ... ok
test runtime::surface::revision::view_delta_tests::non_adjacent_scene_foreground_ids_are_ambiguous ... ok
test runtime::surface::revision::view_delta_tests::passive_widget_view_delta_effects_follow_geometry_paint_and_interaction_contracts ... ok
test runtime::surface::revision::view_delta_tests::passive_widgets_supply_exact_revision_evidence_and_safe_float_fallbacks ... ok
test runtime::surface::revision::view_delta_tests::public_widget_mutation_invalidates_cached_evidence_conservatively ... ok
test runtime::controller::refresh::tests::strict_identity_audit_reports_total_count_and_bounded_records ... ok
test runtime::surface::revision::view_delta_tests::reconciliation_attempt_accepts_only_exact_unchanged_evidence ... ok
test runtime::surface::revision::view_delta_tests::retained_child_slot_changes_are_geometry ... ok
test runtime::surface::revision::view_delta_tests::reconciliation_diagnostics_merge_changes_and_conservative_fallbacks ... ok
test runtime::surface::revision::view_delta_tests::runtime_state_mutation_preserves_cached_declarative_evidence ... ok
test runtime::surface::revision::view_delta_tests::split_runtime_generation_is_geometry_without_capability_revision ... ok
test runtime::surface::revision::view_delta_tests::scene_layers_compare_in_canonical_order_and_input_presence_is_structural ... ok
test runtime::surface::revision::view_delta_tests::surface_container_clone_preserves_layout_capability_revision_and_presence ... ok
test runtime::surface::revision::view_delta_tests::scene_layer_insertion_removal_and_kind_moves_pair_conservatively ... ok
test runtime::controller::refresh::tests::strict_identity_audit_marks_deep_paths_as_truncated ... ok
test runtime::surface::revision::view_delta_tests::surface_damage_captures_old_and_new_overlay_rects_without_layout_placeholders ... ok
test runtime::surface::revision::view_delta_tests::surface_damage_merge_coalesces_nodes_and_promotes_capacity ... ok
test runtime::surface::revision::view_delta_tests::surface_damage_is_empty_for_interaction_and_full_viewport_for_capacity_fallback ... ok
test runtime::surface::revision::view_delta_tests::view_delta_classifies_exact_semantic_changes_as_interaction ... ok
test runtime::surface::paint::capacity::tests::estimated_paint_primitive_capacity_caps_large_initial_reserves ... ok
test runtime::surface::source::tests::explicit_effect_owner_markers_follow_keyed_and_overlay_topology_only ... ok
test runtime::surface::source::tests::canonical_source_projection_matches_stats_and_reuses_capacity ... ok
test runtime::surface::source::tests::flattened_local_overlay_keeps_original_scope_when_an_earlier_overlay_is_added ... ok
test runtime::surface::source::tests::raw_public_surface_nodes_are_metadata_free ... ok
test runtime::surface::source::tests::source_traversal_reuse_clears_records_and_retains_capacity ... ok
test runtime::surface::source::tests::identity_origins_keep_only_keyed_forms_as_candidates ... ok
test runtime::surface::source::tests::inferred_keyed_source_scopes_follow_items_across_sibling_reorder ... ok
test runtime::surface::source::tests::synthesized_layer_input_and_foreground_share_overlay_evidence ... ok
test runtime::surface::traversal::index::capacity::tests::additional_reserve_for_capacity_treats_desired_capacity_as_target ... ok
test runtime::surface::source::tests::view_local_overlay_retains_keyed_ancestry_after_flattening ... ok
test runtime::surface::traversal::index::capacity::tests::widget_clip_capacity_is_zero_without_scroll_containers ... ok
test runtime::surface::source::tests::nested_keyed_overlay_topology_keeps_each_candidate_without_a_winner ... ok
test runtime::surface::traversal::index::capacity::tests::widget_clip_capacity_tracks_widgets_when_scroll_containers_exist ... ok
test runtime::surface::source::tests::virtual_layout_wrapper_does_not_promote_generation_identity_to_keyed_evidence ... ok
test runtime::surface::traversal::index::tests::traversal_records_route_to_expected_buckets ... ok
test runtime::controller::refresh::tests::strict_identity_audit_panics_after_committing_cleanup_and_diagnostics ... ok
test runtime::surface::traversal::tests::clip_ancestors_use_inline_storage_for_common_scroll_depths ... ok
test runtime::surface::traversal::tests::traversal_index_clear_for_stats_grows_reused_storage_to_requested_capacity ... ok
test runtime::surface::traversal::tests::traversal_stats_presize_clipped_container_ancestors ... ok
test runtime::surface::traversal::tests::runtime_split_focus_candidates_follow_flat_and_nested_focusable_boundaries ... ok
test runtime::surface::traversal::tests::traversal_tracks_only_widgets_that_need_state_synchronization ... ok
test runtime::surface::traversal::tests::widget_path_uses_inline_storage_for_common_shallow_paths ... ok
test runtime::surface::view::tests::callback_allocation_count_distinguishes_constant_and_dynamic_button_mappers ... ok
test runtime::surface::view::tests::cloning_surface_shares_constant_message_without_cloning_it ... ok
test runtime::surface::view::tests::resolved_environment_is_isolated_per_surface ... ok
test runtime::surface::widget::mapper::tests::cloning_constant_mapper_shares_message_without_cloning_it ... ok
test runtime::surface::view::tests::surface_retains_additive_application_environment_snapshot ... ok
test runtime::surface::widget::mapper::tests::constant_button_mapper_clones_for_typed_button_outputs_only ... ok
test runtime::surface::widget::mapper::tests::constant_mapper_stores_message_without_dynamic_callback ... ok
test runtime::surface::widget::mapper::tests::dynamic_and_filter_mapped_callbacks_remain_available ... ok
test runtime::surface::widget::mapper::tests::dynamic_mapper_invokes_and_drops_ui_local_capture ... ok
test runtime::surface::widget::mapper::tests::event_mapper_does_not_execute_during_equality ... ok
test runtime::surface::widget::mapper::tests::event_mapper_equality_is_typed_conservative_and_cloneable ... ok
test runtime::surface::widget::mapper::tests::dynamic_mapper_keeps_ui_local_capture_and_drops_on_ui_runtime ... ok
test runtime::surface::widget::mapper::tests::typed_mapped_preserves_evidence_and_invokes_only_on_output ... ok
test runtime::surface::widget::mapper::tests::typed_mapper_round_trips_ui_local_payloads_and_preserves_output_identity ... ok
test runtime::testing::tests::config_rejects_invalid_viewport_and_zero_capacity ... ok
test runtime::testing::tests::config_rejects_unwakeupable_timer_capacity ... ok
test runtime::testing::tests::malformed_event_is_rejected_before_production_dispatch ... ok
test runtime::testing::tests::focused_drag_handle_cancellation_uses_the_virtual_clock ... ok
test runtime::testing::tests::focus_and_overlay_use_production_dispatch_and_paint_paths ... ok
test runtime::testing::tests::completion_error_matrix_is_explicit ... ok
test runtime::testing::tests::hover_only_drag_handle_reveals_at_exact_virtual_delay_and_matches_bytes ... ok
test runtime::testing::tests::overlay_dismissal_reprojects_controlled_state ... ok
test runtime::testing::tests::malformed_geometry_fails_closed_through_production_widget_and_overlay_paths ... ok
test runtime::testing::tests::pending_timers_reserve_queue_capacity_from_queued_work ... ok
test runtime::testing::tests::time_and_identifier_overflow_fail_without_publishing ... ok
test runtime::testing::tests::turn_reports_late_capacity_without_publishing_a_partial_snapshot ... ok
test runtime::testing::tests::stale_worker_completion_is_fenced_by_generation_and_waits_for_a_later_turn ... ok
test runtime::testing::tests::publication_is_atomic_and_repeated_runs_are_byte_identical ... ok
test runtime::testing::tests::tooltip_reveals_at_exact_virtual_delay_and_repeated_hosts_match_bytes ... ok
test runtime::testing::tests::virtual_time_releases_opaque_timer_wakes_for_a_later_turn ... ok
test runtime::virtual_layout::tests::coordinate_transform_adapter_rejects_recursive_invocation ... ok
test theme::appearance::tests::fixed_theme_is_invariant_to_every_environment_preference ... ok
test theme::appearance::tests::follow_environment_covers_the_full_scheme_and_contrast_matrix ... ok
test theme::appearance::tests::scale_and_motion_do_not_change_followed_appearance ... ok
test theme::tests::dark_theme_exposes_non_zero_motion_and_state_layers ... ok
test theme::tests::dark_theme_matches_editorial_terminal_palette ... ok
test theme::tests::dark_theme_resolves_viewport_tier_motion_without_compatibility_shell ... ok
test theme::tests::dark_theme_uses_one_workspace_background_and_a_distinct_control_overlay ... ok
test theme::tests::dpi_scale_sanitizes_and_converts_between_native_and_logical_units ... ok
test theme::tests::effective_ui_scale_clamps_and_applies_default_multiplier ... ok
test theme::tests::light_and_high_contrast_palettes_preserve_the_token_schema ... ok
test theme::tests::on_fill_selects_a_readable_foreground_for_bright_warning_surfaces ... ok
test theme::tests::on_fill_uses_gamma_correct_wcag_contrast ... ok
test theme::tests::viewport_width_maps_to_scale_tiers ... ok
test ui_affinity::tests::marker_is_zero_sized ... ok
test widgets::contract::identity::tests::stable_widget_id_is_deterministic_for_same_scope_and_key ... ok
test widgets::contract::identity::tests::stable_widget_id_separates_keys ... ok
test widgets::contract::identity::tests::stable_widget_id_separates_scopes ... ok
test widgets::contract::identity::tests::stable_widget_id_u64_is_deterministic_for_same_scope_and_key ... ok
test widgets::contract::identity::tests::stable_widget_id_u64_separates_keys ... ok
test runtime::testing::tests::step_budget_rejects_unbounded_turn_work ... ok
test widgets::contract::identity::tests::stable_widget_id_u64_separates_scopes ... ok
test widgets::contract::identity::tests::stable_widget_id_u64_uses_a_distinct_key_domain_from_text_keys ... ok
test widgets::contract::revision::tests::conservative_is_the_default_and_stable_fallback ... ok
test widgets::contract::revision::tests::exact_values_compare_by_type_and_eq_without_fingerprints ... ok
test widgets::contract::semantics::tests::semantic_revision_is_typed_and_conservative_by_default ... ok
test widgets::contract::semantics::tests::unknown_v1_contract_does_not_enable_semantics_or_actions ... ok
test widgets::interaction::activation::tests::disabled_activation_clears_pressed_and_ignores_input ... ok
test widgets::interaction::activation::tests::activation_vetoes_return_none_and_preserve_precedence ... ok
test widgets::interaction::activation::tests::focusable_activation_focuses_on_press_and_uses_keyboard ... ok
test widgets::interaction::activation::tests::native_like_keyboard_activation_preserves_accepted_key_press_timestamp ... ok
test widgets::interaction::activation::tests::pointer_activation_tracks_hover_press_and_release ... ok
test widgets::interaction::activation::tests::native_like_pointer_activation_preserves_accepted_release_provenance ... ok
test widgets::interaction::canvas_gesture::state::tests::canvas_gesture_event_accessors_handle_non_pointer_events ... ok
test widgets::interaction::canvas_gesture::state::tests::canvas_gesture_event_exposes_shared_pointer_metadata ... ok
test widgets::interaction::canvas_gesture::state::tests::canvas_gesture_event_extracts_common_event_shapes ... ok
test widgets::interaction::canvas_gesture::state::tests::canvas_gesture_state_clears_drag_on_focus_loss ... ok
test widgets::interaction::canvas_gesture::state::tests::canvas_gesture_state_leaves_public_constructor_metadata_absent ... ok
test widgets::interaction::canvas_gesture::state::tests::canvas_gesture_state_preserves_native_input_metadata_for_every_pointer_gesture ... ok
test widgets::interaction::canvas_gesture::state::tests::canvas_gesture_state_projects_local_and_normalized_positions ... ok
test widgets::interaction::canvas_gesture::state::tests::canvas_gesture_state_tracks_press_drag_and_release ... ok
test widgets::interaction::edit::tests::begins_are_distinct_and_copied_transactions_keep_identity ... ok
test widgets::interaction::edit::tests::cancellation_restores_starting_value_from_begin_or_update ... ok
test widgets::interaction::edit::tests::edit_phases_mark_only_commit_and_cancel_terminal ... ok
test widgets::interaction::edit::tests::edit_types_provide_the_required_copy_and_identity_traits ... ok
test widgets::interaction::edit::tests::every_source_category_is_explicit_even_without_native_metadata ... ok
test widgets::interaction::edit::tests::lifecycle_preserves_identity_and_start_while_metadata_changes ... ok
test widgets::interaction::edit::tests::source_mismatch_and_terminal_predecessors_are_rejected ... ok
test widgets::interaction::edit::tests::transaction_debug_redacts_process_local_identity ... ok
test widgets::interaction::format::tests::caps_requested_precision_at_the_bounded_maximum ... ok
test widgets::interaction::format::tests::applies_requested_precision_to_each_form ... ok
test widgets::interaction::format::tests::changes_only_the_decimal_separator ... ok
test widgets::interaction::format::tests::maps_writer_failure_to_typed_error ... ok
test widgets::interaction::format::tests::frequency_uses_two_fractional_digits_by_default ... ok
test widgets::interaction::format::tests::policy_types_are_copy_and_accessors_expose_the_definition ... ok
test widgets::interaction::format::tests::rejects_nonfinite_values_before_writing ... ok
test widgets::interaction::input::composition::tests::direct_commit_and_cancel_constructors_are_timestamp_free ... ok
test widgets::interaction::input::composition::tests::exact_timestamp_constructors_preserve_the_supplied_timestamp ... ok
test widgets::interaction::format::tests::writes_decimal_percent_and_frequency_forms ... ok
test widgets::interaction::input::composition::tests::focused_start_context_keeps_both_exact_scalar_ranges ... ok
test widgets::interaction::input::composition::tests::scalar_ranges_are_bounded_half_open_values ... ok
test widgets::interaction::input::composition::tests::update_validation_uses_unicode_scalar_length_and_keeps_synthetic_timestamp_absent ... ok
test widgets::interaction::input::event::tests::key_release_metadata_constructor_preserves_payload ... ok
test widgets::interaction::input::event::tests::public_keyboard_constructors_omit_sample_metadata ... ok
test widgets::interaction::input::event::tests::widget_input_constructors_preserve_pointer_payloads ... ok
test widgets::interaction::input::event::tests::widget_input_reports_pointer_position_by_event_family ... ok
test widgets::interaction::input::keyboard::tests::keyboard_modifiers_preserve_distinct_command_and_control_state ... ok
test widgets::interaction::input::keyboard::tests::widget_key_ignores_non_widget_key_codes ... ok
test widgets::interaction::input::keyboard::tests::widget_key_maps_supported_gui_key_codes ... ok
test widgets::interaction::input::text_edit::tests::text_edit_commands_preserve_selection_intent ... ok
test widgets::interaction::input::keyboard::tests::widget_key_round_trips_supported_key_codes ... ok
test widgets::interaction::input::wheel::tests::validated_delta_constructors_preserve_units_and_reject_nonfinite_values ... ok
test widgets::interaction::messages::drag::tests::drag_handle_message_classifies_terminal_drag_phases ... ok
test runtime::testing::trace::tests::canonical_round_trip_and_preflight_rejections ... ok
test widgets::interaction::messages::drag::tests::drag_handle_phase_exposes_stable_diagnostic_labels ... ok
test widgets::interaction::input::wheel::tests::sample_preserves_phase_and_projects_only_for_legacy_dispatch ... ok
test widgets::interaction::messages::drag::tests::drag_handle_message_constructors_preserve_variant_semantics ... ok
test widgets::interaction::messages::drag::tests::drag_handle_public_constructors_leave_input_metadata_absent ... ok
test widgets::interaction::messages::text_input::tests::text_input_message_kind_classifies_each_variant ... ok
test widgets::interaction::messages::text_input::tests::text_input_message_parts_expose_kind_and_borrowed_value ... ok
test widgets::interaction::numeric_adjustment::tests::discrete_steps_clamp_at_declared_boundaries ... ok
test widgets::interaction::numeric_adjustment::tests::linear_mapping_is_finite_and_round_trips ... ok
test widgets::interaction::numeric_adjustment::tests::logarithmic_mapping_uses_normalized_steps ... ok
test widgets::interaction::numeric_adjustment::tests::public_trait_is_implemented_by_private_policy ... ok
test widgets::interaction::numeric_adjustment::tests::rejects_invalid_ranges_steps_and_sensitivities ... ok
test widgets::interaction::numeric_adjustment::tests::rejects_nonfinite_inputs ... ok
test widgets::interaction::numeric_adjustment::tests::scrub_uses_bounded_step_sensitivity_and_clamps ... ok
test widgets::interaction::numeric_adjustment::tests::value_mapping_kind_remains_available_for_policy_evidence ... ok
test widgets::interaction::numeric_adjustment::tests::wheel_applies_selected_step_and_clamps ... ok
test widgets::interaction::numeric_edit::tests::cancellation_restores_start_with_same_source_metadata_changes ... ok
test widgets::interaction::numeric_edit::tests::commits_caller_certified_value_with_same_source_metadata_changes ... ok
test widgets::interaction::numeric_edit::tests::foreign_source_preserves_session_for_commit_and_cancel ... ok
test widgets::interaction::numeric_edit::tests::preserves_verbatim_drafts_without_typed_updates ... ok
test widgets::interaction::numeric_edit::tests::successful_terminal_transitions_consume_the_session ... ok
test widgets::interaction::numeric_ownership::tests::every_ordered_distinct_owner_conflict_keeps_the_incumbent ... ok
test widgets::interaction::numeric_ownership::tests::foreign_release_cannot_clear_the_incumbent ... ok
test widgets::interaction::numeric_ownership::tests::matching_release_clears_the_gate_for_fresh_admission ... ok
test widgets::interaction::numeric_ownership::tests::same_owner_readmission_is_denied_without_reacquiring ... ok
test widgets::interaction::numeric_policy::tests::canonical_editable_format_round_trips_through_the_same_policy ... ok
test widgets::interaction::numeric_policy::tests::classifies_incomplete_invalid_out_of_range_and_valid_text ... ok
test widgets::interaction::numeric_policy::tests::formatting_rejects_nonfinite_out_of_range_and_failed_writes ... ok
test widgets::interaction::numeric_policy::tests::preserves_incomplete_drafts_and_requires_invariant_grammar ... ok
test widgets::interaction::numeric_policy::tests::rejects_nonfinite_values_and_invalid_policy_ranges ... ok
test widgets::interaction::numeric_step_modifiers::tests::defaults_and_accessors_are_explicit ... ok
test widgets::interaction::numeric_step_modifiers::tests::every_modifier_matches_only_its_normalized_field ... ok
test widgets::interaction::numeric_step_modifiers::tests::same_fine_and_coarse_selector_stays_fine ... ok
test widgets::interaction::numeric_step_modifiers::tests::selection_is_deterministic_and_fine_wins_overlaps ... ok
test widgets::interaction::provenance::tests::shared_provenance_types_are_copy_and_eq ... ok
test widgets::interaction::provenance::tests::source_maps_every_provenance_variant ... ok
test widgets::interaction::value::tests::accessors_expose_mapping_definition ... ok
test widgets::interaction::value::tests::constructors_reject_invalid_ranges_with_typed_errors ... ok
test widgets::interaction::value::tests::finite_inputs_are_clamped_to_the_mapping_boundaries ... ok
test widgets::interaction::value::tests::linear_mapping_has_finite_endpoints_and_f64_intermediate_behavior ... ok
test widgets::interaction::value::tests::logarithmic_mapping_uses_geometric_midpoint ... ok
test widgets::interaction::value::tests::nonfinite_inputs_are_rejected ... ok
test widgets::interaction::value::tests::value_mapping_kind_is_available_through_the_public_widgets_surface ... ok
test widgets::primitives::badge::tests::badge_can_be_marked_active ... ok
test widgets::primitives::badge::tests::badge_releases_inside_bounds_emit_activation ... ok
test widgets::primitives::badge::tests::focused_badge_enter_emits_activation ... ok
test widgets::primitives::badge::tests::pointer_capture_cancellation_clears_badge_press_without_losing_focus ... ok
test widgets::primitives::button::tests::button_activation_vetoes_unarmed_bounds_focus_loss_disabled_and_unsupported_inputs ... ok
test widgets::primitives::button::tests::automation_marker_is_added_only_when_button_state_is_active ... ok
test widgets::primitives::button::tests::button_message_helpers_classify_common_outputs ... ok
test widgets::primitives::button::tests::button_chrome_shares_fill_and_stroke_point_storage ... ok
test widgets::primitives::button::tests::button_opts_into_state_synchronization ... ok
test widgets::primitives::button::tests::button_releases_inside_bounds_emit_activation ... ok
test widgets::primitives::button::tests::button_state_synchronization_separates_runtime_and_declarative_state ... ok
test widgets::primitives::button::tests::button_text_alignment_can_be_overridden ... ok
test widgets::primitives::button::tests::draggable_button_capture_cancellation_cancels_drag_without_losing_focus ... ok
test widgets::primitives::button::tests::draggable_button_focus_loss_cancels_drag ... ok
test widgets::primitives::button::tests::draggable_button_emits_drag_lifecycle_instead_of_click_when_moved ... ok
test widgets::primitives::button::tests::draggable_button_ignores_tiny_pointer_jitter_before_click_release ... ok
test widgets::primitives::button::tests::caller_owned_trailing_svg_remains_untinted ... ok
test widgets::primitives::button::tests::draggable_button_release_after_capture_state_restore_ends_drag ... ok
test widgets::primitives::button::tests::focused_button_space_emits_activation ... ok
test widgets::primitives::button::tests::hover_chrome_only_button_keeps_idle_selected_and_active_chrome ... ok
test widgets::primitives::button::tests::hover_chrome_only_button_paints_only_when_hovered ... ok
test widgets::primitives::button::tests::draggable_button_sanitizes_threshold_start_sequence_range_but_preserves_moved_range ... ok
test widgets::primitives::button::tests::input_only_button_does_not_paint_chrome_or_text ... ok
test widgets::primitives::button::tests::catalog_trailing_icon_follows_enabled_and_disabled_foreground ... ok
test widgets::primitives::button::tests::secondary_click_only_emits_when_enabled ... ok
test widgets::primitives::button::tests::selected_button_has_leading_marker_and_combined_states_keep_both_cues ... ok
test widgets::primitives::button::tests::synthetic_button_inputs_keep_pointer_and_keyboard_sources_without_evidence ... ok
test widgets::primitives::drag_handle::input::tests::drag_handle_double_click_emits_double_activate ... ok
test widgets::primitives::drag_handle::input::tests::drag_handle_focus_loss_cancels_active_drag ... ok
test widgets::primitives::drag_handle::input::tests::drag_handle_preserves_native_metadata_and_only_moves_carry_sequences ... ok
test widgets::primitives::drag_handle::tests::full_height_rail_remains_visible_with_hover_only_chrome ... ok
test widgets::primitives::drag_handle::tests::hover_chrome_only_drag_handle_hides_idle_paint ... ok
test widgets::primitives::drag_handle::tests::hover_chrome_only_drag_handle_paints_while_pressed ... ok
test widgets::primitives::drag_handle::tests::hover_delay_restarts_when_focus_loss_cancels_a_pressed_handle ... ok
test widgets::primitives::drag_handle::tests::pointer_capture_cancellation_clears_drag_without_losing_focus ... ok
test widgets::primitives::drag_handle::tests::trailing_rail_lights_full_height_without_painting_handle_glyphs ... ok
test widgets::primitives::drag_handle::tests::trailing_rail_reactivates_on_first_reentry_after_release_outside ... ok
test widgets::primitives::icon_button::tests::bare_icon_button_paints_icon_without_button_chrome ... ok
test widgets::primitives::icon_button::tests::icon_button_uses_single_semantic_chrome_layer_for_interaction_states ... ok
test widgets::primitives::icon_button::tests::bare_icon_button_automation_marker_is_state_gated ... ok
test widgets::primitives::icon_button::tests::bare_icon_button_can_swap_fill_icon_on_hover_without_extra_chrome ... ok
test widgets::primitives::icon_button::tests::selected_focused_automation_icon_buttons_keep_each_structural_cue ... ok
test widgets::primitives::icon_button::tests::selected_icon_button_marker_is_present_for_standard_and_bare_chrome ... ok
test widgets::primitives::interactive_row::tests::actions::interactive_row_actions_routes_activation_and_secondary_with_one_key ... ok
test widgets::primitives::interactive_row::tests::actions::interactive_row_actions_routes_keyed_modifier_activation_secondary_and_drag ... ok
test widgets::primitives::interactive_row::tests::actions::interactive_row_actions_routes_keyed_tree_drop_row_actions ... ok
test widgets::primitives::interactive_row::tests::actions::interactive_row_actions_routes_modifier_primary_and_double_with_one_key ... ok
test widgets::primitives::interactive_row::tests::actions::interactive_row_actions_routes_single_modifiers_or_double_to_same_action ... ok
test widgets::primitives::interactive_row::tests::actions::interactive_row_actions_routes_single_or_double_activation_with_key ... ok
test widgets::primitives::interactive_row::tests::actions::interactive_row_actions_routes_tracked_drop_candidate_clear ... ok
test widgets::primitives::interactive_row::tests::actions::legacy_interactive_row_actions_remain_send_sync ... ok
test widgets::primitives::interactive_row::tests::actions::interactive_row_actions_routes_single_or_double_activation_to_same_action ... ok
test widgets::primitives::interactive_row::tests::actions::local_actions_route_full_matrix_with_non_send_key_and_release_callbacks ... ok
test widgets::primitives::interactive_row::tests::embedded::embedded_interactive_row_widget_routes_configured_actions_by_default ... ok
test widgets::primitives::interactive_row::tests::embedded::embedded_interactive_row_widget_routes_ui_local_actions ... ok
test widgets::primitives::interactive_row::tests::actions::shared_and_local_action_routers_produce_the_same_representative_messages ... ok
test widgets::primitives::interactive_row::tests::embedded::synchronize_from_previous_embedded_preserves_custom_row_state ... ok
test widgets::primitives::interactive_row::tests::embedded::embedded_interactive_row_widget_routes_widget_contract ... ok
test widgets::primitives::interactive_row::tests::input::active_drag_work_keeps_stable_pointer_motion_routed ... ok
test widgets::primitives::interactive_row::tests::input::accessors_expose_identity_and_common_contract_for_custom_row_wrappers ... ok
test widgets::primitives::interactive_row::tests::input::coalesced_row_drag_preserves_press_origin_and_current_pointer ... ok
test runtime::gpu_surface::signal_window::tests::precise_shader_parses_and_validates ... ok
test widgets::primitives::interactive_row::tests::input::double_click_outside_or_non_primary_is_vetoed_without_state_mutation ... ok
test widgets::primitives::interactive_row::tests::input::double_click_press_keeps_visual_pressed_until_release_without_single_activation ... ok
test widgets::primitives::interactive_row::tests::input::drop_target_mode_configures_hover_and_drop_only_states ... ok
test widgets::primitives::interactive_row::tests::input::explicit_hover_messages_keep_stable_pointer_motion_routed ... ok
test widgets::primitives::interactive_row::tests::input::focus_loss_clears_pressed_row_before_drag_starts ... ok
test widgets::primitives::interactive_row::tests::input::focus_loss_preserves_started_row_drag ... ok
test widgets::primitives::interactive_row::tests::input::handle_input_mapped_routes_custom_row_output ... ok
test widgets::primitives::interactive_row::tests::input::inert_drag_active_rows_do_not_accept_stable_pointer_motion ... ok
test widgets::primitives::interactive_row::tests::input::native_modifier_aware_primary_release_preserves_exact_single_activation_provenance ... ok
test widgets::primitives::interactive_row::tests::input::native_plain_primary_release_preserves_exact_single_activation_provenance ... ok
test widgets::primitives::interactive_row::tests::input::native_pointer_move_metadata_reaches_each_move_derived_row_message ... ok
test widgets::primitives::interactive_row::tests::input::native_primary_double_click_preserves_second_sample_provenance ... ok
test widgets::primitives::interactive_row::tests::input::normal_hover_emits_hover_position ... ok
test widgets::primitives::interactive_row::tests::input::ordinary_hover_does_not_keep_stable_pointer_motion_routed_by_default ... ok
test widgets::primitives::interactive_row::tests::input::pointer_capture_cancellation_cancels_row_drag_without_losing_focus ... ok
test widgets::primitives::interactive_row::tests::input::row_keyboard_activation_preserves_native_and_synthetic_timestamp_sources ... ok
test widgets::primitives::interactive_row::tests::input::small_pressed_motion_does_not_start_row_drag ... ok
test widgets::primitives::interactive_row::tests::input::synchronize_from_previous_clears_retained_drag_when_host_drag_becomes_idle ... ok
test widgets::primitives::interactive_row::tests::input::synchronize_from_previous_preserves_ordinary_pressed_row_state ... ok
test widgets::primitives::interactive_row::tests::input::synthetic_pointer_move_and_non_move_messages_use_default_metadata ... ok
test widgets::primitives::interactive_row::tests::input::threshold_crossing_row_drag_sanitizes_start_sequence_range_but_preserves_moved_range ... ok
test widgets::primitives::interactive_row::tests::input::tracked_drop_candidate_hover_emits_clear_for_non_candidate_when_target_active ... ok
test widgets::primitives::interactive_row::tests::input::tracked_drop_candidate_hover_emits_target_for_candidate ... ok
test widgets::primitives::interactive_row::tests::paint_chrome::paint_plan_with_defaults_exposes_query_helpers_for_one_widget ... ok
test widgets::primitives::interactive_row::tests::paint_chrome::push_dense_chrome_uses_row_state_and_identity ... ok
test widgets::primitives::interactive_row::tests::paint_chrome::push_dense_fill_uses_row_state_and_identity ... ok
test widgets::primitives::interactive_row::tests::paint_chrome::push_dense_labeled_chrome_uses_row_state_identity_and_label ... ok
test widgets::primitives::interactive_row::tests::visual_state::dense_visual_state_merges_host_and_interaction_state ... ok
test widgets::primitives::interactive_row::tests::visual_state::dense_visual_state_preserves_default_host_state ... ok
test widgets::primitives::interactive_row::tests::visual_state::paints_interaction_fill_tracks_hover_and_drag_policy ... ok
test widgets::primitives::knob::domain::tests::domain_construction_and_default_inverse_are_checked_once_without_cloning_errors ... ok
test widgets::primitives::knob::domain::tests::domain_focus_capture_and_disabled_cancellation_are_explicit_and_restore_start ... ok
test widgets::primitives::knob::domain::tests::domain_formatting_and_reprojection_keep_domain_display_and_interaction_state ... ok
test widgets::primitives::knob::domain::tests::domain_keyboard_and_wheel_gestures_are_atomic_and_mapping_failures_are_typed ... ok
test widgets::primitives::knob::domain::tests::domain_pointer_lifecycle_maps_once_and_preserves_metadata ... ok
test widgets::primitives::knob::domain::tests::domain_pointer_mapping_failure_restores_full_state_and_external_retry_can_succeed ... ok
test widgets::primitives::knob::domain::tests::domain_reset_uses_cached_default_without_remapping_and_emits_noop_reset ... ok
test widgets::primitives::knob::tests::knob_emits_gesture_start_value_end_and_reset ... ok
test widgets::primitives::knob::tests::focused_automation_knob_keeps_focus_ring_and_automation_marker ... ok
test widgets::primitives::knob::tests::knob_focus_loss_ends_active_pointer_gesture_once ... ok
test widgets::primitives::knob::tests::knob_ignores_ineffective_wheel_inputs_and_preserves_pointer_drag ... ok
test widgets::primitives::knob::tests::knob_keyboard_gesture_batch_requires_focus_and_preserves_clamped_order ... ok
test widgets::primitives::knob::tests::knob_keyboard_gesture_preserves_timestamp_for_an_accepted_value_change ... ok
test widgets::primitives::knob::tests::knob_keyboard_gesture_vetoes_unfocused_disabled_unsupported_and_noop_keys ... ok
test widgets::primitives::knob::tests::knob_paints_270_degree_track_and_value_arc ... ok
test widgets::primitives::knob::tests::knob_pointer_drop_forwards_terminal_metadata ... ok
test widgets::primitives::knob::tests::knob_paints_all_state_variants_with_non_color_automation_marker ... ok
test widgets::primitives::knob::tests::knob_pointer_gesture_forwards_native_metadata_by_phase ... ok
test widgets::primitives::knob::tests::knob_pointer_gesture_metadata_is_not_reported_for_keyboard_or_wheel ... ok
test widgets::primitives::knob::tests::knob_pointer_gesture_omits_clamped_noop_moves ... ok
test widgets::primitives::knob::tests::knob_pointer_gesture_uses_empty_metadata_for_synthetic_and_focus_loss ... ok
test widgets::primitives::knob::tests::knob_reset_emits_once_when_value_already_equals_default ... ok
test widgets::primitives::knob::tests::knob_reset_forwards_native_metadata_and_cleans_pointer_state ... ok
test widgets::primitives::knob::tests::knob_reset_ignores_outside_disabled_and_disabled_inputs ... ok
test widgets::primitives::knob::tests::knob_shift_fine_drag_tracks_modifier_changes_without_restarting_gesture ... ok
test widgets::primitives::knob::tests::knob_wheel_gesture_preserves_native_metadata_and_sequence_ranges ... ok
test widgets::primitives::knob::tests::knob_wheel_gesture_uses_logical_vertical_sign_and_shift_fine_step ... ok
test widgets::primitives::knob::tests::knob_wheel_synthetic_and_missing_metadata_use_default_options ... ok
test widgets::primitives::knob::tests::secondary_terminal_inputs_do_not_cancel_primary_knob_gesture ... ok
test widgets::primitives::knob::tests::selected_knob_has_distinct_structure_from_default_neutral_knob ... ok
test widgets::primitives::knob::typed_tests::knob_edit_batch_is_bounded_copyable_and_projects_rollbacks ... ok
test widgets::primitives::knob::typed_tests::retained_knob_cancellation_rolls_back_on_focus_and_capture_loss ... ok
test widgets::primitives::knob::typed_tests::legacy_knob_paths_preserve_focus_terminal_value_and_suppress_capture_cancel ... ok
test widgets::primitives::knob::typed_tests::knob_mappers_preserve_legacy_projection_and_accept_typed_batches ... ok
test widgets::primitives::knob::typed_tests::retained_knob_pointer_lifecycle_preserves_relative_motion_metadata_and_capture_exclusion ... ok
test widgets::primitives::knob::typed_tests::retained_knob_reprojection_keeps_transaction_and_fresh_value_authority ... ok
test widgets::primitives::marker_run::tests::color_marker_run_can_paint_one_marker_per_color ... ok
test widgets::primitives::knob::typed_tests::retained_knob_formats_automation_text_and_keeps_fallback_text ... ok
test widgets::primitives::marker_run::tests::empty_or_transparent_marker_runs_paint_no_rects ... ok
test widgets::primitives::marker_run::tests::overflowing_marker_run_clips_rects_to_bounds ... ok
test widgets::primitives::knob::typed_tests::retained_knob_keyboard_wheel_and_reset_are_atomic_and_preserve_metadata ... ok
test widgets::primitives::marker_run::tests::right_aligned_marker_run_respects_gap_and_inset ... ok
test widgets::primitives::marker_run::tests::same_color_marker_run_batches_multiple_rects ... ok
test widgets::primitives::marker_run::tests::single_marker_run_stays_as_single_fill_rect ... ok
test widgets::primitives::numeric_input::tests::accessibility_increment_and_decrement_are_base_atomic_edits ... ok
test widgets::primitives::numeric_input::tests::accessibility_no_change_suppresses_formatting_and_releases_owner ... ok
test widgets::primitives::numeric_input::tests::accessibility_failures_are_typed_and_leave_exact_state_unchanged ... ok
test widgets::primitives::numeric_input::tests::accessibility_owner_admission_is_non_mutating_and_conservative ... ok
test widgets::primitives::numeric_input::tests::accessibility_set_value_text_parses_once_and_publishes_canonical_text ... ok
test widgets::primitives::numeric_input::tests::arrow_key_samples_remain_no_ops_in_compatibility_and_without_policy ... ok
test widgets::primitives::numeric_input::tests::compatible_keyboard_reprojection_preserves_state_and_capture ... ok
test widgets::primitives::numeric_input::tests::compatible_replacement_preserves_active_session_for_normal_sync ... ok
test widgets::primitives::numeric_input::tests::complete_mode_disabled_and_read_only_inputs_are_silent ... ok
test widgets::primitives::numeric_input::tests::competing_and_orphan_keyboard_samples_do_not_mutate_or_reenter_host_path ... ok
test widgets::primitives::numeric_input::tests::complete_mode_wraps_enter_and_focus_loss_in_one_unchanged_edit ... ok
test widgets::primitives::numeric_input::tests::complete_mode_wraps_escape_and_all_replacement_cancels_once ... ok
test widgets::primitives::numeric_input::tests::complete_wheel_ignores_orphan_phaseful_samples_without_policy_or_state_changes ... ok
test widgets::primitives::numeric_input::tests::complete_wheel_consumes_exact_units_atomically_and_keeps_legacy_vectors_unhandled ... ok
test widgets::primitives::numeric_input::tests::complete_wheel_explicit_sequence_preserves_transaction_metadata_and_pending_end ... ok
test widgets::primitives::numeric_input::tests::complete_wheel_escape_focus_loss_and_compatible_reprojection_restore_or_preserve_state ... ok
test widgets::primitives::numeric_input::tests::complete_wheel_initial_and_active_failures_are_typed_with_ordered_rollback ... ok
test widgets::primitives::numeric_input::tests::complete_wheel_rejects_unusable_or_conflicting_samples_and_unchanged_atomic_values ... ok
test widgets::primitives::numeric_input::tests::composition::invalid_composition_commit_becomes_correctable_text_edit ... ok
test widgets::primitives::numeric_input::tests::composition::numeric_composition_commit_reuses_text_sanitization_and_commits_once ... ok
test widgets::primitives::numeric_input::tests::composition::numeric_composition_keeps_hidden_native_selection_absent ... ok
test widgets::primitives::numeric_input::tests::composition::numeric_composition_cancel_and_focus_loss_restore_the_captured_selection ... ok
test widgets::primitives::numeric_input::tests::composition::numeric_composition_keeps_nonmatching_keys_routable ... ok
test widgets::primitives::numeric_input::tests::composition::numeric_composition_keeps_preedit_local_and_does_not_parse_or_publish ... ok
test widgets::primitives::numeric_input::tests::composition::numeric_composition_survives_compatible_reprojection_and_cancels_incompatible_replacement ... ok
test widgets::primitives::numeric_input::tests::composition::numeric_hidden_composition_context_paint_scales_and_preserves_owner_state ... ok
test widgets::primitives::numeric_input::tests::composition::numeric_hidden_composition_suppresses_embedded_text_input_adornments ... ok
test widgets::primitives::numeric_input::tests::construction_formats_generic_private_fixtures_and_validates_inverse ... ok
test widgets::primitives::numeric_input::tests::construction_reports_codec_and_adjustment_failures_without_fallbacks ... ok
test widgets::primitives::numeric_input::tests::disabled_and_read_only_inputs_do_not_mutate_or_start_sessions ... ok
test widgets::primitives::numeric_input::tests::draft_mutation_is_verbatim_has_no_typed_output_and_does_not_reformat_or_adjust ... ok
test widgets::primitives::numeric_input::tests::escape_emits_begin_cancel_and_restores_starting_value_and_draft ... ok
test widgets::primitives::numeric_input::tests::denied_text_admission_precedes_policy_calls_and_preserves_widget_state ... ok
test widgets::primitives::numeric_input::tests::explicit_keyboard_policies_select_base_fine_and_coarse_per_sample ... ok
test widgets::primitives::numeric_input::tests::first_mutation_admits_text_edit_and_continuation_keeps_one_session ... ok
test widgets::primitives::numeric_input::tests::inactive_reprojection_keeps_fresh_canonical_text_and_common_focus_state ... ok
test widgets::primitives::numeric_input::tests::incompatible_keyboard_reprojection_cancels_for_authority_mode_and_accessibility_boundaries ... ok
test widgets::primitives::numeric_input::tests::inactive_and_repeated_replacement_teardown_are_no_ops ... ok
test widgets::primitives::numeric_input::tests::incomplete_and_out_of_range_drafts_are_retained_without_terminal_output ... ok
test widgets::primitives::numeric_input::tests::keyboard_disablement_and_read_only_state_deny_initial_admission ... ok
test widgets::primitives::numeric_input::tests::keyboard_escape_focus_loss_and_replacement_cancel_once_and_restore_snapshot ... ok
test widgets::primitives::numeric_input::tests::keyboard_transaction_preserves_changed_modifiers_timestamps_and_release ... ok
test widgets::primitives::numeric_input::tests::keyboard_widget_focus_routing_opt_in_tracks_only_active_complete_policy ... ok
test widgets::primitives::numeric_input::tests::legacy_pointer_capture_cancellation_preserves_active_text_edit_state ... ok
test widgets::primitives::numeric_input::tests::navigation_keys_remain_text_navigation_when_keyboard_adjustment_is_configured ... ok
test widgets::primitives::numeric_input::tests::no_op_first_mutation_releases_text_admission ... ok
test widgets::primitives::numeric_input::tests::numeric_text_input_forwards_staged_native_caret_to_embedded_text_lane ... ok
test widgets::primitives::numeric_input::tests::initial_keyboard_failures_are_typed_and_leave_no_transaction_or_capture ... ok
test widgets::primitives::numeric_input::tests::numeric_text_scale_start_alignment_maps_generic_caret_and_drag_in_ltr_and_rtl ... ok
test widgets::primitives::numeric_input::tests::keyboard_admission_denies_text_and_other_numeric_owners_before_policy_calls ... ok
test widgets::primitives::numeric_input::tests::numeric_text_scale_resolves_intrinsic_metrics_and_context_paint_once ... ok
test widgets::primitives::numeric_input::tests::output_mode_changes_retire_old_encoder_and_never_inherit_active_state ... ok
test widgets::primitives::numeric_input::tests::pointer_scrub_admission_requires_explicit_complete_alt_primary_configuration ... ok
test widgets::primitives::numeric_input::tests::pointer_scrub_first_effective_move_and_release_preserve_exact_metadata ... ok
test widgets::primitives::numeric_input::tests::pointer_scrub_initial_and_active_adjustment_failures_are_typed_and_rollback ... ok
test widgets::primitives::numeric_input::tests::pointer_scrub_capture_loss_and_replacement_cancel_once ... ok
test widgets::primitives::numeric_input::tests::pointer_scrub_is_blocked_by_text_and_keyboard_owners_before_policy_calls ... ok
test widgets::primitives::numeric_input::tests::pointer_scrub_initial_and_active_format_failures_are_typed_and_rollback ... ok
test widgets::primitives::numeric_input::tests::pointer_scrub_modifier_changes_reanchor_and_fine_wins_over_coarse ... ok
test widgets::primitives::numeric_input::tests::pointer_scrub_pending_and_active_cancellation_restore_the_exact_ui_snapshot ... ok
test widgets::primitives::numeric_input::tests::pointer_scrub_rejects_invalid_press_and_move_geometry_without_policy_calls ... ok
test widgets::primitives::numeric_input::tests::pointer_scrub_wheel_and_non_pointer_inputs_remain_unhandled ... ok
test widgets::primitives::numeric_input::tests::pointer_scrub_zero_and_subquantum_moves_are_allocation_free_no_ops_and_accumulate ... ok
test widgets::primitives::numeric_input::tests::repeat_failures_rollback_before_typed_failure_and_orphan_the_release ... ok
test widgets::primitives::numeric_input::tests::replacement_teardown_cancels_identity_disabled_and_read_only_successors ... ok
test widgets::primitives::numeric_input::tests::replacement_teardown_cancels_removed_incompatible_and_changed_value_once ... ok
test widgets::primitives::numeric_input::tests::replacement_teardown_restores_invalid_incomplete_and_out_of_range_without_policy_calls ... ok
test widgets::primitives::numeric_input::tests::same_complete_mode_replacement_preserves_active_session ... ok
test widgets::primitives::numeric_input::tests::same_value_reprojection_retains_draft_caret_selection_and_session_but_changed_value_resets ... ok
test widgets::primitives::numeric_input::tests::selection_navigation_pointer_and_wheel_do_not_start_or_scrub_numeric_edits ... ok
test widgets::primitives::numeric_input::tests::step_modifier_configuration_is_stored_and_cloned_without_consumption ... ok
test widgets::primitives::numeric_input::tests::ui_local_non_clone_policies_are_accepted_by_the_consumer ... ok
test widgets::primitives::numeric_input::tests::unchanged_initial_and_repeat_steps_do_not_format_or_publish ... ok
test widgets::primitives::numeric_input::tests::valid_enter_emits_begin_then_commit_with_one_keyboard_transaction ... ok
test widgets::primitives::numeric_input::tests::valid_focus_loss_commits_and_invalid_focus_loss_vetoes_idempotently ... ok
test widgets::primitives::pointer_shield::tests::preserves_normalized_pointer_metadata_in_messages ... ok
test widgets::primitives::pointer_shield::tests::public_widget_input_constructors_keep_message_metadata_absent ... ok
test widgets::primitives::scrollbar::retained::tests::cancellation_does_not_relabel_the_previous_native_timestamp_as_a_loss_timestamp ... ok
test widgets::primitives::scrollbar::retained::tests::capture_loss_rolls_back_once_and_noop_cancel_is_still_typed ... ok
test widgets::primitives::scrollbar::retained::tests::keyboard_repeats_are_distinct_atomic_edits_and_bounds_are_noops ... ok
test widgets::primitives::scrollbar::retained::tests::controlled_replacement_retires_old_pointer_without_overwriting_new_offset ... ok
test widgets::primitives::scrollbar::retained::tests::discrete_and_phaseless_wheel_are_atomic_and_cannot_join_pointer_owner ... ok
test widgets::primitives::scrollbar::retained::tests::controlled_echo_preserves_live_transaction_and_geometry_replacement_retires_it ... ok
test widgets::primitives::scrollbar::retained::tests::explicit_wheel_burst_has_one_transaction_and_duplicate_end_is_inert ... ok
test widgets::primitives::scrollbar::retained::tests::nonfinite_pointer_and_readonly_state_cannot_publish_late_update ... ok
test widgets::primitives::scrollbar::retained::tests::pointer_release_includes_final_motion_and_commits_once ... ok
test widgets::primitives::scrollbar::retained::tests::returning_to_start_is_an_effective_update_not_suppressed ... ok
test widgets::primitives::scrollbar::retained::tests::semantic_edits_preserve_source_and_reject_invalid_or_conflicting_requests ... ok
test widgets::primitives::scrollbar::retained::tests::wheel_cancel_and_focus_loss_restore_start_with_no_duplicate_terminal ... ok
test widgets::primitives::scrollbar::tests::pointer_capture_cancellation_clears_scrollbar_drag_without_losing_focus ... ok
test widgets::primitives::scrollbar::tests::scrollbar_drag_emits_clamped_offset_changes ... ok
test widgets::primitives::slider::tests::focused_slider_responds_to_keyboard_steps ... ok
test widgets::primitives::scrollbar::tests::scrollbar_track_click_centers_thumb ... ok
test widgets::primitives::slider::tests::slider_accepts_runtime_pointer_move_for_live_dragging ... ok
test widgets::primitives::slider::tests::retained_slider_formats_automation_text_and_keeps_fallback_text ... ok
test widgets::primitives::slider::tests::slider_automation_marker_is_state_gated ... ok
test widgets::primitives::slider::tests::slider_can_paint_a_custom_height_track_border ... ok
test widgets::primitives::slider::tests::slider_disabled_or_read_only_reprojection_drops_retained_pointer_transaction ... ok
test widgets::primitives::slider::tests::slider_domain_inverse_results_are_checked_without_clamping ... ok
test widgets::primitives::slider::tests::slider_domain_forward_failures_do_not_advance_normalized_or_displayed_value ... ok
test widgets::primitives::slider::tests::slider_domain_maps_endpoints_and_midpoint_once_without_adjustment_actions ... ok
test widgets::primitives::slider::tests::slider_domain_terminal_capture_failure_keeps_focus_cleanup ... ok
test widgets::primitives::slider::tests::slider_domain_terminal_release_failure_preserves_value_but_finishes_edit ... ok
test widgets::primitives::slider::tests::slider_focus_and_capture_cancellation_restore_start_without_commit ... ok
test widgets::primitives::slider::tests::slider_edit_batch_is_copyable_bounded_and_projects_lifecycle_values ... ok
test widgets::primitives::slider::tests::slider_keyboard_batches_are_atomic_timestamped_and_noop_keys_emit_nothing ... ok
test widgets::primitives::slider::tests::slider_paints_progress_track_without_thumb_handle ... ok
test widgets::primitives::slider::tests::slider_pointer_admission_ignores_repeated_secondary_and_noop_cancellation_inputs ... ok
test widgets::primitives::slider::tests::slider_pointer_batches_preserve_boundaries_and_exact_sample_provenance ... ok
test widgets::primitives::slider::tests::slider_pointer_drag_emits_clamped_values ... ok
test widgets::primitives::slider::tests::slider_reprojection_preserves_pointer_transaction_but_keeps_fresh_value_authoritative ... ok
test widgets::primitives::slider::tests::slider_same_value_press_and_release_keep_typed_boundaries_without_concise_changes ... ok
test widgets::primitives::support::common::tests::default_chrome_helper_keeps_focus_contract_but_disables_builtin_paint ... ok
test widgets::primitives::slider::tests::slider_typed_mapper_accepts_batches_and_direct_messages ... ok
test widgets::primitives::support::common::tests::fixed_constructor_sets_identity_and_fixed_sizing ... ok
test widgets::primitives::support::common::tests::focus_helpers_expose_pointer_hit_testing_intent ... ok
test widgets::primitives::support::common::tests::state_query_helpers_expose_shared_interaction_state ... ok
test widgets::primitives::text::tests::equal_immutable_text_inputs_have_equal_exact_revisions ... ok
test widgets::primitives::text::tests::logical_alignment_resolves_for_both_writing_directions ... ok
test widgets::primitives::text::tests::text_revision_partitions_geometry_paint_and_interaction_inputs ... ok
test widgets::primitives::text::tests::non_finite_text_geometry_uses_conservative_revision ... ok
test widgets::primitives::text::tests::text_semantic_revision_tracks_automation_label_without_resolving_output ... ok
test widgets::primitives::text_input::model::word_boundary::tests::word_boundaries_keep_combining_graphemes_together_in_scalar_offsets ... ok
test widgets::primitives::text_input::model::word_boundary::tests::word_range_at_rejects_separators_and_clamps_the_caret ... ok
test widgets::primitives::text_input::model::word_boundary::tests::word_boundaries_keep_zwj_and_non_bmp_words_and_separators_intact ... ok
test widgets::primitives::text_input::model::grapheme_boundary::tests::combining_and_non_bmp_clusters_have_indivisible_scalar_boundaries ... ok
test widgets::primitives::text_input::model::word_boundary::tests::word_range_at_selects_current_or_previous_word ... ok
test widgets::primitives::text_input::tests::composition::text_input_composition_allows_direct_commit_and_focus_loss_cancels ... ok
test widgets::primitives::text_input::tests::composition::hidden_composition_keeps_focus_but_zeroes_adornment_colors_until_visible_update ... ok
test widgets::primitives::text_input::tests::composition::text_input_composition_commit_honors_scalar_limit_and_single_line_sanitization ... ok
test widgets::primitives::text_input::tests::composition::text_input_composition_keeps_hidden_native_selection_absent ... ok
test widgets::primitives::text_input::tests::composition::text_input_composition_commits_empty_text_by_replacing_the_captured_range ... ok
test widgets::primitives::text_input::tests::composition::text_input_composition_preserves_compatible_reprojection_and_rejects_stale_start ... ok
test widgets::primitives::text_input::tests::composition::text_input_composition_replaces_preedit_and_commits_once ... ok
test widgets::primitives::text_input::tests::composition::text_input_composition_routes_nonmatching_keys_while_active ... ok
test widgets::primitives::text_input::tests::composition::text_input_composition_supports_empty_preedit_and_cancel_restores_selection ... ok
test widgets::primitives::text_input::tests::state::text_input_state_can_clear_or_delete_active_selection ... ok
test widgets::primitives::text_input::tests::state::text_input_state_applies_backend_neutral_editing_commands ... ok
test widgets::primitives::text_input::tests::state::text_input_state_deletes_by_word_boundaries ... ok
test widgets::primitives::text_input::tests::state::text_input_state_exposes_borrowed_selected_text_slice ... ok
test widgets::primitives::text_input::tests::state::text_input_state_exposes_selection_replacement_helpers ... ok
test widgets::primitives::text_input::tests::state::text_input_state_extends_selection_by_word_boundaries ... ok
test widgets::primitives::text_input::tests::state::text_input_state_home_end_and_collapse_follow_single_line_contract ... ok
test widgets::primitives::text_input::tests::state::text_input_state_honors_character_limit_after_selection_replacement ... ok
test widgets::primitives::text_input::tests::state::text_input_state_moves_and_extends_word_selection_over_combining_graphemes ... ok
test widgets::primitives::text_input::tests::state::text_input_state_moves_by_word_boundaries ... ok
test widgets::primitives::text_input::tests::state::text_input_state_selects_word_at_character_index ... ok
test widgets::primitives::text_input::tests::state::text_input_state_word_delete_removes_selection_first ... ok
test widgets::primitives::text_input::tests::state::text_input_state_word_deletion_canonicalizes_combining_carets ... ok
test widgets::primitives::text_input::tests::state::text_input_state_word_deletion_keeps_zwj_and_non_bmp_words_whole ... ok
test widgets::primitives::text_input::tests::widget::equal_or_older_text_input_revision_preserves_retained_editing_state ... ok
test widgets::primitives::text_input::tests::widget::native_pointer_affinity_resets_for_keyboard_input ... ok
test widgets::primitives::text_input::tests::widget::newer_equal_value_text_input_revision_applies_projected_selection ... ok
test widgets::primitives::text_input::tests::widget::newer_text_input_revision_applies_projected_value_and_selection ... ok
test widgets::primitives::text_input::tests::widget::text_input_double_click_selects_word_under_pointer ... ok
test widgets::primitives::text_input::tests::widget::text_input_pointer_drag_extends_selection_including_caret_character ... ok
test widgets::primitives::text_input::tests::widget::text_input_paint_carries_inline_completion_suffix ... ok
test widgets::primitives::text_input::tests::widget::text_input_editing_emits_changed_and_submitted_messages ... ok
test widgets::primitives::text_input::tests::widget::text_input_double_click_selects_complete_unicode_word_graphemes ... ok
test widgets::primitives::text_input::tests::widget::text_input_revision_mode_changes_are_explicit_reset_boundaries ... ok
test widgets::primitives::text_input::tests::widget::text_input_revision_requires_matching_identity_and_unrevisioned_inputs_keep_legacy_sync ... ok
test widgets::primitives::text_input::tests::widget::generic_pointer_caret_uses_resolved_alignment_and_environment_scale ... ok
test widgets::primitives::text_input::tests::widget::text_input_selection_range_clamps_stale_public_state ... ok
test widgets::primitives::text_input::tests::widget::underline_text_input_paints_baseline_without_box_chrome ... ok
test widgets::primitives::toggle::tests::pointer_capture_cancellation_clears_toggle_press_without_losing_focus ... ok
test widgets::primitives::text_input::tests::widget::text_input_selection_replaces_cuts_and_pastes_text ... ok
test widgets::primitives::toggle::tests::toggle_focus_loss_cancels_pointer_activation ... ok
test widgets::primitives::toggle::tests::toggle_keyboard_activation_flips_active_state ... ok
test widgets::primitives::toggle::tests::toggle_keyboard_activation_preserves_native_timestamp ... ok
test widgets::primitives::toggle::tests::toggle_pointer_release_preserves_native_provenance_and_flips_once ... ok
test widgets::primitives::toggle::tests::toggle_vetoes_disabled_unfocused_unsupported_and_non_primary_input ... ok
test widgets::primitives::toggle::tests::toggle_vetoes_out_of_bounds_and_unarmed_releases_but_rearms_on_reentry ... ok
test widgets::text_metrics::tests::scaled_metrics_cover_supported_scale_table_without_dpi_involvement ... ok
test widgets::text_metrics::tests::scaled_metrics_project_all_declared_dimensions_once ... ok
test widgets::text_metrics::tests::custom_widget_legacy_paint_stays_unscaled_and_opt_in_uses_same_resolver ... ok
test widgets::text_metrics::tests::unscaled_metrics_ignore_application_text_scale ... ok
test widgets::theme::tests::automation_state_uses_distinct_token_and_non_color_cue_precedence ... ok
test widgets::theme::tests::disabled_widgets_use_muted_foreground_and_disabled_fill ... ok
test widgets::theme::tests::accent_widgets_use_accent_color_when_active ... ok
test widgets::theme::tests::hover_and_press_states_change_control_chrome ... ok
test widgets::theme::tests::neutral_active_controls_use_selected_surface ... ok
test widgets::theme::tests::strong_warning_controls_keep_dark_text_on_warning_fill ... ok
test widgets::theme::tests::strong_interactive_semantic_states_meet_normal_text_contrast_in_all_palettes ... ok
test widgets::theme::tests::subtle_controls_use_recessed_fill_and_toned_controls_lift ... ok
test widgets::theme::tests::widget_style_named_prominence_constructors_match_explicit_styles ... ok
test runtime::virtual_layout::tests::coordinate_transform_adapter_contains_panic ... ok
test gui_runtime::native_vello::generic_runtime::tests::native_pointer::native_numeric_pointer_rejects_stale_shaped_source_after_reprojection ... ok
test gui_runtime::native_vello::generic_runtime::tests::native_pointer::native_numeric_pointer_uses_shaped_caret_and_keeps_numeric_as_owner ... ok
test runtime::controller::fresh_surface_preparation::tests::classifier_vetoes_truncated_and_insufficient_identity_capacity ... ok
test gui_runtime::native_vello::embedded::tests::offscreen_capture_does_not_retain_previous_scene_content ... ok
test gui_runtime::native_vello::embedded::tests::offscreen_capture_returns_rgba_at_logical_and_fractional_dpi_sizes ... ok
test gui_runtime::native_vello::embedded::tests::offscreen_capture_text_options_reach_rendering_without_changing_defaults ... ok
test runtime::controller::resource_interest::tests::aggregate_runtime_capacity_deduplicates_without_binding_or_leaking_rejected_brokers ... ok

test result: ok. 4275 passed; 0 failed; 8 ignored; 0 measured; 0 filtered out; finished in 30.42s

